<?xml version="1.0" encoding="utf-8" ?>
<COLLADA xmlns="http://www.collada.org/2005/11/COLLADASchema" version="1.4.1">
    <asset>
        <contributor>
            <author>Torque3D MIT User</author>
            <authoring_tool>Torque 3D MIT 3.9.0 Object Exporter</authoring_tool>
        </contributor>
        <created>8/19/2026 8:53:46 PM</created>
        <modified>8/19/2026 8:53:46 PM</modified>
        <unit name="meter" meter="1" />
        <up_axis>Z_UP</up_axis>
    </asset>
    <library_images>
        <image id="sky" name="sky">
            <init_from>file://sky</init_from>
        </image>
        <image id="sphere3" name="sphere3">
            <init_from>file://sphere3</init_from>
        </image>
    </library_images>
    <library_effects>
        <effect id="sky-effect" name="sky-effect">
            <profile_COMMON>
                <newparam sid="sky-surface">
                    <surface type="2D">
                        <init_from>sky</init_from>
                        <format>A8R8G8B8</format>
                    </surface>
                </newparam>
                <newparam sid="sky-sampler">
                    <sampler2D>
                        <source>sky-surface</source>
                    </sampler2D>
                </newparam>
                <technique sid="common">
                    <blinn>
                        <emission>
                            <color sid="emission">0.0 0.0 0.0 1.0</color>
                        </emission>
                        <ambient>
                            <color sid="ambient">0.0 0.0 0.0 1.0</color>
                        </ambient>
                        <diffuse>
                            <texture texture="sky-sampler" texcoord="UVMap">
                                <extra>
                                    <technique profile="MAYA">
                                        <wrapU sid="wrapU0">TRUE</wrapU>
                                        <wrapV sid="wrapV0">TRUE</wrapV>
                                        <blend_mode>ADD</blend_mode>
                                    </technique>
                                </extra>
                            </texture>
                        </diffuse>
                        <specular>
                            <color sid="specular">0.5 0.5 0.5 1.0</color>
                        </specular>
                        <shininess>
                            <float sid="shininess">1.0</float>
                        </shininess>
                        <reflective>
                            <color sid="reflective">0.0 0.0 0.0 1.0</color>
                        </reflective>
                        <reflectivity>
                            <float sid="reflectivity">0.5</float>
                        </reflectivity>
                        <transparent opaque="RGB_ZERO">
                            <color sid="transparent">0.0 0.0 0.0 1.0</color>
                        </transparent>
                        <transparency>
                            <float sid="transparency">0.0</float>
                        </transparency>
                        <index_of_refraction>
                            <float sid="index_of_refraction">1</float>
                        </index_of_refraction>
                    </blinn>
                </technique>
            </profile_COMMON>
        </effect>
        <effect id="sphere3-effect" name="sphere3-effect">
            <profile_COMMON>
                <newparam sid="sphere3-surface">
                    <surface type="2D">
                        <init_from>sphere3</init_from>
                        <format>A8R8G8B8</format>
                    </surface>
                </newparam>
                <newparam sid="sphere3-sampler">
                    <sampler2D>
                        <source>sphere3-surface</source>
                    </sampler2D>
                </newparam>
                <technique sid="common">
                    <blinn>
                        <emission>
                            <color sid="emission">0.0 0.0 0.0 1.0</color>
                        </emission>
                        <ambient>
                            <color sid="ambient">0.0 0.0 0.0 1.0</color>
                        </ambient>
                        <diffuse>
                            <texture texture="sphere3-sampler" texcoord="UVMap">
                                <extra>
                                    <technique profile="MAYA">
                                        <wrapU sid="wrapU0">TRUE</wrapU>
                                        <wrapV sid="wrapV0">TRUE</wrapV>
                                        <blend_mode>ADD</blend_mode>
                                    </technique>
                                </extra>
                            </texture>
                        </diffuse>
                        <specular>
                            <color sid="specular">0.5 0.5 0.5 1.0</color>
                        </specular>
                        <shininess>
                            <float sid="shininess">1.0</float>
                        </shininess>
                        <reflective>
                            <color sid="reflective">0.0 0.0 0.0 1.0</color>
                        </reflective>
                        <reflectivity>
                            <float sid="reflectivity">0.5</float>
                        </reflectivity>
                        <transparent opaque="RGB_ZERO">
                            <color sid="transparent">0.0 0.0 0.0 1.0</color>
                        </transparent>
                        <transparency>
                            <float sid="transparency">0.0</float>
                        </transparency>
                        <index_of_refraction>
                            <float sid="index_of_refraction">1</float>
                        </index_of_refraction>
                    </blinn>
                </technique>
            </profile_COMMON>
        </effect>
    </library_effects>
    <library_materials>
        <material id="sky-material" name="sky">
            <instance_effect url="#sky-effect" />
        </material>
        <material id="sphere3-material" name="sphere3">
            <instance_effect url="#sphere3-effect" />
        </material>
    </library_materials>
    <library_geometries>
        <geometry id="Track_Sky-mesh" name="Track_Sky">
            <mesh>
                <source id="Track_Sky-mesh-positions">
                    <float_array id="Track_Sky-mesh-positions-array" count="5349">-0.1149 -0.0000 0.8306 0.0000 -0.0000 0.8382 -0.1127 0.0224 0.8306 -0.1061 0.0440 0.8306 -0.0955 0.0638 0.8306 -0.0812 0.0812 0.8306 -0.0638 0.0955 0.8306 -0.0440 0.1061 0.8306 -0.0224 0.1127 0.8306 0.0000 0.1149 0.8306 0.0224 0.1127 0.8306 0.0440 0.1061 0.8306 0.0638 0.0955 0.8306 0.0812 0.0812 0.8306 0.0955 0.0638 0.8306 0.1061 0.0440 0.8306 0.1127 0.0224 0.8306 0.1149 -0.0000 0.8306 0.1127 -0.0224 0.8306 0.1061 -0.0440 0.8306 0.0955 -0.0638 0.8306 0.0812 -0.0812 0.8306 0.0638 -0.0955 0.8306 0.0440 -0.1061 0.8306 0.0224 -0.1127 0.8306 0.0000 -0.1149 0.8306 -0.0224 -0.1127 0.8306 -0.0440 -0.1061 0.8306 -0.0638 -0.0955 0.8306 -0.0812 -0.0812 0.8306 -0.0955 -0.0638 0.8306 -0.1061 -0.0440 0.8306 -0.1127 -0.0224 0.8306 -0.8631 0.1717 -0.0418 -0.8725 -0.0000 -0.4867 -0.8800 -0.0000 -0.0418 -0.8557 0.1702 -0.4867 -0.8061 0.3339 -0.4867 -0.8130 0.3368 -0.0418 -0.7317 0.4889 -0.0418 -0.7254 0.4847 -0.4867 -0.6169 0.6169 -0.4867 -0.6223 0.6223 -0.0418 -0.4889 0.7317 -0.0418 -0.4847 0.7254 -0.4867 -0.3339 0.8061 -0.4867 -0.3368 0.8130 -0.0418 -0.1717 0.8631 -0.0418 -0.1702 0.8557 -0.4867 0.0000 0.8725 -0.4867 0.0000 0.8800 -0.0418 0.1717 0.8631 -0.0418 0.1702 0.8557 -0.4867 0.3339 0.8061 -0.4867 0.3368 0.8130 -0.0418 0.4889 0.7317 -0.0418 0.4847 0.7254 -0.4867 0.6169 0.6169 -0.4867 0.6223 0.6223 -0.0418 0.7317 0.4889 -0.0418 0.7254 0.4847 -0.4867 0.8061 0.3339 -0.4867 0.8130 0.3368 -0.0418 0.8631 0.1717 -0.0418 0.8557 0.1702 -0.4867 0.8725 -0.0000 -0.4867 0.8800 -0.0000 -0.0418 0.8631 -0.1717 -0.0418 0.8557 -0.1702 -0.4867 0.8061 -0.3339 -0.4867 0.8130 -0.3368 -0.0418 0.7317 -0.4889 -0.0418 0.7254 -0.4847 -0.4867 0.6169 -0.6169 -0.4867 0.6223 -0.6223 -0.0418 0.4889 -0.7317 -0.0418 0.4847 -0.7254 -0.4867 0.3339 -0.8061 -0.4867 0.3368 -0.8130 -0.0418 0.1717 -0.8631 -0.0418 0.1702 -0.8557 -0.4867 0.0000 -0.8725 -0.4867 0.0000 -0.8800 -0.0418 -0.1717 -0.8631 -0.0418 -0.1702 -0.8557 -0.4867 -0.3339 -0.8061 -0.4867 -0.3368 -0.8130 -0.0418 -0.4889 -0.7317 -0.0418 -0.4847 -0.7254 -0.4867 -0.6169 -0.6169 -0.4867 -0.6223 -0.6223 -0.0418 -0.7317 -0.4889 -0.0418 -0.7254 -0.4847 -0.4867 -0.8061 -0.3339 -0.4867 -0.8130 -0.3368 -0.0418 -0.8631 -0.1717 -0.0418 -0.8557 -0.1702 -0.4867 -0.8725 -0.0000 0.0730 -0.8557 0.1702 0.0730 -0.8061 0.3339 0.0730 -0.7254 0.4847 0.0730 -0.6169 0.6169 0.0730 -0.4847 0.7254 0.0730 -0.3339 0.8061 0.0730 -0.1702 0.8557 0.0730 0.0000 0.8725 0.0730 0.1702 0.8557 0.0730 0.3339 0.8061 0.0730 0.4847 0.7254 0.0730 0.6169 0.6169 0.0730 0.7254 0.4847 0.0730 0.8061 0.3339 0.0730 0.8557 0.1702 0.0730 0.8725 -0.0000 0.0730 0.8557 -0.1702 0.0730 0.8061 -0.3339 0.0730 0.7254 -0.4847 0.0730 0.6169 -0.6169 0.0730 0.4847 -0.7254 0.0730 0.3339 -0.8061 0.0730 0.1702 -0.8557 0.0730 0.0000 -0.8725 0.0730 -0.1702 -0.8557 0.0730 -0.3339 -0.8061 0.0730 -0.4847 -0.7254 0.0730 -0.6169 -0.6169 0.0730 -0.7254 -0.4847 0.0730 -0.8061 -0.3339 0.0730 -0.8557 -0.1702 0.0730 -0.8337 0.1658 0.1859 -0.8500 -0.0000 0.1859 -0.7853 0.3253 0.1859 -0.7068 0.4722 0.1859 -0.6011 0.6011 0.1859 -0.4722 0.7068 0.1859 -0.3253 0.7853 0.1859 -0.1658 0.8337 0.1859 0.0000 0.8500 0.1859 0.1658 0.8337 0.1859 0.3253 0.7853 0.1859 0.4722 0.7068 0.1859 0.6011 0.6011 0.1859 0.7068 0.4722 0.1859 0.7853 0.3253 0.1859 0.8337 0.1658 0.1859 0.8500 -0.0000 0.1859 0.8337 -0.1658 0.1859 0.7853 -0.3253 0.1859 0.7068 -0.4722 0.1859 0.6011 -0.6011 0.1859 0.4722 -0.7068 0.1859 0.3253 -0.7853 0.1859 0.1658 -0.8337 0.1859 0.0000 -0.8500 0.1859 -0.1658 -0.8337 0.1859 -0.3253 -0.7853 0.1859 -0.4722 -0.7068 0.1859 -0.6011 -0.6011 0.1859 -0.7068 -0.4722 0.1859 -0.7853 -0.3253 0.1859 -0.8337 -0.1658 0.1859 -0.8130 -0.0000 0.2949 -0.7974 0.1586 0.2949 -0.7511 0.3111 0.2949 -0.6760 0.4517 0.2949 -0.5749 0.5749 0.2949 -0.4517 0.6760 0.2949 -0.3111 0.7511 0.2949 -0.1586 0.7974 0.2949 0.0000 0.8130 0.2949 0.1586 0.7974 0.2949 0.3111 0.7511 0.2949 0.4517 0.6760 0.2949 0.5749 0.5749 0.2949 0.6760 0.4517 0.2949 0.7511 0.3111 0.2949 0.7974 0.1586 0.2949 0.8130 -0.0000 0.2949 0.7974 -0.1586 0.2949 0.7511 -0.3111 0.2949 0.6760 -0.4517 0.2949 0.5749 -0.5749 0.2949 0.4517 -0.6760 0.2949 0.3111 -0.7511 0.2949 0.1586 -0.7974 0.2949 0.0000 -0.8130 0.2949 -0.1586 -0.7974 0.2949 -0.3111 -0.7511 0.2949 -0.4517 -0.6760 0.2949 -0.5749 -0.5749 0.2949 -0.6760 -0.4517 0.2949 -0.7511 -0.3111 0.2949 -0.7974 -0.1586 0.2949 -0.7475 0.1487 0.3982 -0.7621 -0.0000 0.3982 -0.7041 0.2916 0.3982 -0.6337 0.4234 0.3982 -0.5389 0.5389 0.3982 -0.4234 0.6337 0.3982 -0.2916 0.7041 0.3982 -0.1487 0.7475 0.3982 0.0000 0.7621 0.3982 0.1487 0.7475 0.3982 0.2916 0.7041 0.3982 0.4234 0.6337 0.3982 0.5389 0.5389 0.3982 0.6337 0.4234 0.3982 0.7041 0.2916 0.3982 0.7475 0.1487 0.3982 0.7621 -0.0000 0.3982 0.7475 -0.1487 0.3982 0.7041 -0.2916 0.3982 0.6337 -0.4234 0.3982 0.5389 -0.5389 0.3982 0.4234 -0.6337 0.3982 0.2916 -0.7041 0.3982 0.1487 -0.7475 0.3982 0.0000 -0.7621 0.3982 -0.1487 -0.7475 0.3982 -0.2916 -0.7041 0.3982 -0.4234 -0.6337 0.3982 -0.5389 -0.5389 0.3982 -0.6337 -0.4234 0.3982 -0.7041 -0.2916 0.3982 -0.7475 -0.1487 0.3982 -0.6982 -0.0000 0.4939 -0.6847 0.1362 0.4939 -0.6450 0.2672 0.4939 -0.5805 0.3879 0.4939 -0.4937 0.4937 0.4939 -0.3879 0.5805 0.4939 -0.2672 0.6450 0.4939 -0.1362 0.6847 0.4939 0.0000 0.6982 0.4939 0.1362 0.6847 0.4939 0.2672 0.6450 0.4939 0.3879 0.5805 0.4939 0.4937 0.4937 0.4939 0.5805 0.3879 0.4939 0.6450 0.2672 0.4939 0.6847 0.1362 0.4939 0.6982 -0.0000 0.4939 0.6847 -0.1362 0.4939 0.6450 -0.2672 0.4939 0.5805 -0.3879 0.4939 0.4937 -0.4937 0.4939 0.3879 -0.5805 0.4939 0.2672 -0.6450 0.4939 0.1362 -0.6847 0.4939 0.0000 -0.6982 0.4939 -0.1362 -0.6847 0.4939 -0.2672 -0.6450 0.4939 -0.3879 -0.5805 0.4939 -0.4937 -0.4937 0.4939 -0.5805 -0.3879 0.4939 -0.6450 -0.2672 0.4939 -0.6847 -0.1362 0.4939 -0.6103 0.1214 0.5804 -0.6223 -0.0000 0.5804 -0.5749 0.2381 0.5804 -0.5174 0.3457 0.5804 -0.4400 0.4400 0.5804 -0.3457 0.5174 0.5804 -0.2381 0.5749 0.5804 -0.1214 0.6103 0.5804 0.0000 0.6223 0.5804 0.1214 0.6103 0.5804 0.2381 0.5749 0.5804 0.3457 0.5174 0.5804 0.4400 0.4400 0.5804 0.5174 0.3457 0.5804 0.5749 0.2381 0.5804 0.6103 0.1214 0.5804 0.6223 -0.0000 0.5804 0.6103 -0.1214 0.5804 0.5749 -0.2381 0.5804 0.5174 -0.3457 0.5804 0.4400 -0.4400 0.5804 0.3457 -0.5174 0.5804 0.2381 -0.5749 0.5804 0.1214 -0.6103 0.5804 0.0000 -0.6223 0.5804 -0.1214 -0.6103 0.5804 -0.2381 -0.5749 0.5804 -0.3457 -0.5174 0.5804 -0.4400 -0.4400 0.5804 -0.5174 -0.3457 0.5804 -0.5749 -0.2381 0.5804 -0.6103 -0.1214 0.5804 -0.5357 -0.0000 0.6563 -0.5254 0.1045 0.6563 -0.4949 0.2050 0.6563 -0.4454 0.2976 0.6563 -0.3788 0.3788 0.6563 -0.2976 0.4454 0.6563 -0.2050 0.4949 0.6563 -0.1045 0.5254 0.6563 0.0000 0.5357 0.6563 0.1045 0.5254 0.6563 0.2050 0.4949 0.6563 0.2976 0.4454 0.6563 0.3788 0.3788 0.6563 0.4454 0.2976 0.6563 0.4949 0.2050 0.6563 0.5254 0.1045 0.6563 0.5357 -0.0000 0.6563 0.5254 -0.1045 0.6563 0.4949 -0.2050 0.6563 0.4454 -0.2976 0.6563 0.3788 -0.3788 0.6563 0.2976 -0.4454 0.6563 0.2050 -0.4949 0.6563 0.1045 -0.5254 0.6563 0.0000 -0.5357 0.6563 -0.1045 -0.5254 0.6563 -0.2050 -0.4949 0.6563 -0.2976 -0.4454 0.6563 -0.3788 -0.3788 0.6563 -0.4454 -0.2976 0.6563 -0.4949 -0.2050 0.6563 -0.5254 -0.1045 0.6563 -0.4315 0.0858 0.7203 -0.4400 -0.0000 0.7203 -0.4065 0.1684 0.7203 -0.3658 0.2445 0.7203 -0.3111 0.3111 0.7203 -0.2445 0.3658 0.7203 -0.1684 0.4065 0.7203 -0.0858 0.4315 0.7203 0.0000 0.4400 0.7203 0.0858 0.4315 0.7203 0.1684 0.4065 0.7203 0.2445 0.3658 0.7203 0.3111 0.3111 0.7203 0.3658 0.2445 0.7203 0.4065 0.1684 0.7203 0.4315 0.0858 0.7203 0.4400 -0.0000 0.7203 0.4315 -0.0858 0.7203 0.4065 -0.1684 0.7203 0.3658 -0.2445 0.7203 0.3111 -0.3111 0.7203 0.2445 -0.3658 0.7203 0.1684 -0.4065 0.7203 0.0858 -0.4315 0.7203 0.0000 -0.4400 0.7203 -0.0858 -0.4315 0.7203 -0.1684 -0.4065 0.7203 -0.2445 -0.3658 0.7203 -0.3111 -0.3111 0.7203 -0.3658 -0.2445 0.7203 -0.4065 -0.1684 0.7203 -0.4315 -0.0858 0.7203 -0.3368 -0.0000 0.7712 -0.3303 0.0657 0.7712 -0.3111 0.1289 0.7712 -0.2800 0.1871 0.7712 -0.2381 0.2381 0.7712 -0.1871 0.2800 0.7712 -0.1289 0.3111 0.7712 -0.0657 0.3303 0.7712 0.0000 0.3368 0.7712 0.0657 0.3303 0.7712 0.1289 0.3111 0.7712 0.1871 0.2800 0.7712 0.2381 0.2381 0.7712 0.2800 0.1871 0.7712 0.3111 0.1289 0.7712 0.3303 0.0657 0.7712 0.3368 -0.0000 0.7712 0.3303 -0.0657 0.7712 0.3111 -0.1289 0.7712 0.2800 -0.1871 0.7712 0.2381 -0.2381 0.7712 0.1871 -0.2800 0.7712 0.1289 -0.3111 0.7712 0.0657 -0.3303 0.7712 0.0000 -0.3368 0.7712 -0.0657 -0.3303 0.7712 -0.1289 -0.3111 0.7712 -0.1871 -0.2800 0.7712 -0.2381 -0.2381 0.7712 -0.2800 -0.1871 0.7712 -0.3111 -0.1289 0.7712 -0.3303 -0.0657 0.7712 -0.2234 0.0444 0.8082 -0.2278 -0.0000 0.8082 -0.2104 0.0872 0.8082 -0.1894 0.1265 0.8082 -0.1611 0.1611 0.8082 -0.1265 0.1894 0.8082 -0.0872 0.2104 0.8082 -0.0444 0.2234 0.8082 0.0000 0.2278 0.8082 0.0444 0.2234 0.8082 0.0872 0.2104 0.8082 0.1265 0.1894 0.8082 0.1611 0.1611 0.8082 0.1894 0.1265 0.8082 0.2104 0.0872 0.8082 0.2234 0.0444 0.8082 0.2278 -0.0000 0.8082 0.2234 -0.0444 0.8082 0.2104 -0.0872 0.8082 0.1894 -0.1265 0.8082 0.1611 -0.1611 0.8082 0.1265 -0.1894 0.8082 0.0872 -0.2104 0.8082 0.0444 -0.2234 0.8082 0.0000 -0.2278 0.8082 -0.0444 -0.2234 0.8082 -0.0872 -0.2104 0.8082 -0.1265 -0.1894 0.8082 -0.1611 -0.1611 0.8082 -0.1894 -0.1265 0.8082 -0.2104 -0.0872 0.8082 -0.2234 -0.0444 0.8082 0.3387 -0.2284 -0.7282 0.2784 -0.2779 -0.7369 0.3323 -0.2210 -0.7337 -0.2218 0.3322 0.6528 -0.2784 0.2779 0.6563 -0.2155 0.3248 0.6583 0.3438 -0.2368 -0.7228 -0.2104 0.3164 0.6637 0.3475 -0.2460 -0.7177 -0.2067 0.3072 0.6688 0.3498 -0.2558 -0.7128 -0.2044 0.2974 0.6737 0.3506 -0.2660 -0.7084 -0.2036 0.2871 0.6781 0.3499 -0.2765 -0.7045 -0.2042 0.2767 0.6820 0.3477 -0.2870 -0.7012 -0.2064 0.2662 0.6853 0.3441 -0.2972 -0.6985 -0.2100 0.2560 0.6880 0.3392 -0.3070 -0.6966 -0.2150 0.2461 0.6899 0.3329 -0.3163 -0.6954 -0.2212 0.2369 0.6911 0.3256 -0.3247 -0.6950 -0.2286 0.2285 0.6915 0.3172 -0.3321 -0.6954 -0.2370 0.2211 0.6911 0.3080 -0.3384 -0.6965 -0.2461 0.2148 0.6899 0.2982 -0.3434 -0.6985 -0.2559 0.2097 0.6880 0.2880 -0.3471 -0.7011 -0.2662 0.2061 0.6854 0.2775 -0.3494 -0.7044 -0.2766 0.2038 0.6821 0.2671 -0.3501 -0.7082 -0.2871 0.2031 0.6782 0.2568 -0.3494 -0.7126 -0.2974 0.2038 0.6739 0.2469 -0.3472 -0.7175 -0.3072 0.2060 0.6690 0.2377 -0.3435 -0.7226 -0.3164 0.2097 0.6639 0.2293 -0.3385 -0.7280 -0.3249 0.2147 0.6585 0.2218 -0.3322 -0.7335 -0.3323 0.2210 0.6530 0.2155 -0.3248 -0.7390 -0.3387 0.2284 0.6475 0.2104 -0.3164 -0.7443 -0.3438 0.2368 0.6422 0.2067 -0.3072 -0.7495 -0.3475 0.2460 0.6370 0.2044 -0.2974 -0.7543 -0.3498 0.2558 0.6322 0.2036 -0.2871 -0.7587 -0.3506 0.2660 0.6277 0.2042 -0.2767 -0.7626 -0.3499 0.2765 0.6238 0.2064 -0.2662 -0.7660 -0.3477 0.2870 0.6205 0.2100 -0.2560 -0.7686 -0.3441 0.2972 0.6179 0.2150 -0.2461 -0.7705 -0.3392 0.3070 0.6160 0.2212 -0.2369 -0.7717 -0.3329 0.3163 0.6148 0.2286 -0.2285 -0.7721 -0.3256 0.3247 0.6144 0.2370 -0.2211 -0.7718 -0.3172 0.3321 0.6147 0.2461 -0.2148 -0.7706 -0.3080 0.3384 0.6159 0.2559 -0.2097 -0.7687 -0.2982 0.3434 0.6178 0.2662 -0.2061 -0.7661 -0.2880 0.3471 0.6204 0.2766 -0.2038 -0.7628 -0.2775 0.3494 0.6237 0.2871 -0.2031 -0.7589 -0.2671 0.3501 0.6276 0.2974 -0.2038 -0.7545 -0.2568 0.3494 0.6320 0.3072 -0.2060 -0.7497 -0.2469 0.3472 0.6368 0.3164 -0.2097 -0.7445 -0.2377 0.3435 0.6420 0.3249 -0.2147 -0.7392 -0.2293 0.3385 0.6473 0.3957 -0.1766 -0.7128 0.3831 -0.1619 -0.7238 0.4058 -0.1933 -0.7021 0.4132 -0.2116 -0.6919 0.4178 -0.2312 -0.6822 0.4194 -0.2516 -0.6734 0.4180 -0.2724 -0.6657 0.4137 -0.2932 -0.6591 0.4065 -0.3136 -0.6538 0.3966 -0.3332 -0.6500 0.3842 -0.3516 -0.6476 0.3695 -0.3683 -0.6468 0.3529 -0.3831 -0.6475 0.3347 -0.3956 -0.6498 0.3151 -0.4056 -0.6536 0.2948 -0.4130 -0.6589 0.2740 -0.4174 -0.6654 0.2531 -0.4189 -0.6731 0.2327 -0.4175 -0.6819 0.2131 -0.4131 -0.6915 0.1947 -0.4058 -0.7017 0.1779 -0.3958 -0.7124 0.1631 -0.3833 -0.7233 0.1505 -0.3686 -0.7343 0.1403 -0.3519 -0.7450 0.1329 -0.3335 -0.7552 0.1284 -0.3140 -0.7649 0.1268 -0.2936 -0.7736 0.1281 -0.2728 -0.7814 0.1324 -0.2519 -0.7880 0.1396 -0.2315 -0.7933 0.1495 -0.2119 -0.7971 0.1619 -0.1936 -0.7995 0.1766 -0.1769 -0.8003 0.1932 -0.1621 -0.7995 0.2115 -0.1496 -0.7972 0.2310 -0.1395 -0.7934 0.2514 -0.1322 -0.7882 0.2722 -0.1277 -0.7817 0.2930 -0.1262 -0.7740 0.3134 -0.1277 -0.7652 0.3330 -0.1321 -0.7556 0.3514 -0.1394 -0.7454 0.3682 -0.1494 -0.7347 0.4301 -0.1012 -0.7072 0.4489 -0.1231 -0.6910 0.4639 -0.1480 -0.6751 0.4749 -0.1752 -0.6598 0.4817 -0.2043 -0.6455 0.4841 -0.2347 -0.6324 0.4821 -0.2657 -0.6208 0.4757 -0.2967 -0.6110 0.4650 -0.3270 -0.6032 0.4503 -0.3562 -0.5974 0.4318 -0.3835 -0.5939 0.4100 -0.4084 -0.5927 0.3852 -0.4304 -0.5939 0.3581 -0.4490 -0.5973 0.3290 -0.4639 -0.6029 0.2987 -0.4748 -0.6107 0.2677 -0.4815 -0.6204 0.2367 -0.4837 -0.6319 0.2064 -0.4815 -0.6449 0.1772 -0.4750 -0.6592 0.1498 -0.4642 -0.6745 0.1249 -0.4493 -0.6904 0.1028 -0.4307 -0.7066 0.0840 -0.4088 -0.7229 0.0689 -0.3839 -0.7388 0.0579 -0.3567 -0.7541 0.0511 -0.3276 -0.7684 0.0487 -0.2972 -0.7815 0.0507 -0.2662 -0.7930 0.0572 -0.2352 -0.8028 0.0678 -0.2049 -0.8107 0.0826 -0.1757 -0.8164 0.1010 -0.1484 -0.8199 0.1229 -0.1235 -0.8211 0.1476 -0.1016 -0.8200 0.1748 -0.0829 -0.8166 0.2038 -0.0680 -0.8109 0.2341 -0.0571 -0.8032 0.2651 -0.0504 -0.7934 0.2961 -0.0482 -0.7820 0.3265 -0.0504 -0.7689 0.3557 -0.0569 -0.7547 0.3830 -0.0678 -0.7394 0.4080 -0.0826 -0.7235 0.4977 -0.0685 -0.6629 0.4730 -0.0396 -0.6843 0.5176 -0.1013 -0.6419 0.5321 -0.1372 -0.6217 0.5411 -0.1755 -0.6029 0.5442 -0.2156 -0.5856 0.5416 -0.2564 -0.5704 0.5331 -0.2973 -0.5575 0.5190 -0.3373 -0.5471 0.4996 -0.3757 -0.5396 0.4753 -0.4117 -0.5349 0.4465 -0.4445 -0.5334 0.4139 -0.4735 -0.5348 0.3780 -0.4981 -0.5393 0.3397 -0.5178 -0.5468 0.2998 -0.5321 -0.5570 0.2590 -0.5409 -0.5699 0.2181 -0.5438 -0.5850 0.1780 -0.5410 -0.6022 0.1396 -0.5323 -0.6210 0.1035 -0.5180 -0.6411 0.0706 -0.4985 -0.6621 0.0415 -0.4740 -0.6835 0.0167 -0.4450 -0.7049 -0.0031 -0.4123 -0.7259 -0.0177 -0.3763 -0.7461 -0.0266 -0.3380 -0.7649 -0.0298 -0.2980 -0.7822 -0.0271 -0.2571 -0.7974 -0.0186 -0.2163 -0.8103 -0.0046 -0.1762 -0.8207 0.0148 -0.1378 -0.8282 0.0392 -0.1019 -0.8329 0.0680 -0.0690 -0.8344 0.1006 -0.0400 -0.8330 0.1364 -0.0154 -0.8285 0.1747 0.0042 -0.8210 0.2147 0.0186 -0.8108 0.2555 0.0273 -0.7979 0.2963 0.0303 -0.7828 0.3364 0.0274 -0.7656 0.3749 0.0188 -0.7468 0.4109 0.0045 -0.7267 0.4439 -0.0151 -0.7057 0.5113 0.0224 -0.6552 0.5418 -0.0132 -0.6288 0.5662 -0.0536 -0.6029 0.5842 -0.0978 -0.5781 0.5952 -0.1451 -0.5548 0.5991 -0.1943 -0.5336 0.5958 -0.2447 -0.5149 0.5854 -0.2950 -0.4989 0.5680 -0.3443 -0.4862 0.5441 -0.3916 -0.4769 0.5141 -0.4359 -0.4712 0.4787 -0.4764 -0.4692 0.4385 -0.5121 -0.4710 0.3944 -0.5424 -0.4766 0.3472 -0.5666 -0.4858 0.2980 -0.5843 -0.4984 0.2477 -0.5951 -0.5142 0.1973 -0.5987 -0.5328 0.1480 -0.5952 -0.5540 0.1006 -0.5845 -0.5772 0.0562 -0.5670 -0.6019 0.0156 -0.5428 -0.6278 -0.0202 -0.5126 -0.6542 -0.0507 -0.4770 -0.6806 -0.0752 -0.4367 -0.7064 -0.0931 -0.3924 -0.7312 -0.1041 -0.3451 -0.7545 -0.1080 -0.2959 -0.7757 -0.1047 -0.2455 -0.7945 -0.0943 -0.1952 -0.8104 -0.0769 -0.1459 -0.8231 -0.0530 -0.0986 -0.8325 -0.0230 -0.0543 -0.8382 0.0124 -0.0139 -0.8401 0.0526 0.0219 -0.8383 0.0967 0.0522 -0.8327 0.1439 0.0764 -0.8236 0.1931 0.0941 -0.8110 0.2434 0.1049 -0.7952 0.2937 0.1085 -0.7765 0.3431 0.1050 -0.7554 0.3905 0.0943 -0.7322 0.4349 0.0768 -0.7074 0.4754 0.0526 -0.6816 0.5807 0.0422 -0.5890 0.5447 0.0842 -0.6201 0.6095 -0.0053 -0.5585 0.6306 -0.0575 -0.5293 0.6436 -0.1132 -0.5019 0.6482 -0.1713 -0.4769 0.6443 -0.2306 -0.4547 0.6320 -0.2899 -0.4360 0.6116 -0.3480 -0.4210 0.5834 -0.4038 -0.4100 0.5480 -0.4560 -0.4033 0.5063 -0.5036 -0.4010 0.4589 -0.5457 -0.4031 0.4069 -0.5814 -0.4097 0.3513 -0.6100 -0.4205 0.2933 -0.6308 -0.4353 0.2340 -0.6435 -0.4540 0.1747 -0.6479 -0.4759 0.1165 -0.6437 -0.5009 0.0607 -0.6311 -0.5282 0.0083 -0.6104 -0.5574 -0.0395 -0.5820 -0.5878 -0.0817 -0.5464 -0.6189 -0.1177 -0.5044 -0.6500 -0.1465 -0.4568 -0.6805 -0.1676 -0.4047 -0.7098 -0.1806 -0.3490 -0.7372 -0.1852 -0.2909 -0.7622 -0.1813 -0.2316 -0.7843 -0.1690 -0.1723 -0.8031 -0.1486 -0.1142 -0.8181 -0.1204 -0.0584 -0.8291 -0.0851 -0.0062 -0.8358 -0.0433 0.0415 -0.8381 0.0041 0.0836 -0.8359 0.0561 0.1193 -0.8294 0.1117 0.1478 -0.8186 0.1697 0.1687 -0.8037 0.2290 0.1814 -0.7851 0.2883 0.1857 -0.7631 0.3465 0.1815 -0.7382 0.4023 0.1690 -0.7109 0.4546 0.1482 -0.6817 0.5024 0.1198 -0.6512 0.5729 0.1452 -0.5795 0.6139 0.0973 -0.5440 0.6468 0.0430 -0.5092 0.6709 -0.0166 -0.4758 0.6857 -0.0802 -0.4445 0.6910 -0.1465 -0.4159 0.6866 -0.2143 -0.3906 0.6725 -0.2820 -0.3692 0.6492 -0.3484 -0.3521 0.6170 -0.4120 -0.3395 0.5767 -0.4716 -0.3319 0.5290 -0.5260 -0.3292 0.4749 -0.5741 -0.3317 0.4155 -0.6149 -0.3392 0.3520 -0.6475 -0.3515 0.2858 -0.6713 -0.3685 0.2181 -0.6858 -0.3897 0.1504 -0.6907 -0.4149 0.0839 -0.6860 -0.4433 0.0202 -0.6716 -0.4745 -0.0396 -0.6480 -0.5078 -0.0942 -0.6155 -0.5426 -0.1425 -0.5749 -0.5781 -0.1835 -0.5269 -0.6136 -0.2164 -0.4726 -0.6485 -0.2405 -0.4131 -0.6819 -0.2553 -0.3495 -0.7132 -0.2606 -0.2831 -0.7417 -0.2561 -0.2154 -0.7670 -0.2421 -0.1477 -0.7884 -0.2188 -0.0813 -0.8055 -0.1866 -0.0177 -0.8181 -0.1462 0.0420 -0.8257 -0.0985 0.0964 -0.8284 -0.0444 0.1445 -0.8259 0.0149 0.1852 -0.8185 0.0784 0.2178 -0.8061 0.1447 0.2416 -0.7891 0.2123 0.2561 -0.7679 0.2801 0.2611 -0.7428 0.3465 0.2563 -0.7143 0.4102 0.2420 -0.6831 0.4700 0.2183 -0.6498 0.5246 0.1858 -0.6150 0.6413 0.1513 -0.4941 0.5956 0.2048 -0.5337 0.6779 0.0908 -0.4553 0.7048 0.0244 -0.4180 0.7213 -0.0464 -0.3832 0.7272 -0.1204 -0.3513 0.7222 -0.1959 -0.3232 0.7066 -0.2714 -0.2993 0.6806 -0.3453 -0.2802 0.6447 -0.4163 -0.2662 0.5998 -0.4828 -0.2577 0.5466 -0.5434 -0.2547 0.4863 -0.5970 -0.2575 0.4201 -0.6424 -0.2658 0.3494 -0.6788 -0.2795 0.2755 -0.7053 -0.2985 0.2001 -0.7215 -0.3222 0.1246 -0.7270 -0.3502 0.0505 -0.7217 -0.3819 -0.0205 -0.7057 -0.4166 -0.0871 -0.6793 -0.4538 -0.1480 -0.6431 -0.4925 -0.2018 -0.5978 -0.5321 -0.2475 -0.5444 -0.5717 -0.2842 -0.4839 -0.6105 -0.3111 -0.4175 -0.6478 -0.3276 -0.3466 -0.6826 -0.3334 -0.2727 -0.7145 -0.3285 -0.1972 -0.7426 -0.3129 -0.1217 -0.7665 -0.2869 -0.0477 -0.7856 -0.2510 0.0232 -0.7996 -0.2060 0.0897 -0.8081 -0.1528 0.1504 -0.8111 -0.0925 0.2039 -0.8083 -0.0264 0.2494 -0.8000 0.0444 0.2857 -0.7862 0.1182 0.3123 -0.7673 0.1937 0.3284 -0.7436 0.2692 0.3339 -0.7156 0.3432 0.3286 -0.6839 0.4142 0.3126 -0.6491 0.4809 0.2863 -0.6120 0.5417 0.2501 -0.5732 0.6125 0.2624 -0.4831 0.6624 0.2040 -0.4398 0.7025 0.1378 -0.3974 0.7319 0.0652 -0.3567 0.7500 -0.0123 -0.3185 0.7564 -0.0931 -0.2837 0.7510 -0.1756 -0.2530 0.7339 -0.2581 -0.2269 0.7054 -0.3390 -0.2060 0.6662 -0.4166 -0.1907 0.6171 -0.4892 -0.1814 0.5589 -0.5555 -0.1781 0.4930 -0.6141 -0.1811 0.4207 -0.6638 -0.1902 0.3433 -0.7035 -0.2053 0.2626 -0.7325 -0.2260 0.1801 -0.7502 -0.2519 0.0976 -0.7562 -0.2825 0.0167 -0.7504 -0.3171 -0.0610 -0.7329 -0.3552 -0.1339 -0.7041 -0.3958 -0.2004 -0.6645 -0.4381 -0.2592 -0.6150 -0.4814 -0.3092 -0.5566 -0.5247 -0.3493 -0.4904 -0.5671 -0.3786 -0.4179 -0.6078 -0.3967 -0.3404 -0.6459 -0.4031 -0.2595 -0.6807 -0.3977 -0.1770 -0.7115 -0.3806 -0.0945 -0.7376 -0.3522 -0.0136 -0.7585 -0.3130 0.0639 -0.7738 -0.2638 0.1366 -0.7831 -0.2057 0.2029 -0.7863 -0.1398 0.2615 -0.7834 -0.0674 0.3111 -0.7743 0.0099 0.3509 -0.7592 0.0906 0.3799 -0.7385 0.1731 0.3976 -0.7126 0.2557 0.4036 -0.6820 0.3366 0.3978 -0.6474 0.4143 0.3803 -0.6093 0.4871 0.3515 -0.5687 0.5536 0.3119 -0.5264 0.6772 0.2546 -0.3817 0.6235 0.3175 -0.4282 0.7203 0.1835 -0.3360 0.7519 0.1054 -0.2923 0.7714 0.0221 -0.2513 0.7783 -0.0649 -0.2138 0.7725 -0.1536 -0.1807 0.7541 -0.2424 -0.1527 0.7235 -0.3294 -0.1302 0.6813 -0.4128 -0.1137 0.6284 -0.4910 -0.1037 0.5659 -0.5623 -0.1002 0.4950 -0.6253 -0.1034 0.4172 -0.6787 -0.1132 0.3340 -0.7215 -0.1294 0.2472 -0.7527 -0.1517 0.1585 -0.7717 -0.1795 0.0697 -0.7782 -0.2125 -0.0174 -0.7719 -0.2497 -0.1009 -0.7531 -0.2906 -0.1793 -0.7221 -0.3343 -0.2508 -0.6795 -0.3799 -0.3141 -0.6263 -0.4264 -0.3679 -0.5635 -0.4730 -0.4110 -0.4923 -0.5186 -0.4426 -0.4142 -0.5624 -0.4620 -0.3309 -0.6034 -0.4689 -0.2439 -0.6409 -0.4631 -0.1552 -0.6739 -0.4447 -0.0664 -0.7020 -0.4141 0.0206 -0.7245 -0.3720 0.1040 -0.7409 -0.3191 0.1822 -0.7510 -0.2565 0.2535 -0.7544 -0.1856 0.3165 -0.7512 -0.1078 0.3699 -0.7414 -0.0246 0.4127 -0.7252 0.0622 0.4439 -0.7030 0.1509 0.4629 -0.6751 0.2397 0.4693 -0.6422 0.3267 0.4631 -0.6049 0.4103 0.4443 -0.5640 0.4886 0.4133 -0.5204 0.5602 0.3707 -0.4748 0.6285 0.3695 -0.3697 0.6855 0.3029 -0.3203 0.7312 0.2274 -0.2719 0.7647 0.1446 -0.2254 0.7854 0.0562 -0.1819 0.7927 -0.0361 -0.1422 0.7865 -0.1302 -0.1071 0.7670 -0.2244 -0.0774 0.7346 -0.3166 -0.0535 0.6898 -0.4051 -0.0361 0.6337 -0.4880 -0.0254 0.5674 -0.5637 -0.0218 0.4922 -0.6305 -0.0252 0.4097 -0.6871 -0.0355 0.3214 -0.7325 -0.0527 0.2293 -0.7656 -0.0763 0.1353 -0.7858 -0.1059 0.0411 -0.7926 -0.1408 -0.0513 -0.7860 -0.1803 -0.1399 -0.7660 -0.2237 -0.2230 -0.7332 -0.2700 -0.2989 -0.6880 -0.3184 -0.3660 -0.6315 -0.3677 -0.4230 -0.5649 -0.4171 -0.4687 -0.4894 -0.4655 -0.5023 -0.4066 -0.5120 -0.5229 -0.3182 -0.5555 -0.5302 -0.2260 -0.5952 -0.5240 -0.1318 -0.6303 -0.5045 -0.0377 -0.6600 -0.4721 0.0546 -0.6839 -0.4273 0.1431 -0.7013 -0.3713 0.2260 -0.7120 -0.3049 0.3016 -0.7156 -0.2297 0.3685 -0.7122 -0.1472 0.4251 -0.7019 -0.0589 0.4705 -0.6847 0.0331 0.5036 -0.6611 0.1272 0.5237 -0.6315 0.2214 0.5306 -0.5966 0.3137 0.5240 -0.5571 0.4024 0.5040 -0.5137 0.4855 0.4711 -0.4674 0.5614 0.4260 -0.4190 0.6872 0.3482 -0.2562 0.6274 0.4180 -0.3079 0.7351 0.2691 -0.2055 0.7702 0.1823 -0.1568 0.7918 0.0897 -0.1113 0.7994 -0.0069 -0.0697 0.7930 -0.1055 -0.0329 0.7726 -0.2041 -0.0017 0.7386 -0.3008 0.0233 0.6917 -0.3935 0.0415 0.6329 -0.4803 0.0527 0.5635 -0.5596 0.0565 0.4847 -0.6296 0.0530 0.3982 -0.6889 0.0421 0.3058 -0.7364 0.0241 0.2093 -0.7711 -0.0006 0.1107 -0.7923 -0.0316 0.0121 -0.7994 -0.0681 -0.0846 -0.7925 -0.1096 -0.1775 -0.7716 -0.1550 -0.2645 -0.7372 -0.2035 -0.3440 -0.6899 -0.2542 -0.4144 -0.6307 -0.3059 -0.4741 -0.5609 -0.3576 -0.5220 -0.4818 -0.4083 -0.5571 -0.3950 -0.4570 -0.5787 -0.3024 -0.5026 -0.5863 -0.2058 -0.5442 -0.5799 -0.1072 -0.5809 -0.5595 -0.0086 -0.6121 -0.5255 0.0881 -0.6371 -0.4786 0.1808 -0.6553 -0.4199 0.2676 -0.6665 -0.3504 0.3469 -0.6703 -0.2716 0.4169 -0.6668 -0.1851 0.4762 -0.6559 -0.0927 0.5237 -0.6379 0.0038 0.5584 -0.6132 0.1023 0.5795 -0.5822 0.2010 0.5867 -0.5457 0.2977 0.5798 -0.5042 0.3906 0.5589 -0.4588 0.4776 0.5244 -0.4103 0.5571 0.4772 -0.3596 0.6204 0.4624 -0.2436 0.6822 0.3901 -0.1900 0.7318 0.3082 -0.1375 0.7682 0.2183 -0.0871 0.7906 0.1224 -0.0399 0.7985 0.0224 0.0032 0.7918 -0.0798 0.0413 0.7707 -0.1820 0.0736 0.7355 -0.2821 0.0995 0.6869 -0.3781 0.1184 0.6261 -0.4680 0.1299 0.5541 -0.5501 0.1339 0.4725 -0.6226 0.1302 0.3829 -0.6841 0.1190 0.2872 -0.7333 0.1003 0.1873 -0.7692 0.0747 0.0852 -0.7911 0.0426 -0.0170 -0.7986 0.0048 -0.1172 -0.7914 -0.0381 -0.2134 -0.7697 -0.0852 -0.3035 -0.7340 -0.1355 -0.3859 -0.6851 -0.1879 -0.4587 -0.6238 -0.2415 -0.5206 -0.5514 -0.2951 -0.5702 -0.4695 -0.3476 -0.6066 -0.3797 -0.3980 -0.6289 -0.2838 -0.4452 -0.6369 -0.1837 -0.4883 -0.6302 -0.0816 -0.5264 -0.6090 0.0206 -0.5587 -0.5738 0.1207 -0.5845 -0.5253 0.2167 -0.6034 -0.4644 0.3067 -0.6150 -0.3925 0.3888 -0.6190 -0.3108 0.4613 -0.6153 -0.2213 0.5228 -0.6040 -0.1255 0.5720 -0.5854 -0.0256 0.6079 -0.5598 0.0765 0.6298 -0.5277 0.1787 0.6372 -0.4898 0.2788 0.6300 -0.4469 0.3750 0.6084 -0.3999 0.4652 0.5727 -0.3496 0.5475 0.5237 -0.2971 0.6707 0.4283 -0.1224 0.6073 0.5024 -0.1773 0.7216 0.3443 -0.0685 0.7588 0.2522 -0.0169 0.7818 0.1539 0.0315 0.7899 0.0514 0.0756 0.7830 -0.0533 0.1147 0.7613 -0.1580 0.1478 0.7253 -0.2606 0.1743 0.6755 -0.3590 0.1937 0.6131 -0.4512 0.2055 0.5394 -0.5354 0.2096 0.4557 -0.6097 0.2058 0.3639 -0.6727 0.1943 0.2658 -0.7231 0.1752 0.1634 -0.7599 0.1489 0.0588 -0.7824 0.1161 -0.0460 -0.7900 0.0772 -0.1486 -0.7826 0.0333 -0.2472 -0.7604 -0.0150 -0.3396 -0.7239 -0.0665 -0.4240 -0.6737 -0.1203 -0.4987 -0.6109 -0.1752 -0.5621 -0.5367 -0.2301 -0.6129 -0.4528 -0.2839 -0.6502 -0.3607 -0.3355 -0.6731 -0.2624 -0.3839 -0.6813 -0.1598 -0.4281 -0.6744 -0.0551 -0.4671 -0.6527 0.0496 -0.5002 -0.6166 0.1522 -0.5267 -0.5669 0.2506 -0.5461 -0.5045 0.3428 -0.5580 -0.4307 0.4269 -0.5621 -0.3471 0.5012 -0.5583 -0.2553 0.5643 -0.5467 -0.1572 0.6147 -0.5276 -0.0548 0.6515 -0.5014 0.0499 0.6739 -0.4685 0.1546 0.6815 -0.4297 0.2573 0.6742 -0.3857 0.3558 0.6520 -0.3375 0.4482 0.6154 -0.2859 0.5326 0.5652 -0.2322 0.5884 0.5376 -0.1097 0.6527 0.4623 -0.0540 0.7043 0.3772 0.0007 0.7422 0.2837 0.0530 0.7654 0.1840 0.1021 0.7737 0.0799 0.1470 0.7667 -0.0263 0.1866 0.7447 -0.1326 0.2202 0.7081 -0.2367 0.2471 0.6576 -0.3365 0.2667 0.5943 -0.4301 0.2788 0.5195 -0.5154 0.2829 0.4346 -0.5909 0.2791 0.3415 -0.6548 0.2673 0.2419 -0.7060 0.2480 0.1380 -0.7433 0.2213 0.0318 -0.7661 0.1880 -0.0745 -0.7738 0.1486 -0.1786 -0.7663 0.1040 -0.2787 -0.7438 0.0550 -0.3724 -0.7067 0.0027 -0.4581 -0.6558 -0.0518 -0.5338 -0.5921 -0.1075 -0.5982 -0.5168 -0.1633 -0.6498 -0.4316 -0.2179 -0.6876 -0.3382 -0.2703 -0.7108 -0.2385 -0.3194 -0.7191 -0.1344 -0.3642 -0.7121 -0.0282 -0.4038 -0.6901 0.0781 -0.4374 -0.6535 0.1822 -0.4643 -0.6030 0.2821 -0.4839 -0.5397 0.3756 -0.4960 -0.4649 0.4610 -0.5001 -0.3800 0.5364 -0.4963 -0.2869 0.6003 -0.4845 -0.1873 0.6515 -0.4652 -0.0834 0.6888 -0.4385 0.0228 0.7116 -0.4052 0.1290 0.7193 -0.3658 0.2332 0.7119 -0.3212 0.3332 0.6893 -0.2722 0.4270 0.6522 -0.2199 0.5126 0.6013 -0.1654 0.6285 0.4920 0.0146 0.5638 0.5675 -0.0414 0.6803 0.4063 0.0695 0.7183 0.3125 0.1221 0.7417 0.2122 0.1714 0.7500 0.1077 0.2165 0.7430 0.0009 0.2563 0.7209 -0.1059 0.2900 0.6841 -0.2105 0.3171 0.6334 -0.3108 0.3368 0.5698 -0.4048 0.3489 0.4946 -0.4906 0.3531 0.4093 -0.5663 0.3492 0.3157 -0.6306 0.3374 0.2157 -0.6820 0.3180 0.1112 -0.7195 0.2912 0.0045 -0.7424 0.2577 -0.1022 -0.7502 0.2181 -0.2069 -0.7427 0.1733 -0.3074 -0.7200 0.1241 -0.4016 -0.6828 0.0715 -0.4877 -0.6316 0.0167 -0.5638 -0.5675 -0.0392 -0.6285 -0.4920 -0.0952 -0.6803 -0.4063 -0.1501 -0.7183 -0.3125 -0.2028 -0.7417 -0.2122 -0.2521 -0.7500 -0.1077 -0.2971 -0.7430 -0.0009 -0.3369 -0.7209 0.1059 -0.3707 -0.6841 0.2105 -0.3977 -0.6334 0.3108 -0.4175 -0.5698 0.4048 -0.4296 -0.4946 0.4906 -0.4337 -0.4093 0.5663 -0.4299 -0.3157 0.6306 -0.4181 -0.2157 0.6820 -0.3986 -0.1112 0.7195 -0.3719 -0.0045 0.7424 -0.3383 0.1022 0.7502 -0.2988 0.2069 0.7427 -0.2539 0.3074 0.7200 -0.2047 0.4016 0.6828 -0.1522 0.4877 0.6316 -0.0974 0.5338 0.5921 0.0269 0.5982 0.5168 0.0826 0.6498 0.4316 0.1372 0.6876 0.3382 0.1896 0.7108 0.2385 0.2387 0.7191 0.1344 0.2835 0.7121 0.0282 0.3231 0.6901 -0.0781 0.3567 0.6535 -0.1822 0.3836 0.6030 -0.2821 0.4033 0.5397 -0.3756 0.4153 0.4649 -0.4610 0.4194 0.3800 -0.5364 0.4156 0.2869 -0.6003 0.4039 0.1873 -0.6515 0.3845 0.0834 -0.6888 0.3579 -0.0228 -0.7116 0.3245 -0.1290 -0.7193 0.2851 -0.2332 -0.7119 0.2405 -0.3332 -0.6893 0.1916 -0.4270 -0.6522 0.1393 -0.5126 -0.6013 0.0847 -0.5884 -0.5376 0.0290 -0.6527 -0.4623 -0.0267 -0.7043 -0.3772 -0.0813 -0.7422 -0.2837 -0.1337 -0.7654 -0.1840 -0.1828 -0.7737 -0.0799 -0.2276 -0.7667 0.0263 -0.2672 -0.7447 0.1326 -0.3008 -0.7081 0.2367 -0.3277 -0.6576 0.3365 -0.3474 -0.5943 0.4301 -0.3594 -0.5195 0.5154 -0.3635 -0.4346 0.5909 -0.3597 -0.3415 0.6548 -0.3480 -0.2419 0.7060 -0.3286 -0.1380 0.7433 -0.3020 -0.0318 0.7661 -0.2686 0.0745 0.7738 -0.2292 0.1786 0.7663 -0.1846 0.2787 0.7438 -0.1357 0.3724 0.7067 -0.0834 0.4581 0.6558 -0.0288 0.5621 0.5367 0.1494 0.4987 0.6109 0.0945 0.6129 0.4528 0.2033 0.6502 0.3607 0.2549 0.6731 0.2624 0.3033 0.6813 0.1598 0.3474 0.6744 0.0551 0.3865 0.6527 -0.0496 0.4196 0.6166 -0.1522 0.4461 0.5669 -0.2506 0.4655 0.5045 -0.3428 0.4773 0.4307 -0.4269 0.4814 0.3471 -0.5012 0.4776 0.2553 -0.5643 0.4661 0.1572 -0.6147 0.4470 0.0548 -0.6515 0.4207 -0.0499 -0.6739 0.3879 -0.1546 -0.6815 0.3490 -0.2573 -0.6742 0.3051 -0.3558 -0.6520 0.2568 -0.4482 -0.6154 0.2053 -0.5326 -0.5652 0.1515 -0.6073 -0.5024 0.0966 -0.6707 -0.4283 0.0417 -0.7216 -0.3443 -0.0121 -0.7588 -0.2522 -0.0637 -0.7818 -0.1539 -0.1121 -0.7899 -0.0514 -0.1563 -0.7830 0.0533 -0.1953 -0.7613 0.1580 -0.2284 -0.7253 0.2606 -0.2549 -0.6755 0.3590 -0.2743 -0.6131 0.4512 -0.2862 -0.5394 0.5354 -0.2903 -0.4557 0.6097 -0.2865 -0.3639 0.6727 -0.2749 -0.2658 0.7231 -0.2558 -0.1634 0.7599 -0.2296 -0.0588 0.7824 -0.1967 0.0460 0.7900 -0.1579 0.1486 0.7826 -0.1139 0.2472 0.7604 -0.0657 0.3396 0.7239 -0.0141 0.4240 0.6737 0.0396 0.4587 0.6238 0.1608 0.5206 0.5514 0.2144 0.5702 0.4695 0.2669 0.6066 0.3797 0.3173 0.6289 0.2838 0.3645 0.6369 0.1837 0.4076 0.6302 0.0816 0.4457 0.6090 -0.0206 0.4780 0.5738 -0.1207 0.5039 0.5253 -0.2167 0.5228 0.4644 -0.3067 0.5344 0.3925 -0.3888 0.5383 0.3108 -0.4613 0.5347 0.2213 -0.5228 0.5234 0.1255 -0.5720 0.5047 0.0256 -0.6079 0.4791 -0.0765 -0.6298 0.4471 -0.1787 -0.6372 0.4092 -0.2788 -0.6300 0.3663 -0.3750 -0.6084 0.3192 -0.4652 -0.5727 0.2689 -0.5475 -0.5237 0.2165 -0.6204 -0.4624 0.1629 -0.6822 -0.3901 0.1093 -0.7318 -0.3082 0.0568 -0.7682 -0.2183 0.0064 -0.7906 -0.1224 -0.0408 -0.7985 -0.0224 -0.0839 -0.7918 0.0798 -0.1219 -0.7707 0.1820 -0.1542 -0.7355 0.2821 -0.1801 -0.6869 0.3781 -0.1990 -0.6261 0.4680 -0.2106 -0.5541 0.5501 -0.2146 -0.4725 0.6226 -0.2109 -0.3829 0.6841 -0.1996 -0.2872 0.7333 -0.1810 -0.1873 0.7692 -0.1554 -0.0852 0.7911 -0.1233 0.0170 0.7986 -0.0854 0.1172 0.7914 -0.0425 0.2134 0.7697 0.0046 0.3035 0.7340 0.0548 0.3859 0.6851 0.1073 0.4741 0.5609 0.2770 0.4144 0.6307 0.2252 0.5220 0.4818 0.3277 0.5571 0.3950 0.3763 0.5787 0.3024 0.4219 0.5863 0.2058 0.4635 0.5799 0.1072 0.5003 0.5595 0.0086 0.5315 0.5255 -0.0881 0.5564 0.4786 -0.1808 0.5747 0.4199 -0.2676 0.5859 0.3504 -0.3469 0.5897 0.2716 -0.4169 0.5861 0.1851 -0.4762 0.5753 0.0927 -0.5237 0.5573 -0.0038 -0.5584 0.5325 -0.1023 -0.5795 0.5016 -0.2010 -0.5867 0.4650 -0.2977 -0.5798 0.4236 -0.3906 -0.5589 0.3781 -0.4776 -0.5244 0.3296 -0.5571 -0.4772 0.2790 -0.6274 -0.4180 0.2273 -0.6872 -0.3482 0.1755 -0.7351 -0.2691 0.1248 -0.7702 -0.1823 0.0762 -0.7918 -0.0897 0.0306 -0.7994 0.0069 -0.0110 -0.7930 0.1055 -0.0478 -0.7726 0.2041 -0.0790 -0.7386 0.3008 -0.1039 -0.6917 0.3935 -0.1222 -0.6329 0.4803 -0.1334 -0.5635 0.5596 -0.1372 -0.4847 0.6296 -0.1336 -0.3982 0.6889 -0.1228 -0.3058 0.7364 -0.1048 -0.2093 0.7711 -0.0800 -0.1107 0.7923 -0.0491 -0.0121 0.7994 -0.0125 0.0846 0.7925 0.0289 0.1775 0.7716 0.0744 0.2645 0.7372 0.1229 0.3440 0.6899 0.1735 0.3660 0.6315 0.2871 0.4230 0.5649 0.3365 0.4687 0.4894 0.3849 0.5023 0.4066 0.4313 0.5229 0.3182 0.4748 0.5302 0.2260 0.5145 0.5240 0.1318 0.5496 0.5045 0.0377 0.5794 0.4721 -0.0546 0.6032 0.4273 -0.1431 0.6207 0.3713 -0.2260 0.6313 0.3049 -0.3016 0.6350 0.2297 -0.3685 0.6316 0.1472 -0.4251 0.6212 0.0589 -0.4705 0.6040 -0.0331 -0.5036 0.5804 -0.1272 -0.5237 0.5509 -0.2214 -0.5306 0.5160 -0.3137 -0.5240 0.4764 -0.4024 -0.5040 0.4330 -0.4855 -0.4711 0.3867 -0.5614 -0.4260 0.3384 -0.6285 -0.3695 0.2890 -0.6855 -0.3029 0.2396 -0.7312 -0.2274 0.1912 -0.7647 -0.1446 0.1448 -0.7854 -0.0562 0.1013 -0.7927 0.0361 0.0616 -0.7865 0.1302 0.0265 -0.7670 0.2244 -0.0033 -0.7346 0.3166 -0.0271 -0.6898 0.4051 -0.0446 -0.6337 0.4880 -0.0552 -0.5674 0.5637 -0.0589 -0.4922 0.6305 -0.0555 -0.4097 0.6871 -0.0451 -0.3214 0.7325 -0.0279 -0.2293 0.7656 -0.0043 -0.1353 0.7858 0.0252 -0.0411 0.7926 0.0601 0.0513 0.7860 0.0997 0.1399 0.7660 0.1431 0.2230 0.7332 0.1894 0.2989 0.6880 0.2377 0.3679 0.5635 0.3923 0.3141 0.6263 0.3458 0.4110 0.4923 0.4380 0.4426 0.4142 0.4817 0.4620 0.3309 0.5228 0.4689 0.2439 0.5602 0.4631 0.1552 0.5933 0.4447 0.0664 0.6214 0.4141 -0.0206 0.6438 0.3720 -0.1040 0.6603 0.3191 -0.1822 0.6703 0.2565 -0.2535 0.6738 0.1856 -0.3165 0.6706 0.1078 -0.3699 0.6608 0.0246 -0.4127 0.6446 -0.0622 -0.4439 0.6223 -0.1509 -0.4629 0.5945 -0.2397 -0.4693 0.5616 -0.3267 -0.4631 0.5243 -0.4103 -0.4443 0.4834 -0.4886 -0.4133 0.4397 -0.5602 -0.3707 0.3941 -0.6235 -0.3175 0.3476 -0.6772 -0.2546 0.3010 -0.7203 -0.1835 0.2554 -0.7519 -0.1054 0.2116 -0.7714 -0.0221 0.1706 -0.7783 0.0649 0.1332 -0.7725 0.1536 0.1001 -0.7541 0.2424 0.0720 -0.7235 0.3294 0.0495 -0.6813 0.4128 0.0331 -0.6284 0.4910 0.0231 -0.5659 0.5623 0.0196 -0.4950 0.6253 0.0228 -0.4172 0.6787 0.0326 -0.3340 0.7215 0.0488 -0.2472 0.7527 0.0710 -0.1585 0.7717 0.0989 -0.0697 0.7782 0.1318 0.0174 0.7719 0.1691 0.1009 0.7531 0.2100 0.1793 0.7221 0.2537 0.2508 0.6795 0.2992 0.2592 0.6150 0.4008 0.3092 0.5566 0.4440 0.3493 0.4904 0.4865 0.3786 0.4179 0.5272 0.3967 0.3404 0.5653 0.4031 0.2595 0.6001 0.3977 0.1770 0.6309 0.3806 0.0945 0.6570 0.3522 0.0136 0.6779 0.3130 -0.0639 0.6931 0.2638 -0.1366 0.7025 0.2057 -0.2029 0.7057 0.1398 -0.2615 0.7027 0.0674 -0.3111 0.6936 -0.0099 -0.3509 0.6786 -0.0906 -0.3799 0.6579 -0.1731 -0.3976 0.6320 -0.2557 -0.4036 0.6014 -0.3366 -0.3978 0.5667 -0.4143 -0.3803 0.5287 -0.4871 -0.3515 0.4881 -0.5536 -0.3119 0.4457 -0.6125 -0.2624 0.4024 -0.6624 -0.2040 0.3591 -0.7025 -0.1378 0.3167 -0.7319 -0.0652 0.2760 -0.7500 0.0123 0.2379 -0.7564 0.0931 0.2031 -0.7510 0.1756 0.1723 -0.7339 0.2581 0.1462 -0.7054 0.3390 0.1253 -0.6662 0.4166 0.1101 -0.6171 0.4892 0.1007 -0.5589 0.5555 0.0975 -0.4930 0.6141 0.1005 -0.4207 0.6638 0.1096 -0.3433 0.7035 0.1246 -0.2626 0.7325 0.1453 -0.1801 0.7502 0.1712 -0.0976 0.7562 0.2018 -0.0167 0.7504 0.2365 0.0610 0.7329 0.2745 0.1339 0.7041 0.3151 0.2004 0.6645 0.3575 0.2475 0.5444 0.4911 0.2018 0.5978 0.4515 0.2842 0.4839 0.5299 0.3111 0.4175 0.5671 0.3276 0.3466 0.6020 0.3334 0.2727 0.6338 0.3285 0.1972 0.6620 0.3129 0.1217 0.6858 0.2869 0.0477 0.7050 0.2510 -0.0232 0.7189 0.2060 -0.0897 0.7275 0.1528 -0.1504 0.7304 0.0925 -0.2039 0.7277 0.0264 -0.2494 0.7194 -0.0444 -0.2857 0.7056 -0.1182 -0.3123 0.6867 -0.1937 -0.3284 0.6630 -0.2692 -0.3339 0.6350 -0.3432 -0.3286 0.6033 -0.4142 -0.3126 0.5685 -0.4809 -0.2863 0.5313 -0.5417 -0.2501 0.4926 -0.5956 -0.2048 0.4530 -0.6413 -0.1513 0.4134 -0.6779 -0.0908 0.3746 -0.7048 -0.0244 0.3374 -0.7213 0.0464 0.3025 -0.7272 0.1204 0.2707 -0.7222 0.1959 0.2425 -0.7066 0.2714 0.2186 -0.6806 0.3453 0.1995 -0.6447 0.4163 0.1856 -0.5998 0.4828 0.1770 -0.5466 0.5434 0.1741 -0.4863 0.5970 0.1768 -0.4201 0.6424 0.1851 -0.3494 0.6788 0.1989 -0.2755 0.7053 0.2178 -0.2001 0.7215 0.2415 -0.1246 0.7270 0.2695 -0.0505 0.7217 0.3012 0.0205 0.7057 0.3360 0.0871 0.6793 0.3731 0.1480 0.6431 0.4119 0.1425 0.5749 0.4975 0.1835 0.5269 0.5330 0.2164 0.4726 0.5678 0.2405 0.4131 0.6012 0.2553 0.3495 0.6325 0.2606 0.2831 0.6611 0.2561 0.2154 0.6863 0.2421 0.1477 0.7077 0.2188 0.0813 0.7249 0.1866 0.0177 0.7374 0.1462 -0.0420 0.7451 0.0985 -0.0964 0.7477 0.0444 -0.1445 0.7453 -0.0149 -0.1852 0.7378 -0.0784 -0.2178 0.7255 -0.1447 -0.2416 0.7085 -0.2123 -0.2561 0.6872 -0.2801 -0.2611 0.6621 -0.3465 -0.2563 0.6337 -0.4102 -0.2420 0.6025 -0.4700 -0.2183 0.5691 -0.5246 -0.1858 0.5344 -0.5729 -0.1452 0.4988 -0.6139 -0.0973 0.4633 -0.6468 -0.0430 0.4285 -0.6709 0.0166 0.3951 -0.6857 0.0802 0.3638 -0.6910 0.1465 0.3352 -0.6866 0.2143 0.3100 -0.6725 0.2820 0.2886 -0.6492 0.3484 0.2714 -0.6170 0.4120 0.2589 -0.5767 0.4716 0.2512 -0.5290 0.5260 0.2486 -0.4749 0.5741 0.2510 -0.4155 0.6149 0.2585 -0.3520 0.6475 0.2709 -0.2858 0.6713 0.2878 -0.2181 0.6858 0.3091 -0.1504 0.6907 0.3342 -0.0839 0.6860 0.3626 -0.0202 0.6716 0.3939 0.0396 0.6480 0.4272 0.0942 0.6155 0.4620 0.1177 0.5044 0.5694 0.0817 0.5464 0.5383 0.1465 0.4568 0.5999 0.1676 0.4047 0.6291 0.1806 0.3490 0.6565 0.1852 0.2909 0.6815 0.1813 0.2316 0.7037 0.1690 0.1723 0.7224 0.1486 0.1142 0.7374 0.1204 0.0584 0.7484 0.0851 0.0062 0.7551 0.0433 -0.0415 0.7574 -0.0041 -0.0836 0.7553 -0.0561 -0.1193 0.7487 -0.1117 -0.1478 0.7379 -0.1697 -0.1687 0.7231 -0.2290 -0.1814 0.7044 -0.2883 -0.1857 0.6825 -0.3465 -0.1815 0.6575 -0.4023 -0.1690 0.6302 -0.4546 -0.1482 0.6010 -0.5024 -0.1198 0.5706 -0.5447 -0.0842 0.5395 -0.5807 -0.0422 0.5084 -0.6095 0.0053 0.4779 -0.6306 0.0575 0.4486 -0.6436 0.1132 0.4212 -0.6482 0.1713 0.3962 -0.6443 0.2306 0.3741 -0.6320 0.2899 0.3553 -0.6116 0.3480 0.3403 -0.5834 0.4038 0.3293 -0.5480 0.4560 0.3226 -0.5063 0.5036 0.3203 -0.4589 0.5457 0.3225 -0.4069 0.5814 0.3290 -0.3513 0.6100 0.3398 -0.2933 0.6308 0.3547 -0.2340 0.6435 0.3733 -0.1747 0.6479 0.3953 -0.1165 0.6437 0.4202 -0.0607 0.6311 0.4475 -0.0083 0.6104 0.4767 0.0395 0.5820 0.5072 0.0202 0.5126 0.5735 0.0507 0.4770 0.5999 0.0752 0.4367 0.6258 0.0931 0.3924 0.6506 0.1041 0.3451 0.6738 0.1080 0.2959 0.6951 0.1047 0.2455 0.7138 0.0943 0.1952 0.7297 0.0769 0.1459 0.7425 0.0530 0.0986 0.7518 0.0230 0.0543 0.7575 -0.0124 0.0139 0.7595 -0.0526 -0.0219 0.7576 -0.0967 -0.0522 0.7521 -0.1439 -0.0764 0.7429 -0.1931 -0.0941 0.7303 -0.2434 -0.1049 0.7145 -0.2937 -0.1085 0.6958 -0.3431 -0.1050 0.6747 -0.3905 -0.0943 0.6515 -0.4349 -0.0768 0.6268 -0.4754 -0.0526 0.6009 -0.5113 -0.0224 0.5745 -0.5418 0.0132 0.5481 -0.5662 0.0536 0.5223 -0.5842 0.0978 0.4974 -0.5952 0.1451 0.4742 -0.5991 0.1943 0.4530 -0.5958 0.2447 0.4342 -0.5854 0.2950 0.4183 -0.5680 0.3443 0.4055 -0.5441 0.3916 0.3962 -0.5141 0.4359 0.3905 -0.4787 0.4764 0.3886 -0.4385 0.5121 0.3904 -0.3944 0.5424 0.3959 -0.3472 0.5666 0.4051 -0.2980 0.5843 0.4177 -0.2477 0.5951 0.4335 -0.1973 0.5987 0.4522 -0.1480 0.5952 0.4733 -0.1006 0.5845 0.4965 -0.0562 0.5670 0.5213 -0.0156 0.5428 0.5471 -0.0167 0.4450 0.6243 -0.0415 0.4740 0.6028 0.0031 0.4123 0.6453 0.0177 0.3763 0.6654 0.0266 0.3380 0.6843 0.0298 0.2980 0.7015 0.0271 0.2571 0.7168 0.0186 0.2163 0.7297 0.0046 0.1762 0.7400 -0.0148 0.1378 0.7476 -0.0392 0.1019 0.7522 -0.0680 0.0690 0.7538 -0.1006 0.0400 0.7523 -0.1364 0.0154 0.7478 -0.1747 -0.0042 0.7404 -0.2147 -0.0186 0.7301 -0.2555 -0.0273 0.7173 -0.2963 -0.0303 0.7021 -0.3364 -0.0274 0.6850 -0.3749 -0.0188 0.6662 -0.4109 -0.0045 0.6461 -0.4439 0.0151 0.6251 -0.4730 0.0396 0.6037 -0.4977 0.0685 0.5822 -0.5176 0.1013 0.5612 -0.5321 0.1372 0.5411 -0.5411 0.1755 0.5222 -0.5442 0.2156 0.5050 -0.5416 0.2564 0.4897 -0.5331 0.2973 0.4768 -0.5190 0.3373 0.4665 -0.4996 0.3757 0.4589 -0.4753 0.4117 0.4543 -0.4465 0.4445 0.4527 -0.4139 0.4735 0.4542 -0.3780 0.4981 0.4587 -0.3397 0.5178 0.4661 -0.2998 0.5321 0.4764 -0.2590 0.5409 0.4892 -0.2181 0.5438 0.5043 -0.1780 0.5410 0.5215 -0.1396 0.5323 0.5403 -0.1035 0.5180 0.5604 -0.0706 0.4985 0.5814 -0.1028 0.4307 0.6260 -0.0840 0.4088 0.6422 -0.0689 0.3839 0.6581 -0.0579 0.3567 0.6734 -0.0511 0.3276 0.6878 -0.0487 0.2972 0.7008 -0.0507 0.2662 0.7124 -0.0572 0.2352 0.7222 -0.0678 0.2049 0.7300 -0.0826 0.1757 0.7358 -0.1010 0.1484 0.7393 -0.1229 0.1235 0.7405 -0.1476 0.1016 0.7394 -0.1748 0.0829 0.7359 -0.2038 0.0680 0.7303 -0.2341 0.0571 0.7225 -0.2651 0.0504 0.7128 -0.2961 0.0482 0.7013 -0.3265 0.0504 0.6883 -0.3557 0.0569 0.6740 -0.3830 0.0678 0.6588 -0.4080 0.0826 0.6428 -0.4301 0.1012 0.6266 -0.4489 0.1231 0.6103 -0.4639 0.1480 0.5944 -0.4749 0.1752 0.5791 -0.4817 0.2043 0.5648 -0.4841 0.2347 0.5517 -0.4821 0.2657 0.5402 -0.4757 0.2967 0.5304 -0.4650 0.3270 0.5225 -0.4503 0.3562 0.5168 -0.4318 0.3835 0.5133 -0.4100 0.4084 0.5121 -0.3852 0.4304 0.5132 -0.3581 0.4490 0.5166 -0.3290 0.4639 0.5223 -0.2987 0.4748 0.5300 -0.2677 0.4815 0.5398 -0.2367 0.4837 0.5513 -0.2064 0.4815 0.5643 -0.1772 0.4750 0.5786 -0.1498 0.4642 0.5938 -0.1249 0.4493 0.6097 -0.1505 0.3686 0.6536 -0.1631 0.3833 0.6427 -0.1403 0.3519 0.6643 -0.1329 0.3335 0.6746 -0.1284 0.3140 0.6842 -0.1268 0.2936 0.6930 -0.1281 0.2728 0.7008 -0.1324 0.2519 0.7073 -0.1396 0.2315 0.7126 -0.1495 0.2119 0.7165 -0.1619 0.1936 0.7188 -0.1766 0.1769 0.7196 -0.1932 0.1621 0.7189 -0.2115 0.1496 0.7166 -0.2310 0.1395 0.7128 -0.2514 0.1322 0.7076 -0.2722 0.1277 0.7010 -0.2930 0.1262 0.6933 -0.3134 0.1277 0.6846 -0.3330 0.1321 0.6750 -0.3514 0.1394 0.6647 -0.3682 0.1494 0.6540 -0.3831 0.1619 0.6431 -0.3957 0.1766 0.6322 -0.4058 0.1933 0.6215 -0.4132 0.2116 0.6112 -0.4178 0.2312 0.6016 -0.4194 0.2516 0.5928 -0.4180 0.2724 0.5850 -0.4137 0.2932 0.5784 -0.4065 0.3136 0.5732 -0.3966 0.3332 0.5693 -0.3842 0.3516 0.5670 -0.3696 0.3683 0.5661 -0.3529 0.3831 0.5669 -0.3347 0.3956 0.5692 -0.3151 0.4056 0.5730 -0.2948 0.4130 0.5782 -0.2740 0.4174 0.5847 -0.2531 0.4189 0.5925 -0.2327 0.4175 0.6012 -0.2131 0.4131 0.6108 -0.1947 0.4058 0.6211 -0.1779 0.3958 0.6318 
                    </float_array>
                    <technique_common>
                        <accessor source="#Track_Sky-mesh-positions-array" count="1783" stride="3">
                            <param name="X" type="float" />
                            <param name="Y" type="float" />
                            <param name="Z" type="float" />
                        </accessor>
                    </technique_common>
                </source>
                <source id="Track_Sky-mesh-normals">
                    <float_array id="Track_Sky-mesh-normals-array" count="5349">0.1521 0.0000 -0.9884 -0.0000 0.0000 -1.0000 0.1280 -0.0255 -0.9914 0.1406 -0.0582 -0.9884 0.1085 -0.0725 -0.9914 0.1076 -0.1076 -0.9884 0.0725 -0.1085 -0.9914 0.0582 -0.1406 -0.9884 0.0255 -0.1280 -0.9914 0.0000 -0.1521 -0.9884 -0.0255 -0.1280 -0.9914 -0.0582 -0.1406 -0.9884 -0.0725 -0.1085 -0.9914 -0.1076 -0.1076 -0.9884 -0.1085 -0.0725 -0.9914 -0.1406 -0.0582 -0.9884 -0.1280 -0.0255 -0.9914 -0.1521 0.0000 -0.9884 -0.1280 0.0255 -0.9914 -0.1406 0.0582 -0.9884 -0.1085 0.0725 -0.9914 -0.1076 0.1076 -0.9884 -0.0725 0.1085 -0.9914 -0.0582 0.1406 -0.9884 -0.0255 0.1280 -0.9914 0.0000 0.1521 -0.9884 0.0255 0.1280 -0.9914 0.0582 0.1406 -0.9884 0.0725 0.1085 -0.9914 0.1076 0.1076 -0.9884 0.1085 0.0725 -0.9914 0.1406 0.0582 -0.9884 0.1280 0.0255 -0.9914 0.9805 -0.1950 -0.0243 0.9999 -0.0000 0.0169 0.9997 -0.0000 -0.0243 0.9806 -0.1951 0.0169 0.9237 -0.3826 0.0169 0.9236 -0.3826 -0.0243 0.8312 -0.5554 -0.0243 0.8314 -0.5555 0.0169 0.7070 -0.7070 0.0169 0.7069 -0.7069 -0.0243 0.5554 -0.8312 -0.0243 0.5555 -0.8314 0.0169 0.3826 -0.9237 0.0169 0.3826 -0.9236 -0.0243 0.1950 -0.9805 -0.0243 0.1951 -0.9806 0.0169 0.0000 -0.9999 0.0169 -0.0000 -0.9997 -0.0243 -0.1950 -0.9805 -0.0243 -0.1951 -0.9806 0.0169 -0.3826 -0.9237 0.0169 -0.3826 -0.9236 -0.0243 -0.5554 -0.8312 -0.0243 -0.5555 -0.8314 0.0169 -0.7070 -0.7070 0.0169 -0.7069 -0.7069 -0.0243 -0.8312 -0.5554 -0.0243 -0.8314 -0.5555 0.0169 -0.9237 -0.3826 0.0169 -0.9236 -0.3826 -0.0243 -0.9805 -0.1950 -0.0243 -0.9806 -0.1951 0.0169 -0.9999 -0.0000 0.0169 -0.9997 -0.0000 -0.0243 -0.9805 0.1950 -0.0243 -0.9806 0.1951 0.0169 -0.9237 0.3826 0.0169 -0.9236 0.3826 -0.0243 -0.8312 0.5554 -0.0243 -0.8314 0.5555 0.0169 -0.7070 0.7070 0.0169 -0.7069 0.7069 -0.0243 -0.5554 0.8312 -0.0243 -0.5555 0.8314 0.0169 -0.3826 0.9237 0.0169 -0.3826 0.9236 -0.0243 -0.1950 0.9805 -0.0243 -0.1951 0.9806 0.0169 -0.0000 0.9999 0.0169 0.0000 0.9997 -0.0243 0.1950 0.9805 -0.0243 0.1951 0.9806 0.0169 0.3826 0.9237 0.0169 0.3826 0.9236 -0.0243 0.5554 0.8312 -0.0243 0.5555 0.8314 0.0169 0.7070 0.7070 0.0169 0.7069 0.7069 -0.0243 0.8312 0.5554 -0.0243 0.8314 0.5555 0.0169 0.9237 0.3826 0.0169 0.9236 0.3826 -0.0243 0.9805 0.1950 -0.0243 0.9806 0.1951 0.0169 0.9914 -0.0000 -0.1305 0.9724 -0.1934 -0.1305 0.9160 -0.3794 -0.1305 0.8244 -0.5508 -0.1305 0.7011 -0.7011 -0.1305 0.5508 -0.8244 -0.1305 0.3794 -0.9160 -0.1305 0.1934 -0.9724 -0.1305 0.0000 -0.9914 -0.1305 -0.1934 -0.9724 -0.1305 -0.3794 -0.9160 -0.1305 -0.5508 -0.8244 -0.1305 -0.7011 -0.7011 -0.1305 -0.8244 -0.5508 -0.1305 -0.9160 -0.3794 -0.1305 -0.9724 -0.1934 -0.1305 -0.9914 -0.0000 -0.1305 -0.9724 0.1934 -0.1305 -0.9160 0.3794 -0.1305 -0.8244 0.5508 -0.1305 -0.7011 0.7011 -0.1305 -0.5508 0.8244 -0.1305 -0.3794 0.9160 -0.1305 -0.1934 0.9724 -0.1305 0.0000 0.9914 -0.1305 0.1934 0.9724 -0.1305 0.3794 0.9160 -0.1305 0.5508 0.8244 -0.1305 0.7011 0.7011 -0.1305 0.8244 0.5508 -0.1305 0.9160 0.3794 -0.1305 0.9724 0.1934 -0.1305 0.9474 -0.1884 -0.2588 0.9659 -0.0000 -0.2588 0.8924 -0.3696 -0.2588 0.8031 -0.5366 -0.2588 0.6830 -0.6830 -0.2588 0.5366 -0.8031 -0.2588 0.3696 -0.8924 -0.2588 0.1884 -0.9474 -0.2588 0.0000 -0.9659 -0.2588 -0.1884 -0.9474 -0.2588 -0.3696 -0.8924 -0.2588 -0.5366 -0.8031 -0.2588 -0.6830 -0.6830 -0.2588 -0.8031 -0.5366 -0.2588 -0.8924 -0.3696 -0.2588 -0.9474 -0.1884 -0.2588 -0.9659 -0.0000 -0.2588 -0.9474 0.1884 -0.2588 -0.8924 0.3696 -0.2588 -0.8031 0.5366 -0.2588 -0.6830 0.6830 -0.2588 -0.5366 0.8031 -0.2588 -0.3696 0.8924 -0.2588 -0.1884 0.9474 -0.2588 0.0000 0.9659 -0.2588 0.1884 0.9474 -0.2588 0.3696 0.8924 -0.2588 0.5366 0.8031 -0.2588 0.6830 0.6830 -0.2588 0.8031 0.5366 -0.2588 0.8924 0.3696 -0.2588 0.9474 0.1884 -0.2588 0.9239 -0.0000 -0.3827 0.9061 -0.1802 -0.3827 0.8535 -0.3536 -0.3827 0.7682 -0.5133 -0.3827 0.6533 -0.6533 -0.3827 0.5133 -0.7682 -0.3827 0.3536 -0.8535 -0.3827 0.1802 -0.9061 -0.3827 0.0000 -0.9239 -0.3827 -0.1802 -0.9061 -0.3827 -0.3536 -0.8535 -0.3827 -0.5133 -0.7682 -0.3827 -0.6533 -0.6533 -0.3827 -0.7682 -0.5133 -0.3827 -0.8535 -0.3536 -0.3827 -0.9061 -0.1802 -0.3827 -0.9239 -0.0000 -0.3827 -0.9061 0.1802 -0.3827 -0.8535 0.3536 -0.3827 -0.7682 0.5133 -0.3827 -0.6533 0.6533 -0.3827 -0.5133 0.7682 -0.3827 -0.3536 0.8535 -0.3827 -0.1802 0.9061 -0.3827 0.0000 0.9239 -0.3827 0.1802 0.9061 -0.3827 0.3536 0.8535 -0.3827 0.5133 0.7682 -0.3827 0.6533 0.6533 -0.3827 0.7682 0.5133 -0.3827 0.8535 0.3536 -0.3827 0.9061 0.1802 -0.3827 0.8494 -0.1690 -0.5000 0.8660 0.0000 -0.5000 0.8001 -0.3314 -0.5000 0.7201 -0.4811 -0.5000 0.6124 -0.6124 -0.5000 0.4811 -0.7201 -0.5000 0.3314 -0.8001 -0.5000 0.1690 -0.8494 -0.5000 -0.0000 -0.8660 -0.5000 -0.1690 -0.8494 -0.5000 -0.3314 -0.8001 -0.5000 -0.4811 -0.7201 -0.5000 -0.6124 -0.6124 -0.5000 -0.7201 -0.4811 -0.5000 -0.8001 -0.3314 -0.5000 -0.8494 -0.1690 -0.5000 -0.8660 0.0000 -0.5000 -0.8494 0.1690 -0.5000 -0.8001 0.3314 -0.5000 -0.7201 0.4811 -0.5000 -0.6124 0.6124 -0.5000 -0.4811 0.7201 -0.5000 -0.3314 0.8001 -0.5000 -0.1690 0.8494 -0.5000 0.0000 0.8660 -0.5000 0.1690 0.8494 -0.5000 0.3314 0.8001 -0.5000 0.4811 0.7201 -0.5000 0.6124 0.6124 -0.5000 0.7201 0.4811 -0.5000 0.8001 0.3314 -0.5000 0.8494 0.1690 -0.5000 0.7933 -0.0000 -0.6088 0.7781 -0.1548 -0.6088 0.7330 -0.3036 -0.6088 0.6596 -0.4408 -0.6088 0.5610 -0.5610 -0.6088 0.4408 -0.6596 -0.6088 0.3036 -0.7330 -0.6088 0.1548 -0.7781 -0.6088 0.0000 -0.7933 -0.6088 -0.1548 -0.7781 -0.6088 -0.3036 -0.7330 -0.6088 -0.4408 -0.6596 -0.6088 -0.5610 -0.5610 -0.6088 -0.6596 -0.4408 -0.6088 -0.7330 -0.3036 -0.6088 -0.7781 -0.1548 -0.6088 -0.7933 -0.0000 -0.6088 -0.7781 0.1548 -0.6088 -0.7330 0.3036 -0.6088 -0.6596 0.4408 -0.6088 -0.5610 0.5610 -0.6088 -0.4408 0.6596 -0.6088 -0.3036 0.7330 -0.6088 -0.1548 0.7781 -0.6088 0.0000 0.7933 -0.6088 0.1548 0.7781 -0.6088 0.3036 0.7330 -0.6088 0.4408 0.6596 -0.6088 0.5610 0.5610 -0.6088 0.6596 0.4408 -0.6088 0.7330 0.3036 -0.6088 0.7781 0.1548 -0.6088 0.6935 -0.1379 -0.7071 0.7071 0.0000 -0.7071 0.6533 -0.2706 -0.7071 0.5879 -0.3928 -0.7071 0.5000 -0.5000 -0.7071 0.3928 -0.5879 -0.7071 0.2706 -0.6533 -0.7071 0.1379 -0.6935 -0.7071 -0.0000 -0.7071 -0.7071 -0.1379 -0.6935 -0.7071 -0.2706 -0.6533 -0.7071 -0.3928 -0.5879 -0.7071 -0.5000 -0.5000 -0.7071 -0.5879 -0.3928 -0.7071 -0.6533 -0.2706 -0.7071 -0.6935 -0.1379 -0.7071 -0.7071 0.0000 -0.7071 -0.6935 0.1379 -0.7071 -0.6533 0.2706 -0.7071 -0.5879 0.3928 -0.7071 -0.5000 0.5000 -0.7071 -0.3928 0.5879 -0.7071 -0.2706 0.6533 -0.7071 -0.1379 0.6935 -0.7071 0.0000 0.7071 -0.7071 0.1379 0.6935 -0.7071 0.2706 0.6533 -0.7071 0.3928 0.5879 -0.7071 0.5000 0.5000 -0.7071 0.5879 0.3928 -0.7071 0.6533 0.2706 -0.7071 0.6935 0.1379 -0.7071 0.6087 0.0000 -0.7934 0.5970 -0.1188 -0.7934 0.5624 -0.2330 -0.7934 0.5062 -0.3382 -0.7934 0.4304 -0.4304 -0.7934 0.3382 -0.5062 -0.7934 0.2330 -0.5624 -0.7934 0.1188 -0.5970 -0.7934 -0.0000 -0.6087 -0.7934 -0.1188 -0.5970 -0.7934 -0.2330 -0.5624 -0.7934 -0.3382 -0.5062 -0.7934 -0.4304 -0.4304 -0.7934 -0.5062 -0.3382 -0.7934 -0.5624 -0.2330 -0.7934 -0.5970 -0.1188 -0.7934 -0.6087 0.0000 -0.7934 -0.5970 0.1188 -0.7934 -0.5624 0.2330 -0.7934 -0.5062 0.3382 -0.7934 -0.4304 0.4304 -0.7934 -0.3382 0.5062 -0.7934 -0.2330 0.5624 -0.7934 -0.1188 0.5970 -0.7934 0.0000 0.6087 -0.7934 0.1188 0.5970 -0.7934 0.2330 0.5624 -0.7934 0.3382 0.5062 -0.7934 0.4304 0.4304 -0.7934 0.5062 0.3382 -0.7934 0.5624 0.2330 -0.7934 0.5970 0.1188 -0.7934 0.4904 -0.0975 -0.8660 0.5000 -0.0000 -0.8660 0.4619 -0.1913 -0.8660 0.4157 -0.2778 -0.8660 0.3535 -0.3535 -0.8660 0.2778 -0.4157 -0.8660 0.1913 -0.4619 -0.8660 0.0975 -0.4904 -0.8660 0.0000 -0.5000 -0.8660 -0.0975 -0.4904 -0.8660 -0.1913 -0.4619 -0.8660 -0.2778 -0.4157 -0.8660 -0.3535 -0.3535 -0.8660 -0.4157 -0.2778 -0.8660 -0.4619 -0.1913 -0.8660 -0.4904 -0.0975 -0.8660 -0.5000 -0.0000 -0.8660 -0.4904 0.0975 -0.8660 -0.4619 0.1913 -0.8660 -0.4157 0.2778 -0.8660 -0.3535 0.3535 -0.8660 -0.2778 0.4157 -0.8660 -0.1913 0.4619 -0.8660 -0.0975 0.4904 -0.8660 0.0000 0.5000 -0.8660 0.0975 0.4904 -0.8660 0.1913 0.4619 -0.8660 0.2778 0.4157 -0.8660 0.3535 0.3535 -0.8660 0.4157 0.2778 -0.8660 0.4619 0.1913 -0.8660 0.4904 0.0975 -0.8660 0.3827 -0.0000 -0.9239 0.3753 -0.0747 -0.9239 0.3535 -0.1464 -0.9239 0.3182 -0.2126 -0.9239 0.2706 -0.2706 -0.9239 0.2126 -0.3182 -0.9239 0.1464 -0.3535 -0.9239 0.0747 -0.3753 -0.9239 -0.0000 -0.3827 -0.9239 -0.0747 -0.3753 -0.9239 -0.1464 -0.3535 -0.9239 -0.2126 -0.3182 -0.9239 -0.2706 -0.2706 -0.9239 -0.3182 -0.2126 -0.9239 -0.3535 -0.1464 -0.9239 -0.3753 -0.0747 -0.9239 -0.3827 -0.0000 -0.9239 -0.3753 0.0747 -0.9239 -0.3535 0.1464 -0.9239 -0.3182 0.2126 -0.9239 -0.2706 0.2706 -0.9239 -0.2126 0.3182 -0.9239 -0.1464 0.3535 -0.9239 -0.0747 0.3753 -0.9239 0.0000 0.3827 -0.9239 0.0747 0.3753 -0.9239 0.1464 0.3535 -0.9239 0.2126 0.3182 -0.9239 0.2706 0.2706 -0.9239 0.3182 0.2126 -0.9239 0.3535 0.1464 -0.9239 0.3753 0.0747 -0.9239 0.2538 -0.0505 -0.9659 0.2588 0.0000 -0.9659 0.2391 -0.0990 -0.9659 0.2152 -0.1438 -0.9659 0.1830 -0.1830 -0.9659 0.1438 -0.2152 -0.9659 0.0990 -0.2391 -0.9659 0.0505 -0.2538 -0.9659 0.0000 -0.2588 -0.9659 -0.0505 -0.2538 -0.9659 -0.0990 -0.2391 -0.9659 -0.1438 -0.2152 -0.9659 -0.1830 -0.1830 -0.9659 -0.2152 -0.1438 -0.9659 -0.2391 -0.0990 -0.9659 -0.2538 -0.0505 -0.9659 -0.2588 0.0000 -0.9659 -0.2538 0.0505 -0.9659 -0.2391 0.0990 -0.9659 -0.2152 0.1438 -0.9659 -0.1830 0.1830 -0.9659 -0.1438 0.2152 -0.9659 -0.0990 0.2391 -0.9659 -0.0505 0.2538 -0.9659 0.0000 0.2588 -0.9659 0.0505 0.2538 -0.9659 0.0990 0.2391 -0.9659 0.1438 0.2152 -0.9659 0.1830 0.1830 -0.9659 0.2152 0.1438 -0.9659 0.2391 0.0990 -0.9659 0.2538 0.0505 -0.9659 -0.4233 0.2854 0.8598 -0.3480 0.3474 0.8707 -0.4263 0.2640 0.8652 0.2652 -0.4262 -0.8649 0.3480 -0.3474 -0.8707 0.2693 -0.4060 -0.8733 -0.4429 0.2871 0.8494 0.2485 -0.4032 -0.8807 -0.4344 0.3074 0.8467 0.2583 -0.3840 -0.8865 -0.4517 0.3148 0.8348 0.2398 -0.3754 -0.8953 -0.4382 0.3325 0.8351 0.2545 -0.3589 -0.8980 -0.4519 0.3450 0.8227 0.2396 -0.3453 -0.9074 -0.4347 0.3587 0.8261 0.2580 -0.3328 -0.9070 -0.4435 0.3752 0.8140 0.2480 -0.3151 -0.9161 -0.4240 0.3838 0.8203 0.2688 -0.3076 -0.9128 -0.4271 0.4030 0.8094 0.2643 -0.2873 -0.9206 -0.4070 0.4058 0.8184 0.2857 -0.2856 -0.9147 -0.4042 0.4260 0.8094 0.2873 -0.2642 -0.9207 -0.3850 0.4230 0.8203 0.3077 -0.2685 -0.9128 -0.3765 0.4426 0.8138 0.3149 -0.2477 -0.9162 -0.3600 0.4339 0.8259 0.3327 -0.2576 -0.9072 -0.3464 0.4512 0.8225 0.3451 -0.2391 -0.9076 -0.3338 0.4376 0.8349 0.3589 -0.2538 -0.8982 -0.3162 0.4512 0.8345 0.3753 -0.2390 -0.8956 -0.3087 0.4340 0.8464 0.3840 -0.2575 -0.8867 -0.2884 0.4427 0.8491 0.4031 -0.2476 -0.8810 -0.2866 0.4231 0.8596 0.4061 -0.2684 -0.8735 -0.2652 0.4262 0.8649 0.4263 -0.2640 -0.8652 -0.2693 0.4060 0.8733 0.4233 -0.2854 -0.8598 -0.2485 0.4032 0.8807 0.4429 -0.2871 -0.8494 -0.2583 0.3840 0.8865 0.4343 -0.3074 -0.8467 -0.2398 0.3754 0.8953 0.4517 -0.3148 -0.8348 -0.2545 0.3589 0.8980 0.4382 -0.3326 -0.8351 -0.2396 0.3453 0.9074 0.4519 -0.3450 -0.8227 -0.2580 0.3328 0.9070 0.4347 -0.3587 -0.8261 -0.2480 0.3151 0.9161 0.4435 -0.3752 -0.8140 -0.2688 0.3076 0.9128 0.4240 -0.3838 -0.8203 -0.2643 0.2873 0.9207 0.4271 -0.4030 -0.8094 -0.2857 0.2856 0.9148 0.4069 -0.4058 -0.8184 -0.2873 0.2642 0.9207 0.4042 -0.4260 -0.8094 -0.3076 0.2685 0.9128 0.3850 -0.4230 -0.8203 -0.3149 0.2477 0.9162 0.3765 -0.4426 -0.8139 -0.3327 0.2576 0.9072 0.3600 -0.4339 -0.8259 -0.3451 0.2391 0.9076 0.3464 -0.4512 -0.8225 -0.3589 0.2538 0.8982 0.3338 -0.4376 -0.8349 -0.3753 0.2390 0.8956 0.3162 -0.4512 -0.8345 -0.3840 0.2575 0.8867 0.3087 -0.4340 -0.8464 -0.4031 0.2476 0.8810 0.2884 -0.4427 -0.8490 -0.4061 0.2684 0.8735 0.2866 -0.4231 -0.8596 -0.4946 0.2208 0.8406 -0.4788 0.2023 0.8543 -0.5072 0.2416 0.8273 -0.5165 0.2645 0.8144 -0.5222 0.2890 0.8024 -0.5242 0.3145 0.7914 -0.5225 0.3405 0.7817 -0.5171 0.3665 0.7735 -0.5082 0.3920 0.7669 -0.4958 0.4165 0.7620 -0.4803 0.4394 0.7591 -0.4619 0.4604 0.7581 -0.4411 0.4788 0.7590 -0.4183 0.4945 0.7619 -0.3939 0.5070 0.7666 -0.3685 0.5162 0.7732 -0.3424 0.5218 0.7813 -0.3164 0.5237 0.7910 -0.2909 0.5218 0.8019 -0.2664 0.5163 0.8139 -0.2434 0.5072 0.8267 -0.2224 0.4947 0.8401 -0.2038 0.4791 0.8537 -0.1881 0.4607 0.8674 -0.1754 0.4398 0.8808 -0.1662 0.4169 0.8936 -0.1605 0.3925 0.9057 -0.1584 0.3670 0.9166 -0.1601 0.3410 0.9263 -0.1655 0.3149 0.9346 -0.1745 0.2894 0.9412 -0.1869 0.2649 0.9460 -0.2024 0.2420 0.9489 -0.2207 0.2211 0.9499 -0.2415 0.2026 0.9490 -0.2643 0.1870 0.9461 -0.2887 0.1744 0.9414 -0.3142 0.1653 0.9349 -0.3402 0.1597 0.9267 -0.3663 0.1578 0.9170 -0.3918 0.1596 0.9061 -0.4163 0.1651 0.8941 -0.4393 0.1742 0.8813 -0.4603 0.1867 0.8679 -0.5376 0.1265 0.8336 -0.5611 0.1539 0.8133 -0.5799 0.1850 0.7934 -0.5937 0.2190 0.7743 -0.6022 0.2554 0.7564 -0.6052 0.2934 0.7401 -0.6026 0.3321 0.7256 -0.5946 0.3708 0.7134 -0.5813 0.4088 0.7036 -0.5629 0.4452 0.6964 -0.5398 0.4793 0.6920 -0.5125 0.5104 0.6905 -0.4815 0.5379 0.6919 -0.4476 0.5613 0.6962 -0.4113 0.5799 0.7032 -0.3734 0.5935 0.7130 -0.3347 0.6018 0.7251 -0.2959 0.6046 0.7395 -0.2579 0.6019 0.7558 -0.2215 0.5937 0.7736 -0.1873 0.5802 0.7927 -0.1561 0.5616 0.8126 -0.1285 0.5384 0.8329 -0.1050 0.5109 0.8532 -0.0862 0.4799 0.8731 -0.0724 0.4458 0.8922 -0.0639 0.4095 0.9101 -0.0609 0.3715 0.9264 -0.0634 0.3328 0.9409 -0.0715 0.2940 0.9531 -0.0848 0.2561 0.9629 -0.1032 0.2197 0.9701 -0.1263 0.1856 0.9745 -0.1536 0.1544 0.9760 -0.1845 0.1269 0.9746 -0.2185 0.1036 0.9703 -0.2548 0.0850 0.9633 -0.2927 0.0714 0.9535 -0.3314 0.0631 0.9414 -0.3701 0.0602 0.9270 -0.4081 0.0630 0.9108 -0.4446 0.0712 0.8929 -0.4788 0.0847 0.8738 -0.5100 0.1033 0.8540 -0.6222 0.0856 0.7782 -0.5912 0.0495 0.8050 -0.6470 0.1266 0.7519 -0.6651 0.1715 0.7268 -0.6763 0.2194 0.7032 -0.6803 0.2695 0.6816 -0.6769 0.3205 0.6626 -0.6664 0.3716 0.6464 -0.6488 0.4216 0.6335 -0.6245 0.4696 0.6241 -0.5941 0.5146 0.6183 -0.5581 0.5556 0.6163 -0.5173 0.5919 0.6181 -0.4725 0.6226 0.6238 -0.4247 0.6472 0.6331 -0.3747 0.6651 0.6459 -0.3237 0.6761 0.6619 -0.2726 0.6798 0.6808 -0.2225 0.6762 0.7023 -0.1745 0.6654 0.7258 -0.1294 0.6476 0.7509 -0.0882 0.6231 0.7772 -0.0518 0.5924 0.8039 -0.0209 0.5563 0.8307 0.0039 0.5153 0.8570 0.0221 0.4704 0.8822 0.0333 0.4225 0.9058 0.0372 0.3725 0.9273 0.0339 0.3214 0.9463 0.0233 0.2703 0.9625 0.0057 0.2203 0.9754 -0.0186 0.1723 0.9849 -0.0490 0.1273 0.9907 -0.0850 0.0863 0.9926 -0.1257 0.0500 0.9908 -0.1705 0.0193 0.9852 -0.2184 -0.0053 0.9759 -0.2683 -0.0232 0.9630 -0.3194 -0.0342 0.9470 -0.3704 -0.0379 0.9281 -0.4205 -0.0343 0.9066 -0.4686 -0.0235 0.8831 -0.5137 -0.0056 0.8580 -0.5548 0.0188 0.8318 -0.6392 -0.0280 0.7686 -0.6772 0.0165 0.7356 -0.7078 0.0669 0.7032 -0.7302 0.1223 0.6722 -0.7440 0.1813 0.6431 -0.7488 0.2429 0.6166 -0.7447 0.3058 0.5932 -0.7317 0.3688 0.5733 -0.7100 0.4304 0.5573 -0.6801 0.4895 0.5457 -0.6427 0.5449 0.5386 -0.5983 0.5954 0.5361 -0.5481 0.6401 0.5384 -0.4929 0.6779 0.5453 -0.4340 0.7082 0.5568 -0.3725 0.7304 0.5726 -0.3096 0.7438 0.5923 -0.2467 0.7484 0.6156 -0.1850 0.7440 0.6421 -0.1258 0.7307 0.6711 -0.0703 0.7087 0.7020 -0.0196 0.6785 0.7343 0.0253 0.6408 0.7673 0.0634 0.5963 0.8003 0.0939 0.5458 0.8326 0.1163 0.4905 0.8636 0.1301 0.4314 0.8927 0.1350 0.3698 0.9192 0.1309 0.3069 0.9427 0.1178 0.2440 0.9626 0.0962 0.1824 0.9785 0.0663 0.1232 0.9902 0.0288 0.0678 0.9973 -0.0155 0.0173 0.9997 -0.0658 -0.0273 0.9975 -0.1209 -0.0652 0.9905 -0.1798 -0.0955 0.9790 -0.2414 -0.1176 0.9633 -0.3043 -0.1311 0.9435 -0.3672 -0.1356 0.9202 -0.4289 -0.1312 0.8938 -0.4881 -0.1179 0.8648 -0.5436 -0.0959 0.8339 -0.5943 -0.0658 0.8016 -0.7258 -0.0528 0.6859 -0.6809 -0.1053 0.7248 -0.7618 0.0067 0.6478 -0.7882 0.0719 0.6112 -0.8044 0.1415 0.5769 -0.8102 0.2141 0.5457 -0.8053 0.2882 0.5180 -0.7900 0.3624 0.4946 -0.7644 0.4350 0.4758 -0.7292 0.5047 0.4621 -0.6850 0.5700 0.4537 -0.6328 0.6295 0.4508 -0.5736 0.6822 0.4535 -0.5086 0.7268 0.4617 -0.4391 0.7625 0.4752 -0.3666 0.7885 0.4938 -0.2925 0.8044 0.5170 -0.2184 0.8098 0.5445 -0.1457 0.8046 0.5757 -0.0759 0.7889 0.6098 -0.0104 0.7630 0.6463 0.0493 0.7275 0.6844 0.1022 0.6830 0.7232 0.1471 0.6305 0.7621 0.1831 0.5710 0.8002 0.2095 0.5059 0.8368 0.2257 0.4362 0.8711 0.2315 0.3636 0.9023 0.2266 0.2895 0.9300 0.2112 0.2153 0.9534 0.1857 0.1427 0.9722 0.1505 0.0730 0.9859 0.1063 0.0077 0.9943 0.0541 -0.0518 0.9972 -0.0051 -0.1044 0.9945 -0.0701 -0.1491 0.9863 -0.1396 -0.1848 0.9728 -0.2121 -0.2108 0.9542 -0.2862 -0.2267 0.9310 -0.3604 -0.2321 0.9035 -0.4331 -0.2269 0.8723 -0.5029 -0.2112 0.8382 -0.5683 -0.1853 0.8017 -0.6281 -0.1498 0.7636 -0.7161 -0.1815 0.6740 -0.7674 -0.1216 0.6296 -0.8085 -0.0537 0.5860 -0.8386 0.0208 0.5443 -0.8572 0.1003 0.5052 -0.8637 0.1832 0.4695 -0.8582 0.2678 0.4379 -0.8407 0.3525 0.4111 -0.8115 0.4354 0.3897 -0.7713 0.5150 0.3740 -0.7208 0.5895 0.3644 -0.6612 0.6576 0.3611 -0.5936 0.7176 0.3642 -0.5194 0.7686 0.3735 -0.4400 0.8094 0.3890 -0.3572 0.8391 0.4102 -0.2726 0.8573 0.4368 -0.1880 0.8634 0.4682 -0.1049 0.8575 0.5037 -0.0252 0.8395 0.5427 0.0495 0.8100 0.5844 0.1177 0.7694 0.6279 0.1781 0.7186 0.6722 0.2293 0.6587 0.7166 0.2705 0.5908 0.7602 0.3006 0.5163 0.8019 0.3191 0.4368 0.8410 0.3257 0.3539 0.8767 0.3202 0.2693 0.9083 0.3026 0.1846 0.9351 0.2735 0.1016 0.9565 0.2332 0.0221 0.9722 0.1828 -0.0525 0.9818 0.1232 -0.1205 0.9850 0.0555 -0.1806 0.9820 -0.0187 -0.2315 0.9727 -0.0980 -0.2723 0.9572 -0.1808 -0.3020 0.9360 -0.2654 -0.3202 0.9094 -0.3501 -0.3263 0.8780 -0.4331 -0.3204 0.8425 -0.5128 -0.3024 0.8035 -0.5875 -0.2729 0.7618 -0.6558 -0.2323 0.7183 -0.8016 -0.1892 0.5672 -0.7444 -0.2560 0.6167 -0.8474 -0.1135 0.5187 -0.8810 -0.0305 0.4721 -0.9017 0.0581 0.4285 -0.9090 0.1505 0.3887 -0.9028 0.2448 0.3536 -0.8833 0.3392 0.3237 -0.8507 0.4317 0.2998 -0.8059 0.5204 0.2824 -0.7497 0.6034 0.2717 -0.6832 0.6792 0.2680 -0.6078 0.7462 0.2714 -0.5251 0.8030 0.2818 -0.4367 0.8485 0.2990 -0.3444 0.8816 0.3227 -0.2501 0.9018 0.3523 -0.1557 0.9087 0.3873 -0.0632 0.9021 0.4269 0.0256 0.8821 0.4704 0.1089 0.8491 0.5168 0.1850 0.8039 0.5653 0.2523 0.7473 0.6148 0.3094 0.6805 0.6642 0.3552 0.6048 0.7128 0.3888 0.5218 0.7593 0.4095 0.4332 0.8029 0.4168 0.3408 0.8427 0.4106 0.2465 0.8779 0.3911 0.1521 0.9077 0.3586 0.0596 0.9316 0.3137 -0.0291 0.9491 0.2575 -0.1121 0.9597 0.1910 -0.1879 0.9634 0.1157 -0.2549 0.9600 0.0329 -0.3117 0.9496 -0.0555 -0.3572 0.9324 -0.1478 -0.3903 0.9087 -0.2421 -0.4105 0.8791 -0.3365 -0.4174 0.8441 -0.4290 -0.4108 0.8045 -0.5178 -0.3908 0.7610 -0.6011 -0.3578 0.7146 -0.6772 -0.3126 0.6661 -0.7656 -0.3280 0.5534 -0.8280 -0.2550 0.4993 -0.8781 -0.1722 0.4463 -0.9149 -0.0815 0.3955 -0.9375 0.0153 0.3478 -0.9455 0.1164 0.3043 -0.9387 0.2195 0.2658 -0.9173 0.3227 0.2332 -0.8818 0.4238 0.2071 -0.8328 0.5207 0.1880 -0.7713 0.6115 0.1763 -0.6987 0.6944 0.1723 -0.6163 0.7676 0.1760 -0.5258 0.8297 0.1874 -0.4292 0.8794 0.2062 -0.3283 0.9156 0.2321 -0.2252 0.9377 0.2644 -0.1220 0.9453 0.3027 -0.0208 0.9380 0.3460 0.0763 0.9161 0.3935 0.1673 0.8801 0.4443 0.2505 0.8307 0.4973 0.3240 0.7688 0.5514 0.3865 0.6957 0.6055 0.4366 0.6130 0.6585 0.4733 0.5223 0.7093 0.4959 0.4255 0.7570 0.5039 0.3244 0.8005 0.4971 0.2213 0.8390 0.4758 0.1181 0.8716 0.4402 0.0170 0.8977 0.3912 -0.0799 0.9168 0.3298 -0.1708 0.9285 0.2571 -0.2536 0.9325 0.1747 -0.3268 0.9288 0.0843 -0.3889 0.9174 -0.0124 -0.4386 0.8986 -0.1133 -0.4749 0.8727 -0.2164 -0.4970 0.8404 -0.3196 -0.5045 0.8021 -0.4207 -0.4972 0.7588 -0.5178 -0.4754 0.7113 -0.6089 -0.4393 0.6605 -0.6920 -0.3899 0.6075 -0.8465 -0.3183 0.4267 -0.7793 -0.3969 0.4849 -0.9004 -0.2293 0.3697 -0.9399 -0.1318 0.3149 -0.9642 -0.0276 0.2637 -0.9728 0.0811 0.2169 -0.9656 0.1921 0.1755 -0.9426 0.3030 0.1404 -0.9043 0.4118 0.1123 -0.8516 0.5160 0.0918 -0.7855 0.6137 0.0792 -0.7074 0.7029 0.0749 -0.6187 0.7816 0.0789 -0.5215 0.8484 0.0911 -0.4175 0.9018 0.1114 -0.3090 0.9408 0.1392 -0.1981 0.9646 0.1740 -0.0871 0.9727 0.2152 0.0217 0.9649 0.2618 0.1262 0.9414 0.3129 0.2241 0.9026 0.3675 0.3135 0.8494 0.4245 0.3926 0.7829 0.4826 0.4598 0.7043 0.5408 0.5137 0.6153 0.5979 0.5532 0.5178 0.6526 0.5775 0.4136 0.7039 0.5861 0.3049 0.7507 0.5789 0.1940 0.7920 0.5559 0.0830 0.8271 0.5176 -0.0257 0.8552 0.4649 -0.1300 0.8757 0.3988 -0.2277 0.8883 0.3207 -0.3169 0.8926 0.2320 -0.3956 0.8886 0.1347 -0.4624 0.8764 0.0308 -0.5158 0.8561 -0.0777 -0.5548 0.8283 -0.1886 -0.5786 0.7935 -0.2996 -0.5867 0.7524 -0.4084 -0.5789 0.7058 -0.5129 -0.5554 0.6546 -0.6108 -0.5166 0.6000 -0.7002 -0.4634 0.5431 -0.7856 -0.4619 0.4117 -0.8569 -0.3786 0.3499 -0.9140 -0.2842 0.2894 -0.9559 -0.1807 0.2314 -0.9817 -0.0702 0.1770 -0.9908 0.0451 0.1274 -0.9831 0.1628 0.0835 -0.9588 0.2805 0.0463 -0.9182 0.3958 0.0165 -0.8623 0.5064 -0.0053 -0.7922 0.6100 -0.0186 -0.7093 0.7046 -0.0232 -0.6153 0.7881 -0.0190 -0.5121 0.8589 -0.0060 -0.4018 0.9156 0.0155 -0.2867 0.9570 0.0450 -0.1691 0.9822 0.0819 -0.0514 0.9908 0.1256 0.0641 0.9825 0.1750 0.1748 0.9575 0.2292 0.2787 0.9164 0.2871 0.3736 0.8600 0.3476 0.4575 0.7894 0.4093 0.5288 0.7061 0.4710 0.5859 0.6117 0.5315 0.6278 0.5082 0.5895 0.6536 0.3977 0.6439 0.6627 0.2825 0.6936 0.6550 0.1648 0.7374 0.6306 0.0471 0.7746 0.5901 -0.0683 0.8045 0.5342 -0.1789 0.8262 0.4641 -0.2825 0.8396 0.3812 -0.3770 0.8441 0.2871 -0.4606 0.8399 0.1840 -0.5314 0.8269 0.0737 -0.5881 0.8054 -0.0414 -0.6294 0.7759 -0.1590 -0.6547 0.7390 -0.2768 -0.6632 0.6954 -0.3922 -0.6550 0.6459 -0.5030 -0.6300 0.5917 -0.6068 -0.5889 0.5338 -0.7017 -0.5325 0.4734 -0.8590 -0.4352 0.2698 -0.7843 -0.5225 0.3345 -0.9188 -0.3363 0.2064 -0.9627 -0.2279 0.1456 -0.9897 -0.1121 0.0887 -0.9993 0.0086 0.0367 -0.9912 0.1319 -0.0093 -0.9657 0.2552 -0.0483 -0.9232 0.3760 -0.0795 -0.8646 0.4919 -0.1023 -0.7912 0.6004 -0.1163 -0.7043 0.6995 -0.1211 -0.6059 0.7870 -0.1166 -0.4977 0.8612 -0.1030 -0.3822 0.9206 -0.0805 -0.2616 0.9639 -0.0496 -0.1384 0.9903 -0.0109 -0.0151 0.9993 0.0348 0.1058 0.9906 0.0866 0.2218 0.9645 0.1434 0.3307 0.9214 0.2040 0.4300 0.8623 0.2673 0.5179 0.7884 0.3320 0.5926 0.7011 0.3966 0.6525 0.6022 0.4600 0.6964 0.4938 0.5208 0.7234 0.3780 0.5778 0.7329 0.2573 0.6298 0.7249 0.1340 0.6757 0.6993 0.0107 0.7147 0.6568 -0.1101 0.7459 0.5983 -0.2260 0.7688 0.5248 -0.3345 0.7827 0.4380 -0.4336 0.7875 0.3395 -0.5211 0.7831 0.2314 -0.5953 0.7695 0.1159 -0.6547 0.7470 -0.0047 -0.6980 0.7161 -0.1279 -0.7244 0.6774 -0.2512 -0.7334 0.6317 -0.3722 -0.7247 0.5799 -0.4882 -0.6986 0.5231 -0.5970 -0.6555 0.4624 -0.6964 -0.5964 0.3991 -0.7755 -0.5780 0.2541 -0.8528 -0.4876 0.1871 -0.9148 -0.3852 0.1214 -0.9603 -0.2729 0.0585 -0.9882 -0.1530 -0.0005 -0.9981 -0.0279 -0.0544 -0.9898 0.0997 -0.1020 -0.9633 0.2275 -0.1424 -0.9193 0.3526 -0.1747 -0.8587 0.4726 -0.1984 -0.7826 0.5851 -0.2128 -0.6926 0.6876 -0.2178 -0.5906 0.7783 -0.2132 -0.4786 0.8551 -0.1991 -0.3590 0.9166 -0.1758 -0.2341 0.9615 -0.1438 -0.1065 0.9889 -0.1037 0.0213 0.9982 -0.0564 0.1465 0.9892 -0.0027 0.2667 0.9621 0.0561 0.3794 0.9176 0.1189 0.4823 0.8563 0.1845 0.5734 0.7797 0.2515 0.6507 0.6893 0.3185 0.7128 0.5869 0.3841 0.7582 0.4746 0.4471 0.7862 0.3547 0.5061 0.7961 0.2296 0.5599 0.7877 0.1019 0.6075 0.7613 -0.0258 0.6479 0.7173 -0.1509 0.6803 0.6566 -0.2709 0.7039 0.5805 -0.3834 0.7184 0.4906 -0.4860 0.7233 0.3886 -0.5766 0.7187 0.2766 -0.6534 0.7046 0.1569 -0.7149 0.6813 0.0320 -0.7598 0.6493 -0.0956 -0.7872 0.6092 -0.2233 -0.7965 0.5619 -0.3486 -0.7875 0.5083 -0.4688 -0.7605 0.4494 -0.5815 -0.7159 0.3866 -0.6844 -0.6546 0.3210 -0.8384 -0.5353 0.1026 -0.7591 -0.6280 0.1712 -0.9019 -0.4304 0.0353 -0.9485 -0.3153 -0.0293 -0.9772 -0.1924 -0.0897 -0.9874 -0.0642 -0.1449 -0.9788 0.0667 -0.1937 -0.9517 0.1975 -0.2351 -0.9066 0.3258 -0.2683 -0.8444 0.4488 -0.2925 -0.7664 0.5641 -0.3073 -0.6742 0.6692 -0.3124 -0.5697 0.7621 -0.3077 -0.4549 0.8409 -0.2932 -0.3323 0.9039 -0.2694 -0.2043 0.9499 -0.2366 -0.0735 0.9780 -0.1955 0.0574 0.9875 -0.1470 0.1858 0.9783 -0.0920 0.3090 0.9505 -0.0317 0.4245 0.9048 0.0327 0.5300 0.8421 0.0999 0.6233 0.7636 0.1685 0.7026 0.6709 0.2372 0.7662 0.5659 0.3045 0.8127 0.4509 0.3690 0.8414 0.3280 0.4295 0.8516 0.1998 0.4847 0.8430 0.0689 0.5335 0.8159 -0.0620 0.5749 0.7708 -0.1903 0.6080 0.7086 -0.3133 0.6322 0.6306 -0.4285 0.6471 0.5384 -0.5336 0.6522 0.4339 -0.6266 0.6474 0.3191 -0.7053 0.6330 0.1965 -0.7683 0.6091 0.0685 -0.8144 0.5763 -0.0623 -0.8424 0.5352 -0.1932 -0.8519 0.4867 -0.3216 -0.8427 0.4317 -0.4448 -0.8150 0.3714 -0.5603 -0.7693 0.3070 -0.6658 -0.7065 0.2398 -0.7355 -0.6720 0.0867 -0.8159 -0.5779 0.0170 -0.8804 -0.4714 -0.0512 -0.9277 -0.3547 -0.1167 -0.9568 -0.2300 -0.1781 -0.9671 -0.0999 -0.2341 -0.9584 0.0329 -0.2836 -0.9309 0.1657 -0.3256 -0.8851 0.2959 -0.3592 -0.8220 0.4207 -0.3838 -0.7429 0.5376 -0.3988 -0.6493 0.6443 -0.4040 -0.5433 0.7386 -0.3992 -0.4268 0.8185 -0.3846 -0.3024 0.8824 -0.3604 -0.1725 0.9291 -0.3271 -0.0398 0.9576 -0.2854 0.0931 0.9673 -0.2361 0.2233 0.9579 -0.1804 0.3483 0.9298 -0.1192 0.4655 0.8834 -0.0538 0.5726 0.8197 0.0144 0.6673 0.7401 0.0840 0.7477 0.6460 0.1537 0.8122 0.5395 0.2219 0.8595 0.4228 0.2874 0.8885 0.2981 0.3488 0.8988 0.1680 0.4048 0.8902 0.0352 0.4543 0.8626 -0.0976 0.4963 0.8169 -0.2278 0.5299 0.7538 -0.3526 0.5545 0.6747 -0.4695 0.5695 0.5811 -0.5762 0.5747 0.4750 -0.6705 0.5699 0.3586 -0.7504 0.5553 0.2342 -0.8143 0.5311 0.1043 -0.8610 0.4978 -0.0285 -0.8895 0.4561 -0.1613 -0.8991 0.4068 -0.2915 -0.8898 0.3511 -0.4165 -0.8617 0.2899 -0.5338 -0.8153 0.2245 -0.6408 -0.7516 0.1563 -0.7856 -0.6149 -0.0686 -0.7048 -0.7094 0.0014 -0.8504 -0.5079 -0.1372 -0.8979 -0.3906 -0.2030 -0.9271 -0.2653 -0.2647 -0.9375 -0.1346 -0.3210 -0.9287 -0.0011 -0.3707 -0.9011 0.1323 -0.4129 -0.8551 0.2631 -0.4467 -0.7917 0.3885 -0.4714 -0.7122 0.5060 -0.4865 -0.6182 0.6132 -0.4917 -0.5116 0.7079 -0.4869 -0.3946 0.7882 -0.4722 -0.2696 0.8525 -0.4479 -0.1390 0.8994 -0.4144 -0.0057 0.9280 -0.3725 0.1278 0.9377 -0.3230 0.2587 0.9283 -0.2670 0.3843 0.9001 -0.2055 0.5021 0.8535 -0.1398 0.6096 0.7895 -0.0713 0.7048 0.7094 -0.0014 0.7856 0.6149 0.0686 0.8504 0.5079 0.1372 0.8979 0.3906 0.2030 0.9271 0.2653 0.2647 0.9375 0.1346 0.3210 0.9287 0.0011 0.3707 0.9011 -0.1323 0.4129 0.8551 -0.2631 0.4467 0.7917 -0.3885 0.4714 0.7122 -0.5060 0.4865 0.6182 -0.6132 0.4917 0.5116 -0.7079 0.4869 0.3946 -0.7882 0.4722 0.2696 -0.8525 0.4479 0.1390 -0.8994 0.4144 0.0057 -0.9280 0.3725 -0.1278 -0.9377 0.3230 -0.2587 -0.9283 0.2670 -0.3843 -0.9001 0.2055 -0.5021 -0.8535 0.1398 -0.6096 -0.7895 0.0713 -0.6673 -0.7401 -0.0840 -0.7477 -0.6460 -0.1537 -0.8122 -0.5395 -0.2219 -0.8595 -0.4228 -0.2874 -0.8885 -0.2981 -0.3488 -0.8988 -0.1680 -0.4048 -0.8902 -0.0352 -0.4543 -0.8626 0.0976 -0.4963 -0.8169 0.2278 -0.5299 -0.7538 0.3526 -0.5545 -0.6747 0.4695 -0.5695 -0.5811 0.5762 -0.5747 -0.4750 0.6705 -0.5699 -0.3586 0.7504 -0.5553 -0.2342 0.8143 -0.5311 -0.1043 0.8610 -0.4978 0.0285 0.8895 -0.4561 0.1613 0.8991 -0.4068 0.2915 0.8898 -0.3511 0.4165 0.8617 -0.2899 0.5338 0.8153 -0.2245 0.6408 0.7516 -0.1563 0.7355 0.6720 -0.0867 0.8159 0.5779 -0.0170 0.8804 0.4714 0.0512 0.9277 0.3546 0.1167 0.9568 0.2300 0.1781 0.9671 0.0999 0.2341 0.9584 -0.0329 0.2836 0.9309 -0.1657 0.3256 0.8851 -0.2959 0.3592 0.8220 -0.4207 0.3838 0.7429 -0.5376 0.3988 0.6493 -0.6443 0.4040 0.5433 -0.7386 0.3992 0.4268 -0.8185 0.3846 0.3024 -0.8824 0.3604 0.1725 -0.9291 0.3271 0.0398 -0.9576 0.2854 -0.0931 -0.9673 0.2361 -0.2233 -0.9579 0.1804 -0.3483 -0.9298 0.1192 -0.4655 -0.8834 0.0538 -0.5726 -0.8197 -0.0144 -0.7026 -0.6709 -0.2372 -0.6233 -0.7636 -0.1685 -0.7662 -0.5659 -0.3045 -0.8127 -0.4509 -0.3690 -0.8414 -0.3280 -0.4295 -0.8516 -0.1998 -0.4847 -0.8430 -0.0689 -0.5335 -0.8159 0.0620 -0.5749 -0.7708 0.1903 -0.6080 -0.7086 0.3133 -0.6322 -0.6306 0.4285 -0.6471 -0.5384 0.5336 -0.6522 -0.4339 0.6265 -0.6474 -0.3191 0.7053 -0.6330 -0.1965 0.7683 -0.6091 -0.0685 0.8144 -0.5763 0.0623 0.8424 -0.5352 0.1932 0.8519 -0.4867 0.3216 0.8427 -0.4317 0.4448 0.8150 -0.3714 0.5603 0.7693 -0.3070 0.6658 0.7065 -0.2398 0.7591 0.6280 -0.1712 0.8384 0.5353 -0.1026 0.9020 0.4304 -0.0353 0.9485 0.3153 0.0293 0.9772 0.1924 0.0897 0.9874 0.0642 0.1449 0.9788 -0.0667 0.1937 0.9517 -0.1975 0.2351 0.9066 -0.3258 0.2683 0.8444 -0.4488 0.2925 0.7664 -0.5641 0.3073 0.6742 -0.6692 0.3124 0.5697 -0.7621 0.3077 0.4549 -0.8409 0.2932 0.3323 -0.9039 0.2694 0.2043 -0.9499 0.2366 0.0735 -0.9780 0.1955 -0.0574 -0.9875 0.1470 -0.1858 -0.9783 0.0920 -0.3090 -0.9505 0.0317 -0.4245 -0.9048 -0.0327 -0.5300 -0.8421 -0.0999 -0.5734 -0.7797 -0.2515 -0.6507 -0.6893 -0.3185 -0.7128 -0.5869 -0.3841 -0.7582 -0.4746 -0.4471 -0.7862 -0.3547 -0.5061 -0.7961 -0.2296 -0.5599 -0.7877 -0.1019 -0.6075 -0.7613 0.0258 -0.6479 -0.7173 0.1509 -0.6803 -0.6566 0.2709 -0.7039 -0.5805 0.3834 -0.7184 -0.4906 0.4860 -0.7233 -0.3886 0.5766 -0.7187 -0.2766 0.6534 -0.7046 -0.1569 0.7149 -0.6813 -0.0320 0.7598 -0.6493 0.0956 0.7872 -0.6092 0.2233 0.7965 -0.5619 0.3486 0.7875 -0.5083 0.4688 0.7605 -0.4494 0.5815 0.7159 -0.3866 0.6844 0.6546 -0.3210 0.7755 0.5780 -0.2541 0.8528 0.4876 -0.1871 0.9148 0.3852 -0.1214 0.9603 0.2729 -0.0585 0.9882 0.1530 0.0005 0.9981 0.0279 0.0544 0.9898 -0.0997 0.1020 0.9633 -0.2275 0.1424 0.9193 -0.3526 0.1747 0.8587 -0.4726 0.1984 0.7826 -0.5851 0.2128 0.6926 -0.6876 0.2178 0.5906 -0.7783 0.2132 0.4786 -0.8551 0.1991 0.3590 -0.9166 0.1758 0.2341 -0.9615 0.1438 0.1065 -0.9889 0.1037 -0.0213 -0.9982 0.0564 -0.1465 -0.9892 0.0027 -0.2667 -0.9621 -0.0561 -0.3794 -0.9175 -0.1189 -0.4823 -0.8563 -0.1845 -0.5926 -0.7011 -0.3966 -0.5179 -0.7884 -0.3320 -0.6525 -0.6022 -0.4600 -0.6964 -0.4938 -0.5208 -0.7234 -0.3780 -0.5778 -0.7329 -0.2573 -0.6298 -0.7249 -0.1340 -0.6757 -0.6993 -0.0107 -0.7147 -0.6568 0.1101 -0.7459 -0.5983 0.2260 -0.7688 -0.5248 0.3345 -0.7827 -0.4380 0.4336 -0.7875 -0.3395 0.5211 -0.7831 -0.2314 0.5953 -0.7695 -0.1159 0.6547 -0.7470 0.0047 0.6980 -0.7161 0.1279 0.7244 -0.6774 0.2513 0.7334 -0.6317 0.3722 0.7247 -0.5799 0.4882 0.6986 -0.5231 0.5970 0.6555 -0.4624 0.6964 0.5964 -0.3991 0.7843 0.5225 -0.3345 0.8590 0.4352 -0.2698 0.9188 0.3363 -0.2064 0.9627 0.2279 -0.1456 0.9897 0.1121 -0.0887 0.9993 -0.0086 -0.0367 0.9912 -0.1319 0.0093 0.9657 -0.2552 0.0483 0.9232 -0.3760 0.0795 0.8646 -0.4919 0.1023 0.7912 -0.6004 0.1163 0.7043 -0.6995 0.1211 0.6059 -0.7870 0.1166 0.4977 -0.8612 0.1030 0.3822 -0.9206 0.0805 0.2616 -0.9639 0.0496 0.1384 -0.9903 0.0109 0.0151 -0.9993 -0.0348 -0.1058 -0.9906 -0.0866 -0.2218 -0.9645 -0.1434 -0.3307 -0.9214 -0.2040 -0.4300 -0.8623 -0.2673 -0.4575 -0.7894 -0.4093 -0.5288 -0.7061 -0.4710 -0.5859 -0.6117 -0.5315 -0.6278 -0.5082 -0.5895 -0.6536 -0.3977 -0.6439 -0.6627 -0.2825 -0.6936 -0.6550 -0.1648 -0.7374 -0.6306 -0.0471 -0.7746 -0.5901 0.0683 -0.8045 -0.5342 0.1789 -0.8262 -0.4641 0.2825 -0.8396 -0.3812 0.3770 -0.8441 -0.2871 0.4606 -0.8399 -0.1840 0.5314 -0.8269 -0.0737 0.5881 -0.8054 0.0414 0.6294 -0.7759 0.1590 0.6547 -0.7390 0.2768 0.6632 -0.6954 0.3922 0.6550 -0.6459 0.5030 0.6300 -0.5917 0.6068 0.5889 -0.5338 0.7017 0.5325 -0.4734 0.7856 0.4619 -0.4117 0.8569 0.3786 -0.3499 0.9140 0.2842 -0.2894 0.9559 0.1807 -0.2314 0.9817 0.0702 -0.1770 0.9908 -0.0451 -0.1274 0.9831 -0.1628 -0.0835 0.9588 -0.2805 -0.0463 0.9182 -0.3958 -0.0165 0.8623 -0.5064 0.0053 0.7922 -0.6100 0.0186 0.7093 -0.7046 0.0232 0.6153 -0.7881 0.0190 0.5121 -0.8589 0.0060 0.4018 -0.9156 -0.0155 0.2867 -0.9570 -0.0450 0.1691 -0.9822 -0.0819 0.0514 -0.9908 -0.1256 -0.0641 -0.9825 -0.1750 -0.1748 -0.9575 -0.2292 -0.2787 -0.9164 -0.2871 -0.3736 -0.8600 -0.3476 -0.4598 -0.7043 -0.5408 -0.3926 -0.7829 -0.4826 -0.5137 -0.6153 -0.5979 -0.5532 -0.5178 -0.6526 -0.5775 -0.4136 -0.7039 -0.5861 -0.3049 -0.7507 -0.5789 -0.1940 -0.7920 -0.5559 -0.0830 -0.8271 -0.5176 0.0257 -0.8552 -0.4649 0.1300 -0.8757 -0.3988 0.2277 -0.8883 -0.3207 0.3169 -0.8926 -0.2320 0.3956 -0.8886 -0.1347 0.4624 -0.8764 -0.0308 0.5158 -0.8561 0.0777 0.5548 -0.8283 0.1886 0.5786 -0.7935 0.2996 0.5867 -0.7524 0.4084 0.5789 -0.7058 0.5129 0.5554 -0.6546 0.6108 0.5166 -0.6000 0.7002 0.4634 -0.5431 0.7793 0.3969 -0.4849 0.8465 0.3183 -0.4267 0.9004 0.2293 -0.3697 0.9399 0.1318 -0.3149 0.9642 0.0276 -0.2637 0.9728 -0.0811 -0.2169 0.9656 -0.1921 -0.1755 0.9426 -0.3030 -0.1404 0.9043 -0.4118 -0.1123 0.8516 -0.5160 -0.0918 0.7855 -0.6137 -0.0792 0.7074 -0.7029 -0.0749 0.6187 -0.7816 -0.0789 0.5215 -0.8484 -0.0911 0.4175 -0.9018 -0.1114 0.3090 -0.9408 -0.1392 0.1981 -0.9646 -0.1740 0.0871 -0.9727 -0.2152 -0.0217 -0.9649 -0.2618 -0.1262 -0.9414 -0.3129 -0.2241 -0.9026 -0.3675 -0.3135 -0.8494 -0.4245 -0.3240 -0.7688 -0.5514 -0.3865 -0.6957 -0.6055 -0.4366 -0.6130 -0.6585 -0.4733 -0.5223 -0.7093 -0.4959 -0.4255 -0.7570 -0.5039 -0.3244 -0.8005 -0.4971 -0.2213 -0.8390 -0.4758 -0.1181 -0.8716 -0.4402 -0.0170 -0.8977 -0.3912 0.0799 -0.9168 -0.3298 0.1708 -0.9285 -0.2571 0.2536 -0.9325 -0.1747 0.3268 -0.9288 -0.0842 0.3889 -0.9174 0.0124 0.4386 -0.8986 0.1133 0.4749 -0.8727 0.2164 0.4970 -0.8404 0.3196 0.5045 -0.8021 0.4207 0.4972 -0.7588 0.5178 0.4754 -0.7113 0.6089 0.4393 -0.6605 0.6920 0.3899 -0.6075 0.7656 0.3280 -0.5534 0.8280 0.2550 -0.4993 0.8781 0.1722 -0.4463 0.9149 0.0815 -0.3955 0.9375 -0.0153 -0.3478 0.9455 -0.1164 -0.3043 0.9387 -0.2195 -0.2658 0.9173 -0.3227 -0.2332 0.8818 -0.4238 -0.2071 0.8328 -0.5207 -0.1880 0.7713 -0.6115 -0.1763 0.6987 -0.6944 -0.1723 0.6163 -0.7676 -0.1760 0.5258 -0.8297 -0.1874 0.4292 -0.8794 -0.2062 0.3283 -0.9156 -0.2321 0.2252 -0.9377 -0.2644 0.1220 -0.9453 -0.3027 0.0208 -0.9380 -0.3460 -0.0763 -0.9161 -0.3935 -0.1673 -0.8801 -0.4443 -0.2505 -0.8307 -0.4973 -0.3094 -0.6805 -0.6642 -0.2523 -0.7473 -0.6148 -0.3552 -0.6048 -0.7128 -0.3888 -0.5218 -0.7593 -0.4095 -0.4332 -0.8029 -0.4168 -0.3408 -0.8427 -0.4106 -0.2465 -0.8779 -0.3911 -0.1521 -0.9077 -0.3586 -0.0596 -0.9316 -0.3137 0.0291 -0.9491 -0.2575 0.1121 -0.9597 -0.1910 0.1879 -0.9634 -0.1157 0.2549 -0.9600 -0.0329 0.3117 -0.9496 0.0555 0.3572 -0.9324 0.1478 0.3903 -0.9087 0.2421 0.4105 -0.8791 0.3365 0.4174 -0.8441 0.4290 0.4108 -0.8045 0.5178 0.3908 -0.7610 0.6011 0.3578 -0.7146 0.6772 0.3126 -0.6661 0.7444 0.2560 -0.6167 0.8016 0.1892 -0.5672 0.8474 0.1135 -0.5187 0.8810 0.0305 -0.4721 0.9017 -0.0581 -0.4285 0.9090 -0.1505 -0.3887 0.9028 -0.2448 -0.3536 0.8833 -0.3392 -0.3237 0.8507 -0.4317 -0.2998 0.8059 -0.5204 -0.2824 0.7497 -0.6034 -0.2717 0.6832 -0.6792 -0.2680 0.6078 -0.7462 -0.2714 0.5251 -0.8030 -0.2818 0.4367 -0.8485 -0.2990 0.3444 -0.8816 -0.3227 0.2501 -0.9018 -0.3523 0.1557 -0.9087 -0.3873 0.0632 -0.9021 -0.4269 -0.0256 -0.8821 -0.4704 -0.1089 -0.8491 -0.5168 -0.1850 -0.8039 -0.5653 -0.1781 -0.7186 -0.6722 -0.2293 -0.6587 -0.7166 -0.2705 -0.5908 -0.7602 -0.3006 -0.5163 -0.8019 -0.3191 -0.4368 -0.8410 -0.3257 -0.3539 -0.8767 -0.3202 -0.2693 -0.9083 -0.3026 -0.1846 -0.9351 -0.2735 -0.1016 -0.9565 -0.2332 -0.0221 -0.9722 -0.1828 0.0525 -0.9818 -0.1232 0.1205 -0.9850 -0.0555 0.1806 -0.9820 0.0187 0.2315 -0.9727 0.0980 0.2723 -0.9572 0.1808 0.3020 -0.9360 0.2654 0.3202 -0.9094 0.3501 0.3263 -0.8780 0.4331 0.3204 -0.8425 0.5128 0.3024 -0.8035 0.5875 0.2729 -0.7618 0.6558 0.2323 -0.7183 0.7161 0.1815 -0.6740 0.7674 0.1216 -0.6296 0.8085 0.0537 -0.5860 0.8386 -0.0208 -0.5443 0.8572 -0.1003 -0.5052 0.8637 -0.1832 -0.4695 0.8582 -0.2678 -0.4379 0.8407 -0.3525 -0.4111 0.8115 -0.4354 -0.3897 0.7713 -0.5150 -0.3740 0.7208 -0.5895 -0.3644 0.6612 -0.6576 -0.3611 0.5936 -0.7176 -0.3642 0.5194 -0.7686 -0.3735 0.4400 -0.8094 -0.3890 0.3572 -0.8391 -0.4102 0.2726 -0.8573 -0.4368 0.1880 -0.8634 -0.4682 0.1049 -0.8575 -0.5037 0.0252 -0.8395 -0.5427 -0.0495 -0.8100 -0.5844 -0.1177 -0.7694 -0.6279 -0.1471 -0.6305 -0.7621 -0.1022 -0.6830 -0.7232 -0.1831 -0.5710 -0.8002 -0.2095 -0.5058 -0.8368 -0.2257 -0.4362 -0.8711 -0.2315 -0.3636 -0.9023 -0.2266 -0.2895 -0.9300 -0.2112 -0.2153 -0.9534 -0.1857 -0.1427 -0.9722 -0.1505 -0.0730 -0.9859 -0.1063 -0.0077 -0.9943 -0.0541 0.0518 -0.9972 0.0051 0.1044 -0.9945 0.0701 0.1491 -0.9863 0.1396 0.1848 -0.9728 0.2121 0.2108 -0.9542 0.2862 0.2267 -0.9310 0.3604 0.2321 -0.9035 0.4331 0.2269 -0.8723 0.5029 0.2112 -0.8382 0.5683 0.1853 -0.8017 0.6281 0.1498 -0.7636 0.6809 0.1053 -0.7248 0.7258 0.0528 -0.6859 0.7618 -0.0067 -0.6478 0.7882 -0.0719 -0.6112 0.8044 -0.1415 -0.5769 0.8102 -0.2141 -0.5457 0.8053 -0.2882 -0.5180 0.7900 -0.3624 -0.4946 0.7644 -0.4350 -0.4758 0.7292 -0.5047 -0.4621 0.6850 -0.5700 -0.4537 0.6328 -0.6295 -0.4508 0.5736 -0.6822 -0.4535 0.5086 -0.7268 -0.4617 0.4391 -0.7625 -0.4752 0.3666 -0.7885 -0.4938 0.2925 -0.8044 -0.5170 0.2184 -0.8098 -0.5445 0.1457 -0.8046 -0.5757 0.0759 -0.7889 -0.6098 0.0104 -0.7630 -0.6463 -0.0493 -0.7275 -0.6844 -0.0253 -0.6408 -0.7673 -0.0634 -0.5963 -0.8003 -0.0939 -0.5458 -0.8326 -0.1163 -0.4905 -0.8636 -0.1301 -0.4314 -0.8927 -0.1350 -0.3698 -0.9192 -0.1309 -0.3069 -0.9427 -0.1178 -0.2440 -0.9626 -0.0962 -0.1824 -0.9785 -0.0663 -0.1232 -0.9902 -0.0288 -0.0679 -0.9973 0.0155 -0.0173 -0.9997 0.0658 0.0273 -0.9975 0.1209 0.0652 -0.9905 0.1799 0.0955 -0.9790 0.2414 0.1176 -0.9633 0.3043 0.1311 -0.9435 0.3672 0.1357 -0.9202 0.4289 0.1312 -0.8938 0.4881 0.1179 -0.8648 0.5436 0.0959 -0.8339 0.5943 0.0658 -0.8016 0.6392 0.0280 -0.7686 0.6772 -0.0165 -0.7356 0.7078 -0.0669 -0.7032 0.7302 -0.1223 -0.6722 0.7440 -0.1813 -0.6431 0.7488 -0.2429 -0.6166 0.7447 -0.3058 -0.5932 0.7317 -0.3688 -0.5733 0.7100 -0.4304 -0.5573 0.6801 -0.4895 -0.5457 0.6427 -0.5449 -0.5386 0.5983 -0.5954 -0.5361 0.5481 -0.6401 -0.5384 0.4929 -0.6779 -0.5453 0.4340 -0.7082 -0.5568 0.3725 -0.7304 -0.5726 0.3096 -0.7438 -0.5923 0.2467 -0.7484 -0.6156 0.1850 -0.7440 -0.6421 0.1258 -0.7307 -0.6711 0.0703 -0.7087 -0.7020 0.0196 -0.6785 -0.7343 0.0209 -0.5563 -0.8307 0.0518 -0.5924 -0.8039 -0.0039 -0.5153 -0.8570 -0.0221 -0.4704 -0.8822 -0.0333 -0.4225 -0.9058 -0.0372 -0.3725 -0.9273 -0.0339 -0.3214 -0.9463 -0.0233 -0.2703 -0.9625 -0.0057 -0.2203 -0.9754 0.0186 -0.1723 -0.9849 0.0490 -0.1273 -0.9907 0.0850 -0.0863 -0.9926 0.1257 -0.0500 -0.9908 0.1705 -0.0193 -0.9852 0.2184 0.0053 -0.9759 0.2683 0.0232 -0.9630 0.3194 0.0342 -0.9470 0.3704 0.0379 -0.9281 0.4205 0.0343 -0.9066 0.4686 0.0235 -0.8831 0.5137 0.0056 -0.8580 0.5548 -0.0188 -0.8318 0.5912 -0.0495 -0.8050 0.6222 -0.0856 -0.7782 0.6470 -0.1266 -0.7519 0.6651 -0.1715 -0.7268 0.6763 -0.2194 -0.7032 0.6803 -0.2695 -0.6816 0.6769 -0.3205 -0.6626 0.6664 -0.3716 -0.6464 0.6488 -0.4216 -0.6335 0.6245 -0.4696 -0.6241 0.5941 -0.5146 -0.6183 0.5581 -0.5556 -0.6163 0.5173 -0.5919 -0.6181 0.4725 -0.6226 -0.6238 0.4247 -0.6472 -0.6331 0.3747 -0.6651 -0.6459 0.3237 -0.6761 -0.6619 0.2726 -0.6798 -0.6808 0.2225 -0.6762 -0.7023 0.1745 -0.6654 -0.7258 0.1294 -0.6476 -0.7509 0.0882 -0.6231 -0.7772 0.1285 -0.5384 -0.8329 0.1050 -0.5109 -0.8532 0.0862 -0.4799 -0.8731 0.0724 -0.4458 -0.8922 0.0639 -0.4095 -0.9101 0.0609 -0.3715 -0.9264 0.0634 -0.3328 -0.9409 0.0715 -0.2940 -0.9531 0.0848 -0.2561 -0.9629 0.1032 -0.2197 -0.9701 0.1263 -0.1856 -0.9745 0.1536 -0.1544 -0.9760 0.1845 -0.1269 -0.9746 0.2185 -0.1036 -0.9703 0.2548 -0.0850 -0.9633 0.2927 -0.0714 -0.9535 0.3314 -0.0631 -0.9414 0.3701 -0.0602 -0.9270 0.4081 -0.0630 -0.9108 0.4446 -0.0712 -0.8929 0.4788 -0.0847 -0.8738 0.5100 -0.1033 -0.8540 0.5376 -0.1265 -0.8336 0.5611 -0.1539 -0.8133 0.5799 -0.1850 -0.7934 0.5937 -0.2191 -0.7743 0.6022 -0.2554 -0.7564 0.6052 -0.2934 -0.7401 0.6026 -0.3321 -0.7256 0.5946 -0.3709 -0.7134 0.5813 -0.4088 -0.7036 0.5629 -0.4452 -0.6964 0.5398 -0.4793 -0.6920 0.5125 -0.5104 -0.6905 0.4815 -0.5379 -0.6919 0.4476 -0.5613 -0.6962 0.4113 -0.5799 -0.7032 0.3734 -0.5935 -0.7130 0.3347 -0.6018 -0.7251 0.2959 -0.6046 -0.7395 0.2579 -0.6019 -0.7557 0.2215 -0.5937 -0.7736 0.1873 -0.5802 -0.7927 0.1561 -0.5616 -0.8126 0.1881 -0.4607 -0.8674 0.2038 -0.4791 -0.8537 0.1754 -0.4398 -0.8808 0.1662 -0.4169 -0.8936 0.1605 -0.3925 -0.9057 0.1584 -0.3670 -0.9166 0.1601 -0.3409 -0.9263 0.1655 -0.3149 -0.9346 0.1745 -0.2894 -0.9412 0.1869 -0.2649 -0.9460 0.2024 -0.2420 -0.9489 0.2207 -0.2211 -0.9499 0.2415 -0.2026 -0.9490 0.2643 -0.1870 -0.9461 0.2887 -0.1744 -0.9414 0.3142 -0.1653 -0.9349 0.3402 -0.1597 -0.9267 0.3663 -0.1578 -0.9170 0.3918 -0.1596 -0.9061 0.4163 -0.1651 -0.8941 0.4393 -0.1742 -0.8813 0.4603 -0.1867 -0.8679 0.4788 -0.2023 -0.8543 0.4946 -0.2207 -0.8406 0.5072 -0.2416 -0.8273 0.5165 -0.2645 -0.8144 0.5222 -0.2890 -0.8024 0.5242 -0.3145 -0.7914 0.5225 -0.3405 -0.7817 0.5171 -0.3665 -0.7735 0.5082 -0.3920 -0.7669 0.4958 -0.4165 -0.7620 0.4803 -0.4394 -0.7591 0.4619 -0.4604 -0.7581 0.4411 -0.4788 -0.7590 0.4183 -0.4945 -0.7619 0.3939 -0.5070 -0.7666 0.3685 -0.5162 -0.7732 0.3424 -0.5218 -0.7813 0.3164 -0.5237 -0.7910 0.2909 -0.5218 -0.8019 0.2664 -0.5163 -0.8139 0.2434 -0.5072 -0.8267 0.2224 -0.4947 -0.8401 
                    </float_array>
                    <technique_common>
                        <accessor source="#Track_Sky-mesh-normals-array" count="1783" stride="3">
                            <param name="X" type="float" />
                            <param name="Y" type="float" />
                            <param name="Z" type="float" />
                        </accessor>
                    </technique_common>
                </source>
                <source id="Track_Sky-mesh-map-0">
                    <float_array id="Track_Sky-mesh-map-0-array" count="3410">0.5653 0.9924 0.5000 0.9990 0.5640 0.9924 0.5603 0.9924 0.5543 0.9924 0.5461 0.9924 0.5363 0.9924 0.5250 0.9924 0.5127 0.9924 0.5000 0.9924 0.4873 0.9924 0.4750 0.9924 0.4637 0.9924 0.4539 0.9924 0.4457 0.9924 0.4397 0.9924 0.4360 0.9924 0.4347 0.9924 0.9904 0.1155 0.9957 0.0000 1.0000 0.1155 0.9862 0.0000 0.9580 0.0000 0.9619 0.1155 0.9157 0.1155 0.9122 0.0000 0.8505 0.0000 0.8536 0.1155 0.7778 0.1155 0.7754 0.0000 0.6897 0.0000 0.6913 0.1155 0.5975 0.1155 0.5967 0.0000 0.5000 0.0000 0.5000 0.1155 0.4025 0.1155 0.4033 0.0000 0.3103 0.0000 0.3087 0.1155 0.2222 0.1155 0.2246 0.0000 0.1495 0.0000 0.1464 0.1155 0.0843 0.1155 0.0878 0.0000 0.0420 0.0000 0.0381 0.1155 0.0096 0.1155 0.0138 0.0000 0.0043 0.0000 0.0000 0.1155 0.9957 0.2309 0.9862 0.2309 0.9580 0.2309 0.9122 0.2309 0.8505 0.2309 0.7754 0.2309 0.6897 0.2309 0.5967 0.2309 0.5000 0.2309 0.4033 0.2309 0.3103 0.2309 0.2246 0.2309 0.1495 0.2309 0.0878 0.2309 0.0420 0.2309 0.0138 0.2309 0.0043 0.2309 0.9737 0.3444 0.9830 0.3444 0.9462 0.3444 0.9016 0.3444 0.8415 0.3444 0.7683 0.3444 0.6848 0.3444 0.5942 0.3444 0.5000 0.3444 0.4058 0.3444 0.3152 0.3444 0.2317 0.3444 0.1585 0.3444 0.0984 0.3444 0.0538 0.3444 0.0263 0.3444 0.0170 0.3444 0.9619 0.4540 0.9531 0.4540 0.9268 0.4540 0.8841 0.4540 0.8266 0.4540 0.7566 0.4540 0.6768 0.4540 0.5901 0.4540 0.5000 0.4540 0.4099 0.4540 0.3232 0.4540 0.2434 0.4540 0.1734 0.4540 0.1159 0.4540 0.0732 0.4540 0.0469 0.4540 0.0381 0.4540 0.9247 0.5577 0.9330 0.5577 0.9001 0.5577 0.8600 0.5577 0.8062 0.5577 0.7406 0.5577 0.6657 0.5577 0.5845 0.5577 0.5000 0.5577 0.4155 0.5577 0.3343 0.5577 0.2594 0.5577 0.1938 0.5577 0.1400 0.5577 0.0999 0.5577 0.0753 0.5577 0.0670 0.5577 0.8967 0.6539 0.8891 0.6539 0.8665 0.6539 0.8298 0.6539 0.7805 0.6539 0.7204 0.6539 0.6518 0.6539 0.5774 0.6539 0.5000 0.6539 0.4226 0.6539 0.3482 0.6539 0.2796 0.6539 0.2195 0.6539 0.1702 0.6539 0.1335 0.6539 0.1109 0.6539 0.1033 0.6539 0.8468 0.7409 0.8536 0.7409 0.8266 0.7409 0.7940 0.7409 0.7500 0.7409 0.6964 0.7409 0.6353 0.7409 0.5690 0.7409 0.5000 0.7409 0.4310 0.7409 0.3647 0.7409 0.3036 0.7409 0.2500 0.7409 0.2060 0.7409 0.1734 0.7409 0.1532 0.7409 0.1464 0.7409 0.8044 0.8172 0.7985 0.8172 0.7812 0.8172 0.7531 0.8172 0.7152 0.8172 0.6691 0.8172 0.6165 0.8172 0.5594 0.8172 0.5000 0.8172 0.4406 0.8172 0.3835 0.8172 0.3309 0.8172 0.2848 0.8172 0.2469 0.8172 0.2188 0.8172 0.2015 0.8172 0.1956 0.8172 0.7452 0.8815 0.7500 0.8815 0.7310 0.8815 0.7079 0.8815 0.6768 0.8815 0.6389 0.8815 0.5957 0.8815 0.5488 0.8815 0.5000 0.8815 0.4512 0.8815 0.4043 0.8815 0.3611 0.8815 0.3232 0.8815 0.2921 0.8815 0.2690 0.8815 0.2548 0.8815 0.2500 0.8815 0.6913 0.9327 0.6877 0.9327 0.6768 0.9327 0.6591 0.9327 0.6353 0.9327 0.6063 0.9327 0.5732 0.9327 0.5373 0.9327 0.5000 0.9327 0.4627 0.9327 0.4268 0.9327 0.3937 0.9327 0.3647 0.9327 0.3409 0.9327 0.3232 0.9327 0.3123 0.9327 0.3087 0.9327 0.6269 0.9699 0.6294 0.9699 0.6196 0.9699 0.6076 0.9699 0.5915 0.9699 0.5719 0.9699 0.5495 0.9699 0.5252 0.9699 0.5000 0.9699 0.4748 0.9699 0.4505 0.9699 0.4281 0.9699 0.4085 0.9699 0.3924 0.9699 0.3804 0.9699 0.3731 0.9699 0.3706 0.9699 0.0227 0.0313 0.0000 0.0008 0.0000 0.0313 0.0000 0.9688 0.0004 0.9980 0.0227 0.9688 0.0455 0.0313 0.0227 0.0008 0.0231 0.9980 0.0455 0.9688 0.0682 0.0313 0.0455 0.0008 0.0458 0.9980 0.0682 0.9688 0.0909 0.0313 0.0682 0.0008 0.0686 0.9980 0.0909 0.9688 0.1136 0.0313 0.0909 0.0008 0.0913 0.9980 0.1136 0.9688 0.1364 0.0313 0.1136 0.0008 0.1140 0.9980 0.1364 0.9688 0.1591 0.0313 0.1364 0.0008 0.1368 0.9980 0.1591 0.9688 0.1818 0.0313 0.1591 0.0008 0.1595 0.9980 0.1818 0.9688 0.2045 0.0313 0.1818 0.0008 0.1822 0.9980 0.2045 0.9688 0.2273 0.0313 0.2045 0.0008 0.2049 0.9980 0.2273 0.9688 0.2500 0.0313 0.2273 0.0008 0.2277 0.9980 0.2500 0.9688 0.2727 0.0313 0.2500 0.0008 0.2504 0.9980 0.2727 0.9688 0.2955 0.0313 0.2727 0.0008 0.2731 0.9980 0.2955 0.9688 0.3182 0.0313 0.2955 0.0008 0.2958 0.9980 0.3182 0.9688 0.3409 0.0313 0.3182 0.0008 0.3186 0.9980 0.3409 0.9688 0.3636 0.0313 0.3409 0.0008 0.3413 0.9980 0.3636 0.9688 0.3864 0.0313 0.3636 0.0008 0.3640 0.9980 0.3864 0.9688 0.4091 0.0313 0.3864 0.0008 0.3868 0.9980 0.4091 0.9688 0.4318 0.0313 0.4091 0.0008 0.4095 0.9980 0.4318 0.9688 0.4545 0.0313 0.4318 0.0008 0.4322 0.9980 0.4545 0.9688 0.4773 0.0313 0.4545 0.0008 0.4549 0.9980 0.4773 0.9688 0.5000 0.0313 0.4773 0.0008 0.4777 0.9980 0.5000 0.9688 0.5227 0.0313 0.5000 0.0008 0.5004 0.9980 0.5227 0.9688 0.5455 0.0313 0.5227 0.0008 0.5231 0.9980 0.5455 0.9688 0.5682 0.0313 0.5455 0.0008 0.5458 0.9980 0.5682 0.9688 0.5909 0.0313 0.5682 0.0008 0.5686 0.9980 0.5909 0.9688 0.6136 0.0313 0.5909 0.0008 0.5913 0.9980 0.6136 0.9688 0.6364 0.0313 0.6136 0.0008 0.6140 0.9980 0.6364 0.9688 0.6591 0.0313 0.6364 0.0008 0.6368 0.9980 0.6591 0.9688 0.6818 0.0313 0.6591 0.0008 0.6595 0.9980 0.6818 0.9688 0.7045 0.0313 0.6818 0.0008 0.6822 0.9980 0.7045 0.9688 0.7273 0.0313 0.7045 0.0008 0.7049 0.9980 0.7273 0.9688 0.7500 0.0313 0.7273 0.0008 0.7277 0.9980 0.7500 0.9688 0.7727 0.0313 0.7500 0.0008 0.7504 0.9980 0.7727 0.9688 0.7955 0.0313 0.7727 0.0008 0.7731 0.9980 0.7955 0.9688 0.8182 0.0313 0.7955 0.0008 0.7958 0.9980 0.8182 0.9688 0.8409 0.0313 0.8182 0.0008 0.8186 0.9980 0.8409 0.9688 0.8636 0.0313 0.8409 0.0008 0.8413 0.9980 0.8636 0.9688 0.8864 0.0313 0.8636 0.0008 0.8640 0.9980 0.8864 0.9688 0.9091 0.0313 0.8864 0.0008 0.8868 0.9980 0.9091 0.9688 0.9318 0.0313 0.9091 0.0008 0.9095 0.9980 0.9318 0.9688 0.9545 0.0313 0.9318 0.0008 0.9322 0.9980 0.9545 0.9688 0.9773 0.0313 0.9545 0.0008 0.9549 0.9980 0.9773 0.9688 1.0000 0.0313 0.9773 0.0008 0.9777 0.9980 1.0000 0.9688 0.0227 0.0625 0.0000 0.0625 0.0455 0.0625 0.0682 0.0625 0.0909 0.0625 0.1136 0.0625 0.1364 0.0625 0.1591 0.0625 0.1818 0.0625 0.2045 0.0625 0.2273 0.0625 0.2500 0.0625 0.2727 0.0625 0.2955 0.0625 0.3182 0.0625 0.3409 0.0625 0.3636 0.0625 0.3864 0.0625 0.4091 0.0625 0.4318 0.0625 0.4545 0.0625 0.4773 0.0625 0.5000 0.0625 0.5227 0.0625 0.5455 0.0625 0.5682 0.0625 0.5909 0.0625 0.6136 0.0625 0.6364 0.0625 0.6591 0.0625 0.6818 0.0625 0.7045 0.0625 0.7273 0.0625 0.7500 0.0625 0.7727 0.0625 0.7955 0.0625 0.8182 0.0625 0.8409 0.0625 0.8636 0.0625 0.8864 0.0625 0.9091 0.0625 0.9318 0.0625 0.9545 0.0625 0.9773 0.0625 1.0000 0.0625 0.0000 0.0938 0.0227 0.0938 0.0455 0.0938 0.0682 0.0938 0.0909 0.0938 0.1136 0.0938 0.1364 0.0938 0.1591 0.0938 0.1818 0.0938 0.2045 0.0938 0.2273 0.0938 0.2500 0.0938 0.2727 0.0938 0.2955 0.0938 0.3182 0.0938 0.3409 0.0938 0.3636 0.0938 0.3864 0.0938 0.4091 0.0938 0.4318 0.0938 0.4545 0.0938 0.4773 0.0938 0.5000 0.0938 0.5227 0.0938 0.5455 0.0938 0.5682 0.0938 0.5909 0.0938 0.6136 0.0938 0.6364 0.0938 0.6591 0.0938 0.6818 0.0938 0.7045 0.0938 0.7273 0.0938 0.7500 0.0938 0.7727 0.0938 0.7955 0.0938 0.8182 0.0938 0.8409 0.0938 0.8636 0.0938 0.8864 0.0938 0.9091 0.0938 0.9318 0.0938 0.9545 0.0938 0.9773 0.0938 1.0000 0.0938 0.0227 0.1250 0.0000 0.1250 0.0455 0.1250 0.0682 0.1250 0.0909 0.1250 0.1136 0.1250 0.1364 0.1250 0.1591 0.1250 0.1818 0.1250 0.2045 0.1250 0.2273 0.1250 0.2500 0.1250 0.2727 0.1250 0.2955 0.1250 0.3182 0.1250 0.3409 0.1250 0.3636 0.1250 0.3864 0.1250 0.4091 0.1250 0.4318 0.1250 0.4545 0.1250 0.4773 0.1250 0.5000 0.1250 0.5227 0.1250 0.5455 0.1250 0.5682 0.1250 0.5909 0.1250 0.6136 0.1250 0.6364 0.1250 0.6591 0.1250 0.6818 0.1250 0.7045 0.1250 0.7273 0.1250 0.7500 0.1250 0.7727 0.1250 0.7955 0.1250 0.8182 0.1250 0.8409 0.1250 0.8636 0.1250 0.8864 0.1250 0.9091 0.1250 0.9318 0.1250 0.9545 0.1250 0.9773 0.1250 1.0000 0.1250 0.0000 0.1563 0.0227 0.1563 0.0455 0.1563 0.0682 0.1563 0.0909 0.1563 0.1136 0.1563 0.1364 0.1563 0.1591 0.1563 0.1818 0.1563 0.2045 0.1563 0.2273 0.1563 0.2500 0.1563 0.2727 0.1563 0.2955 0.1563 0.3182 0.1563 0.3409 0.1563 0.3636 0.1563 0.3864 0.1563 0.4091 0.1563 0.4318 0.1563 0.4545 0.1563 0.4773 0.1563 0.5000 0.1563 0.5227 0.1563 0.5455 0.1563 0.5682 0.1563 0.5909 0.1563 0.6136 0.1563 0.6364 0.1563 0.6591 0.1563 0.6818 0.1563 0.7045 0.1563 0.7273 0.1563 0.7500 0.1563 0.7727 0.1563 0.7955 0.1563 0.8182 0.1563 0.8409 0.1563 0.8636 0.1563 0.8864 0.1563 0.9091 0.1563 0.9318 0.1563 0.9545 0.1563 0.9773 0.1563 1.0000 0.1563 0.0227 0.1875 0.0000 0.1875 0.0455 0.1875 0.0682 0.1875 0.0909 0.1875 0.1136 0.1875 0.1364 0.1875 0.1591 0.1875 0.1818 0.1875 0.2045 0.1875 0.2273 0.1875 0.2500 0.1875 0.2727 0.1875 0.2955 0.1875 0.3182 0.1875 0.3409 0.1875 0.3636 0.1875 0.3864 0.1875 0.4091 0.1875 0.4318 0.1875 0.4545 0.1875 0.4773 0.1875 0.5000 0.1875 0.5227 0.1875 0.5455 0.1875 0.5682 0.1875 0.5909 0.1875 0.6136 0.1875 0.6364 0.1875 0.6591 0.1875 0.6818 0.1875 0.7045 0.1875 0.7273 0.1875 0.7500 0.1875 0.7727 0.1875 0.7955 0.1875 0.8182 0.1875 0.8409 0.1875 0.8636 0.1875 0.8864 0.1875 0.9091 0.1875 0.9318 0.1875 0.9545 0.1875 0.9773 0.1875 1.0000 0.1875 0.0000 0.2188 0.0227 0.2188 0.0455 0.2188 0.0682 0.2188 0.0909 0.2188 0.1136 0.2188 0.1364 0.2188 0.1591 0.2188 0.1818 0.2188 0.2045 0.2188 0.2273 0.2188 0.2500 0.2188 0.2727 0.2188 0.2955 0.2188 0.3182 0.2188 0.3409 0.2188 0.3636 0.2188 0.3864 0.2188 0.4091 0.2188 0.4318 0.2188 0.4545 0.2188 0.4773 0.2188 0.5000 0.2188 0.5227 0.2188 0.5455 0.2188 0.5682 0.2188 0.5909 0.2188 0.6136 0.2188 0.6364 0.2188 0.6591 0.2188 0.6818 0.2188 0.7045 0.2188 0.7273 0.2188 0.7500 0.2188 0.7727 0.2188 0.7955 0.2188 0.8182 0.2188 0.8409 0.2188 0.8636 0.2188 0.8864 0.2188 0.9091 0.2188 0.9318 0.2188 0.9545 0.2188 0.9773 0.2188 1.0000 0.2188 0.0227 0.2500 0.0000 0.2500 0.0455 0.2500 0.0682 0.2500 0.0909 0.2500 0.1136 0.2500 0.1364 0.2500 0.1591 0.2500 0.1818 0.2500 0.2045 0.2500 0.2273 0.2500 0.2500 0.2500 0.2727 0.2500 0.2955 0.2500 0.3182 0.2500 0.3409 0.2500 0.3636 0.2500 0.3864 0.2500 0.4091 0.2500 0.4318 0.2500 0.4545 0.2500 0.4773 0.2500 0.5000 0.2500 0.5227 0.2500 0.5455 0.2500 0.5682 0.2500 0.5909 0.2500 0.6136 0.2500 0.6364 0.2500 0.6591 0.2500 0.6818 0.2500 0.7045 0.2500 0.7273 0.2500 0.7500 0.2500 0.7727 0.2500 0.7955 0.2500 0.8182 0.2500 0.8409 0.2500 0.8636 0.2500 0.8864 0.2500 0.9091 0.2500 0.9318 0.2500 0.9545 0.2500 0.9773 0.2500 1.0000 0.2500 0.0000 0.2813 0.0227 0.2813 0.0455 0.2813 0.0682 0.2813 0.0909 0.2813 0.1136 0.2813 0.1364 0.2813 0.1591 0.2813 0.1818 0.2813 0.2045 0.2813 0.2273 0.2813 0.2500 0.2813 0.2727 0.2813 0.2955 0.2813 0.3182 0.2813 0.3409 0.2813 0.3636 0.2813 0.3864 0.2813 0.4091 0.2813 0.4318 0.2813 0.4545 0.2813 0.4773 0.2813 0.5000 0.2813 0.5227 0.2813 0.5455 0.2813 0.5682 0.2813 0.5909 0.2813 0.6136 0.2813 0.6364 0.2813 0.6591 0.2813 0.6818 0.2813 0.7045 0.2813 0.7273 0.2813 0.7500 0.2813 0.7727 0.2813 0.7955 0.2813 0.8182 0.2813 0.8409 0.2813 0.8636 0.2813 0.8864 0.2813 0.9091 0.2813 0.9318 0.2813 0.9545 0.2813 0.9773 0.2813 1.0000 0.2813 0.0227 0.3125 0.0000 0.3125 0.0455 0.3125 0.0682 0.3125 0.0909 0.3125 0.1136 0.3125 0.1364 0.3125 0.1591 0.3125 0.1818 0.3125 0.2045 0.3125 0.2273 0.3125 0.2500 0.3125 0.2727 0.3125 0.2955 0.3125 0.3182 0.3125 0.3409 0.3125 0.3636 0.3125 0.3864 0.3125 0.4091 0.3125 0.4318 0.3125 0.4545 0.3125 0.4773 0.3125 0.5000 0.3125 0.5227 0.3125 0.5455 0.3125 0.5682 0.3125 0.5909 0.3125 0.6136 0.3125 0.6364 0.3125 0.6591 0.3125 0.6818 0.3125 0.7045 0.3125 0.7273 0.3125 0.7500 0.3125 0.7727 0.3125 0.7955 0.3125 0.8182 0.3125 0.8409 0.3125 0.8636 0.3125 0.8864 0.3125 0.9091 0.3125 0.9318 0.3125 0.9545 0.3125 0.9773 0.3125 1.0000 0.3125 0.0000 0.3438 0.0227 0.3438 0.0455 0.3438 0.0682 0.3438 0.0909 0.3438 0.1136 0.3438 0.1364 0.3438 0.1591 0.3438 0.1818 0.3438 0.2045 0.3438 0.2273 0.3438 0.2500 0.3438 0.2727 0.3438 0.2955 0.3438 0.3182 0.3438 0.3409 0.3438 0.3636 0.3438 0.3864 0.3438 0.4091 0.3438 0.4318 0.3438 0.4545 0.3438 0.4773 0.3438 0.5000 0.3438 0.5227 0.3438 0.5455 0.3438 0.5682 0.3438 0.5909 0.3438 0.6136 0.3438 0.6364 0.3438 0.6591 0.3438 0.6818 0.3438 0.7045 0.3438 0.7273 0.3438 0.7500 0.3438 0.7727 0.3438 0.7955 0.3438 0.8182 0.3438 0.8409 0.3438 0.8636 0.3438 0.8864 0.3438 0.9091 0.3438 0.9318 0.3438 0.9545 0.3438 0.9773 0.3438 1.0000 0.3438 0.0227 0.3750 0.0000 0.3750 0.0455 0.3750 0.0682 0.3750 0.0909 0.3750 0.1136 0.3750 0.1364 0.3750 0.1591 0.3750 0.1818 0.3750 0.2045 0.3750 0.2273 0.3750 0.2500 0.3750 0.2727 0.3750 0.2955 0.3750 0.3182 0.3750 0.3409 0.3750 0.3636 0.3750 0.3864 0.3750 0.4091 0.3750 0.4318 0.3750 0.4545 0.3750 0.4773 0.3750 0.5000 0.3750 0.5227 0.3750 0.5455 0.3750 0.5682 0.3750 0.5909 0.3750 0.6136 0.3750 0.6364 0.3750 0.6591 0.3750 0.6818 0.3750 0.7045 0.3750 0.7273 0.3750 0.7500 0.3750 0.7727 0.3750 0.7955 0.3750 0.8182 0.3750 0.8409 0.3750 0.8636 0.3750 0.8864 0.3750 0.9091 0.3750 0.9318 0.3750 0.9545 0.3750 0.9773 0.3750 1.0000 0.3750 0.0000 0.4063 0.0227 0.4063 0.0455 0.4063 0.0682 0.4063 0.0909 0.4063 0.1136 0.4063 0.1364 0.4063 0.1591 0.4063 0.1818 0.4063 0.2045 0.4063 0.2273 0.4063 0.2500 0.4063 0.2727 0.4063 0.2955 0.4063 0.3182 0.4063 0.3409 0.4063 0.3636 0.4063 0.3864 0.4063 0.4091 0.4063 0.4318 0.4063 0.4545 0.4063 0.4773 0.4063 0.5000 0.4063 0.5227 0.4063 0.5455 0.4063 0.5682 0.4063 0.5909 0.4063 0.6136 0.4063 0.6364 0.4063 0.6591 0.4063 0.6818 0.4063 0.7045 0.4063 0.7273 0.4063 0.7500 0.4063 0.7727 0.4063 0.7955 0.4063 0.8182 0.4063 0.8409 0.4063 0.8636 0.4063 0.8864 0.4063 0.9091 0.4063 0.9318 0.4063 0.9545 0.4063 0.9773 0.4063 1.0000 0.4063 0.0227 0.4375 0.0000 0.4375 0.0455 0.4375 0.0682 0.4375 0.0909 0.4375 0.1136 0.4375 0.1364 0.4375 0.1591 0.4375 0.1818 0.4375 0.2045 0.4375 0.2273 0.4375 0.2500 0.4375 0.2727 0.4375 0.2955 0.4375 0.3182 0.4375 0.3409 0.4375 0.3636 0.4375 0.3864 0.4375 0.4091 0.4375 0.4318 0.4375 0.4545 0.4375 0.4773 0.4375 0.5000 0.4375 0.5227 0.4375 0.5455 0.4375 0.5682 0.4375 0.5909 0.4375 0.6136 0.4375 0.6364 0.4375 0.6591 0.4375 0.6818 0.4375 0.7045 0.4375 0.7273 0.4375 0.7500 0.4375 0.7727 0.4375 0.7955 0.4375 0.8182 0.4375 0.8409 0.4375 0.8636 0.4375 0.8864 0.4375 0.9091 0.4375 0.9318 0.4375 0.9545 0.4375 0.9773 0.4375 1.0000 0.4375 0.0000 0.4688 0.0227 0.4688 0.0455 0.4688 0.0682 0.4688 0.0909 0.4688 0.1136 0.4688 0.1364 0.4688 0.1591 0.4688 0.1818 0.4688 0.2045 0.4688 0.2273 0.4688 0.2500 0.4688 0.2727 0.4688 0.2955 0.4688 0.3182 0.4688 0.3409 0.4688 0.3636 0.4688 0.3864 0.4688 0.4091 0.4688 0.4318 0.4688 0.4545 0.4688 0.4773 0.4688 0.5000 0.4688 0.5227 0.4688 0.5455 0.4688 0.5682 0.4688 0.5909 0.4688 0.6136 0.4688 0.6364 0.4688 0.6591 0.4688 0.6818 0.4688 0.7045 0.4688 0.7273 0.4688 0.7500 0.4688 0.7727 0.4688 0.7955 0.4688 0.8182 0.4688 0.8409 0.4688 0.8636 0.4688 0.8864 0.4688 0.9091 0.4688 0.9318 0.4688 0.9545 0.4688 0.9773 0.4688 1.0000 0.4688 0.0227 0.5000 0.0000 0.5000 0.0455 0.5000 0.0682 0.5000 0.0909 0.5000 0.1136 0.5000 0.1364 0.5000 0.1591 0.5000 0.1818 0.5000 0.2045 0.5000 0.2273 0.5000 0.2500 0.5000 0.2727 0.5000 0.2955 0.5000 0.3182 0.5000 0.3409 0.5000 0.3636 0.5000 0.3864 0.5000 0.4091 0.5000 0.4318 0.5000 0.4545 0.5000 0.4773 0.5000 0.5000 0.5000 0.5227 0.5000 0.5455 0.5000 0.5682 0.5000 0.5909 0.5000 0.6136 0.5000 0.6364 0.5000 0.6591 0.5000 0.6818 0.5000 0.7045 0.5000 0.7273 0.5000 0.7500 0.5000 0.7727 0.5000 0.7955 0.5000 0.8182 0.5000 0.8409 0.5000 0.8636 0.5000 0.8864 0.5000 0.9091 0.5000 0.9318 0.5000 0.9545 0.5000 0.9773 0.5000 1.0000 0.5000 0.0000 0.5313 0.0227 0.5313 0.0455 0.5313 0.0682 0.5313 0.0909 0.5313 0.1136 0.5313 0.1364 0.5313 0.1591 0.5313 0.1818 0.5313 0.2045 0.5313 0.2273 0.5313 0.2500 0.5313 0.2727 0.5313 0.2955 0.5313 0.3182 0.5313 0.3409 0.5313 0.3636 0.5313 0.3864 0.5313 0.4091 0.5313 0.4318 0.5313 0.4545 0.5313 0.4773 0.5313 0.5000 0.5313 0.5227 0.5313 0.5455 0.5313 0.5682 0.5313 0.5909 0.5313 0.6136 0.5313 0.6364 0.5313 0.6591 0.5313 0.6818 0.5313 0.7045 0.5313 0.7273 0.5313 0.7500 0.5313 0.7727 0.5313 0.7955 0.5313 0.8182 0.5313 0.8409 0.5313 0.8636 0.5313 0.8864 0.5313 0.9091 0.5313 0.9318 0.5313 0.9545 0.5313 0.9773 0.5313 1.0000 0.5313 0.0227 0.5625 0.0000 0.5625 0.0455 0.5625 0.0682 0.5625 0.0909 0.5625 0.1136 0.5625 0.1364 0.5625 0.1591 0.5625 0.1818 0.5625 0.2045 0.5625 0.2273 0.5625 0.2500 0.5625 0.2727 0.5625 0.2955 0.5625 0.3182 0.5625 0.3409 0.5625 0.3636 0.5625 0.3864 0.5625 0.4091 0.5625 0.4318 0.5625 0.4545 0.5625 0.4773 0.5625 0.5000 0.5625 0.5227 0.5625 0.5455 0.5625 0.5682 0.5625 0.5909 0.5625 0.6136 0.5625 0.6364 0.5625 0.6591 0.5625 0.6818 0.5625 0.7045 0.5625 0.7273 0.5625 0.7500 0.5625 0.7727 0.5625 0.7955 0.5625 0.8182 0.5625 0.8409 0.5625 0.8636 0.5625 0.8864 0.5625 0.9091 0.5625 0.9318 0.5625 0.9545 0.5625 0.9773 0.5625 1.0000 0.5625 0.0000 0.5938 0.0227 0.5938 0.0455 0.5938 0.0682 0.5938 0.0909 0.5938 0.1136 0.5938 0.1364 0.5938 0.1591 0.5938 0.1818 0.5938 0.2045 0.5938 0.2273 0.5938 0.2500 0.5938 0.2727 0.5938 0.2955 0.5938 0.3182 0.5938 0.3409 0.5938 0.3636 0.5938 0.3864 0.5938 0.4091 0.5938 0.4318 0.5938 0.4545 0.5938 0.4773 0.5938 0.5000 0.5938 0.5227 0.5938 0.5455 0.5938 0.5682 0.5938 0.5909 0.5938 0.6136 0.5938 0.6364 0.5938 0.6591 0.5938 0.6818 0.5938 0.7045 0.5938 0.7273 0.5938 0.7500 0.5938 0.7727 0.5938 0.7955 0.5938 0.8182 0.5938 0.8409 0.5938 0.8636 0.5938 0.8864 0.5938 0.9091 0.5938 0.9318 0.5938 0.9545 0.5938 0.9773 0.5938 1.0000 0.5938 0.0227 0.6250 0.0000 0.6250 0.0455 0.6250 0.0682 0.6250 0.0909 0.6250 0.1136 0.6250 0.1364 0.6250 0.1591 0.6250 0.1818 0.6250 0.2045 0.6250 0.2273 0.6250 0.2500 0.6250 0.2727 0.6250 0.2955 0.6250 0.3182 0.6250 0.3409 0.6250 0.3636 0.6250 0.3864 0.6250 0.4091 0.6250 0.4318 0.6250 0.4545 0.6250 0.4773 0.6250 0.5000 0.6250 0.5227 0.6250 0.5455 0.6250 0.5682 0.6250 0.5909 0.6250 0.6136 0.6250 0.6364 0.6250 0.6591 0.6250 0.6818 0.6250 0.7045 0.6250 0.7273 0.6250 0.7500 0.6250 0.7727 0.6250 0.7955 0.6250 0.8182 0.6250 0.8409 0.6250 0.8636 0.6250 0.8864 0.6250 0.9091 0.6250 0.9318 0.6250 0.9545 0.6250 0.9773 0.6250 1.0000 0.6250 0.0000 0.6563 0.0227 0.6563 0.0455 0.6563 0.0682 0.6563 0.0909 0.6563 0.1136 0.6563 0.1364 0.6563 0.1591 0.6563 0.1818 0.6563 0.2045 0.6563 0.2273 0.6563 0.2500 0.6563 0.2727 0.6563 0.2955 0.6563 0.3182 0.6563 0.3409 0.6563 0.3636 0.6563 0.3864 0.6563 0.4091 0.6563 0.4318 0.6563 0.4545 0.6563 0.4773 0.6563 0.5000 0.6563 0.5227 0.6563 0.5455 0.6563 0.5682 0.6563 0.5909 0.6563 0.6136 0.6563 0.6364 0.6563 0.6591 0.6563 0.6818 0.6563 0.7045 0.6563 0.7273 0.6563 0.7500 0.6563 0.7727 0.6563 0.7955 0.6563 0.8182 0.6563 0.8409 0.6563 0.8636 0.6563 0.8864 0.6563 0.9091 0.6563 0.9318 0.6563 0.9545 0.6563 0.9773 0.6563 1.0000 0.6563 0.0227 0.6875 0.0000 0.6875 0.0455 0.6875 0.0682 0.6875 0.0909 0.6875 0.1136 0.6875 0.1364 0.6875 0.1591 0.6875 0.1818 0.6875 0.2045 0.6875 0.2273 0.6875 0.2500 0.6875 0.2727 0.6875 0.2955 0.6875 0.3182 0.6875 0.3409 0.6875 0.3636 0.6875 0.3864 0.6875 0.4091 0.6875 0.4318 0.6875 0.4545 0.6875 0.4773 0.6875 0.5000 0.6875 0.5227 0.6875 0.5455 0.6875 0.5682 0.6875 0.5909 0.6875 0.6136 0.6875 0.6364 0.6875 0.6591 0.6875 0.6818 0.6875 0.7045 0.6875 0.7273 0.6875 0.7500 0.6875 0.7727 0.6875 0.7955 0.6875 0.8182 0.6875 0.8409 0.6875 0.8636 0.6875 0.8864 0.6875 0.9091 0.6875 0.9318 0.6875 0.9545 0.6875 0.9773 0.6875 1.0000 0.6875 0.0000 0.7188 0.0227 0.7188 0.0455 0.7188 0.0682 0.7188 0.0909 0.7188 0.1136 0.7188 0.1364 0.7188 0.1591 0.7188 0.1818 0.7188 0.2045 0.7188 0.2273 0.7188 0.2500 0.7188 0.2727 0.7188 0.2955 0.7188 0.3182 0.7188 0.3409 0.7188 0.3636 0.7188 0.3864 0.7188 0.4091 0.7188 0.4318 0.7188 0.4545 0.7188 0.4773 0.7188 0.5000 0.7188 0.5227 0.7188 0.5455 0.7188 0.5682 0.7188 0.5909 0.7188 0.6136 0.7188 0.6364 0.7188 0.6591 0.7188 0.6818 0.7188 0.7045 0.7188 0.7273 0.7188 0.7500 0.7188 0.7727 0.7188 0.7955 0.7188 0.8182 0.7188 0.8409 0.7188 0.8636 0.7188 0.8864 0.7188 0.9091 0.7188 0.9318 0.7188 0.9545 0.7188 0.9773 0.7188 1.0000 0.7188 0.0227 0.7500 0.0000 0.7500 0.0455 0.7500 0.0682 0.7500 0.0909 0.7500 0.1136 0.7500 0.1364 0.7500 0.1591 0.7500 0.1818 0.7500 0.2045 0.7500 0.2273 0.7500 0.2500 0.7500 0.2727 0.7500 0.2955 0.7500 0.3182 0.7500 0.3409 0.7500 0.3636 0.7500 0.3864 0.7500 0.4091 0.7500 0.4318 0.7500 0.4545 0.7500 0.4773 0.7500 0.5000 0.7500 0.5227 0.7500 0.5455 0.7500 0.5682 0.7500 0.5909 0.7500 0.6136 0.7500 0.6364 0.7500 0.6591 0.7500 0.6818 0.7500 0.7045 0.7500 0.7273 0.7500 0.7500 0.7500 0.7727 0.7500 0.7955 0.7500 0.8182 0.7500 0.8409 0.7500 0.8636 0.7500 0.8864 0.7500 0.9091 0.7500 0.9318 0.7500 0.9545 0.7500 0.9773 0.7500 1.0000 0.7500 0.0000 0.7813 0.0227 0.7813 0.0455 0.7813 0.0682 0.7813 0.0909 0.7813 0.1136 0.7813 0.1364 0.7813 0.1591 0.7813 0.1818 0.7813 0.2045 0.7813 0.2273 0.7813 0.2500 0.7813 0.2727 0.7813 0.2955 0.7813 0.3182 0.7813 0.3409 0.7813 0.3636 0.7813 0.3864 0.7813 0.4091 0.7813 0.4318 0.7813 0.4545 0.7813 0.4773 0.7813 0.5000 0.7813 0.5227 0.7813 0.5455 0.7813 0.5682 0.7813 0.5909 0.7813 0.6136 0.7813 0.6364 0.7813 0.6591 0.7813 0.6818 0.7813 0.7045 0.7813 0.7273 0.7813 0.7500 0.7813 0.7727 0.7813 0.7955 0.7813 0.8182 0.7813 0.8409 0.7813 0.8636 0.7813 0.8864 0.7813 0.9091 0.7813 0.9318 0.7813 0.9545 0.7813 0.9773 0.7813 1.0000 0.7813 0.0227 0.8125 0.0000 0.8125 0.0455 0.8125 0.0682 0.8125 0.0909 0.8125 0.1136 0.8125 0.1364 0.8125 0.1591 0.8125 0.1818 0.8125 0.2045 0.8125 0.2273 0.8125 0.2500 0.8125 0.2727 0.8125 0.2955 0.8125 0.3182 0.8125 0.3409 0.8125 0.3636 0.8125 0.3864 0.8125 0.4091 0.8125 0.4318 0.8125 0.4545 0.8125 0.4773 0.8125 0.5000 0.8125 0.5227 0.8125 0.5455 0.8125 0.5682 0.8125 0.5909 0.8125 0.6136 0.8125 0.6364 0.8125 0.6591 0.8125 0.6818 0.8125 0.7045 0.8125 0.7273 0.8125 0.7500 0.8125 0.7727 0.8125 0.7955 0.8125 0.8182 0.8125 0.8409 0.8125 0.8636 0.8125 0.8864 0.8125 0.9091 0.8125 0.9318 0.8125 0.9545 0.8125 0.9773 0.8125 1.0000 0.8125 0.0000 0.8438 0.0227 0.8438 0.0455 0.8438 0.0682 0.8438 0.0909 0.8438 0.1136 0.8438 0.1364 0.8438 0.1591 0.8438 0.1818 0.8438 0.2045 0.8438 0.2273 0.8438 0.2500 0.8438 0.2727 0.8438 0.2955 0.8438 0.3182 0.8438 0.3409 0.8438 0.3636 0.8438 0.3864 0.8438 0.4091 0.8438 0.4318 0.8438 0.4545 0.8438 0.4773 0.8438 0.5000 0.8438 0.5227 0.8438 0.5455 0.8438 0.5682 0.8438 0.5909 0.8438 0.6136 0.8438 0.6364 0.8438 0.6591 0.8438 0.6818 0.8438 0.7045 0.8438 0.7273 0.8438 0.7500 0.8438 0.7727 0.8438 0.7955 0.8438 0.8182 0.8438 0.8409 0.8438 0.8636 0.8438 0.8864 0.8438 0.9091 0.8438 0.9318 0.8438 0.9545 0.8438 0.9773 0.8438 1.0000 0.8438 0.0227 0.8750 0.0000 0.8750 0.0455 0.8750 0.0682 0.8750 0.0909 0.8750 0.1136 0.8750 0.1364 0.8750 0.1591 0.8750 0.1818 0.8750 0.2045 0.8750 0.2273 0.8750 0.2500 0.8750 0.2727 0.8750 0.2955 0.8750 0.3182 0.8750 0.3409 0.8750 0.3636 0.8750 0.3864 0.8750 0.4091 0.8750 0.4318 0.8750 0.4545 0.8750 0.4773 0.8750 0.5000 0.8750 0.5227 0.8750 0.5455 0.8750 0.5682 0.8750 0.5909 0.8750 0.6136 0.8750 0.6364 0.8750 0.6591 0.8750 0.6818 0.8750 0.7045 0.8750 0.7273 0.8750 0.7500 0.8750 0.7727 0.8750 0.7955 0.8750 0.8182 0.8750 0.8409 0.8750 0.8636 0.8750 0.8864 0.8750 0.9091 0.8750 0.9318 0.8750 0.9545 0.8750 0.9773 0.8750 1.0000 0.8750 0.0000 0.9063 0.0227 0.9063 0.0455 0.9063 0.0682 0.9063 0.0909 0.9063 0.1136 0.9063 0.1364 0.9063 0.1591 0.9063 0.1818 0.9063 0.2045 0.9063 0.2273 0.9063 0.2500 0.9063 0.2727 0.9063 0.2955 0.9063 0.3182 0.9063 0.3409 0.9063 0.3636 0.9063 0.3864 0.9063 0.4091 0.9063 0.4318 0.9063 0.4545 0.9063 0.4773 0.9063 0.5000 0.9063 0.5227 0.9063 0.5455 0.9063 0.5682 0.9063 0.5909 0.9063 0.6136 0.9063 0.6364 0.9063 0.6591 0.9063 0.6818 0.9063 0.7045 0.9063 0.7273 0.9063 0.7500 0.9063 0.7727 0.9063 0.7955 0.9063 0.8182 0.9063 0.8409 0.9063 0.8636 0.9063 0.8864 0.9063 0.9091 0.9063 0.9318 0.9063 0.9545 0.9063 0.9773 0.9063 1.0000 0.9063 0.0227 0.9375 0.0000 0.9375 0.0455 0.9375 0.0682 0.9375 0.0909 0.9375 0.1136 0.9375 0.1364 0.9375 0.1591 0.9375 0.1818 0.9375 0.2045 0.9375 0.2273 0.9375 0.2500 0.9375 0.2727 0.9375 0.2955 0.9375 0.3182 0.9375 0.3409 0.9375 0.3636 0.9375 0.3864 0.9375 0.4091 0.9375 0.4318 0.9375 0.4545 0.9375 0.4773 0.9375 0.5000 0.9375 0.5227 0.9375 0.5455 0.9375 0.5682 0.9375 0.5909 0.9375 0.6136 0.9375 0.6364 0.9375 0.6591 0.9375 0.6818 0.9375 0.7045 0.9375 0.7273 0.9375 0.7500 0.9375 0.7727 0.9375 0.7955 0.9375 0.8182 0.9375 0.8409 0.9375 0.8636 0.9375 0.8864 0.9375 0.9091 0.9375 0.9318 0.9375 0.9545 0.9375 0.9773 0.9375 1.0000 0.9375 
                    </float_array>
                    <technique_common>
                        <accessor source="#Track_Sky-mesh-map-0-array" count="1705" stride="2">
                            <param name="S" type="float" />
                            <param name="T" type="float" />
                        </accessor>
                    </technique_common>
                </source>
                <vertices id="Track_Sky-mesh-vertices">
                    <input semantic="POSITION" source="#Track_Sky-mesh-positions" />
                </vertices>
                <triangles material="sky-material" count="800">
                    <input semantic="VERTEX" source="#Track_Sky-mesh-vertices" offset="0" />
                    <input semantic="NORMAL" source="#Track_Sky-mesh-normals" offset="1" />
                    <input semantic="TEXCOORD" source="#Track_Sky-mesh-map-0" offset="2" set="0" />
                    <p>217 217 111 218 218 110 249 249 128 185 185 94 218 218 110 217 217 111 216 216 112 185 185 94 217 217 111 249 249 128 216 216 112 217 217 111 248 248 129 216 216 112 249 249 128 280 280 146 248 248 129 249 249 128 247 247 130 248 248 129 280 280 146 216 216 112 248 248 129 247 247 130 215 215 113 216 216 112 247 247 130 183 183 96 216 216 112 215 215 113 214 214 114 183 183 96 215 215 113 247 247 130 214 214 114 215 215 113 246 246 131 214 214 114 247 247 130 278 278 148 246 246 131 247 247 130 245 245 132 246 246 131 278 278 148 214 214 114 246 246 131 245 245 132 213 213 115 214 214 114 245 245 132 181 181 98 214 214 114 213 213 115 212 212 116 181 181 98 213 213 115 245 245 132 212 212 116 213 213 115 244 244 133 212 212 116 245 245 132 276 276 150 244 244 133 245 245 132 243 243 134 244 244 133 276 276 150 212 212 116 244 244 133 243 243 134 211 211 117 212 212 116 243 243 134 179 179 100 212 212 116 211 211 117 210 210 118 179 179 100 211 211 117 243 243 134 210 210 118 211 211 117 242 242 135 210 210 118 243 243 134 274 274 152 242 242 135 243 243 134 241 241 136 242 242 135 274 274 152 210 210 118 242 242 135 241 241 136 209 209 119 210 210 118 241 241 136 177 177 102 210 210 118 209 209 119 208 208 118 177 177 102 209 209 119 241 241 136 208 208 118 209 209 119 240 240 135 208 208 118 241 241 136 272 272 152 240 240 135 241 241 136 239 239 134 240 240 135 272 272 152 208 208 118 240 240 135 239 239 134 207 207 117 208 208 118 239 239 134 175 175 100 208 208 118 207 207 117 206 206 116 175 175 100 207 207 117 239 239 134 206 206 116 207 207 117 238 238 133 206 206 116 239 239 134 270 270 150 238 238 133 239 239 134 237 237 132 238 238 133 270 270 150 206 206 116 238 238 133 237 237 132 205 205 115 206 206 116 237 237 132 173 173 98 206 206 116 205 205 115 204 204 114 173 173 98 205 205 115 237 237 132 204 204 114 205 205 115 236 236 131 204 204 114 237 237 132 268 268 148 236 236 131 237 237 132 235 235 130 236 236 131 268 268 148 204 204 114 236 236 131 235 235 130 203 203 113 204 204 114 235 235 130 171 171 96 204 204 114 203 203 113 202 202 112 171 171 96 203 203 113 235 235 130 202 202 112 203 203 113 234 234 129 202 202 112 235 235 130 266 266 146 234 234 129 235 235 130 233 233 128 234 234 129 266 266 146 202 202 112 234 234 129 233 233 128 201 201 111 202 202 112 233 233 128 169 169 94 202 202 112 201 201 111 200 200 110 169 169 94 201 201 111 233 233 128 200 200 110 201 201 111 232 232 127 200 200 110 233 233 128 264 264 144 232 232 127 233 233 128 231 231 126 232 232 127 264 264 144 200 200 110 232 232 127 231 231 126 199 199 109 200 200 110 231 231 126 167 167 92 200 200 110 199 199 109 198 198 108 167 167 92 199 199 109 231 231 126 198 198 108 199 199 109 230 230 125 198 198 108 231 231 126 262 262 142 230 230 125 231 231 126 229 229 124 230 230 125 262 262 142 198 198 108 230 230 125 229 229 124 197 197 107 198 198 108 229 229 124 165 165 90 198 198 108 197 197 107 196 196 106 165 165 90 197 197 107 229 229 124 196 196 106 197 197 107 228 228 123 196 196 106 229 229 124 260 260 140 228 228 123 229 229 124 227 227 122 228 228 123 260 260 140 196 196 106 228 228 123 227 227 122 195 195 105 196 196 106 227 227 122 163 163 88 196 196 106 195 195 105 193 193 103 163 163 88 195 195 105 227 227 122 193 193 103 195 195 105 226 226 121 193 193 103 227 227 122 257 257 137 226 226 121 227 227 122 225 225 120 226 226 121 257 257 137 193 193 103 226 226 121 225 225 120 194 194 104 193 193 103 225 225 120 161 161 86 193 193 103 194 194 104 224 224 103 161 161 86 194 194 104 225 225 120 224 224 103 194 194 104 256 256 121 224 224 103 225 225 120 288 288 137 256 256 121 225 225 120 255 255 122 256 256 121 288 288 137 224 224 103 256 256 121 255 255 122 223 223 105 224 224 103 255 255 122 191 191 88 224 224 103 223 223 105 222 222 106 191 191 88 223 223 105 255 255 122 222 222 106 223 223 105 254 254 123 222 222 106 255 255 122 286 286 140 254 254 123 255 255 122 253 253 124 254 254 123 286 286 140 222 222 106 254 254 123 253 253 124 221 221 107 222 222 106 253 253 124 189 189 90 222 222 106 221 221 107 220 220 108 189 189 90 221 221 107 253 253 124 220 220 108 221 221 107 252 252 125 220 220 108 253 253 124 284 284 142 252 252 125 253 253 124 251 251 126 252 252 125 284 284 142 220 220 108 252 252 125 251 251 126 219 219 109 220 220 108 251 251 126 187 187 92 220 220 108 219 219 109 218 218 110 187 187 92 219 219 109 251 251 126 218 218 110 219 219 109 250 250 127 218 218 110 251 251 126 249 249 128 218 218 110 250 250 127 282 282 144 249 249 128 250 250 127 251 251 126 282 282 144 250 250 127 283 283 143 282 282 144 251 251 126 284 284 142 283 283 143 251 251 126 315 315 160 283 283 143 284 284 142 282 282 144 283 283 143 315 315 160 314 314 161 282 282 144 315 315 160 313 313 162 282 282 144 314 314 161 346 346 178 313 313 162 314 314 161 315 315 160 346 346 178 314 314 161 347 347 177 346 346 178 315 315 160 348 348 176 347 347 177 315 315 160 379 379 194 347 347 177 348 348 176 346 346 178 347 347 177 379 379 194 378 378 195 346 346 178 379 379 194 377 377 196 346 346 178 378 378 195 410 410 212 377 377 196 378 378 195 379 379 194 410 410 212 378 378 195 411 411 211 410 410 212 379 379 194 412 412 210 411 411 211 379 379 194 27 27 7 411 411 211 412 412 210 410 410 212 411 411 211 27 27 7 26 26 8 410 410 212 27 27 7 25 25 9 410 410 212 26 26 8 1 1 1 25 25 9 26 26 8 27 27 7 1 1 1 26 26 8 28 28 6 1 1 1 27 27 7 412 412 210 28 28 6 27 27 7 29 29 5 28 28 6 412 412 210 1 1 1 28 28 6 29 29 5 30 30 4 1 1 1 29 29 5 31 31 3 1 1 1 30 30 4 414 414 208 31 31 3 30 30 4 29 29 5 414 414 208 30 30 4 413 413 209 414 414 208 29 29 5 412 412 210 413 413 209 29 29 5 381 381 192 413 413 209 412 412 210 414 414 208 413 413 209 381 381 192 382 382 191 414 414 208 381 381 192 383 383 190 414 414 208 382 382 191 350 350 174 383 383 190 382 382 191 381 381 192 350 350 174 382 382 191 349 349 175 350 350 174 381 381 192 348 348 176 349 349 175 381 381 192 317 317 158 349 349 175 348 348 176 350 350 174 349 349 175 317 317 158 318 318 157 350 350 174 317 317 158 319 319 156 350 350 174 318 318 157 286 286 140 319 319 156 318 318 157 317 317 158 286 286 140 318 318 157 285 285 141 286 286 140 317 317 158 253 253 124 286 286 140 285 285 141 284 284 142 253 253 124 285 285 141 317 317 158 284 284 142 285 285 141 316 316 159 284 284 142 317 317 158 348 348 176 316 316 159 317 317 158 315 315 160 316 316 159 348 348 176 284 284 142 316 316 159 315 315 160 186 186 93 218 218 110 185 185 94 187 187 92 218 218 110 186 186 93 154 154 76 187 187 92 186 186 93 185 185 94 154 154 76 186 186 93 153 153 77 154 154 76 185 185 94 152 152 78 153 153 77 185 185 94 121 121 60 153 153 77 152 152 78 154 154 76 153 153 77 121 121 60 122 122 59 154 154 76 121 121 60 123 123 58 154 154 76 122 122 59 83 83 32 123 123 58 122 122 59 121 121 60 83 83 32 122 122 59 82 82 35 83 83 32 121 121 60 79 79 36 82 82 35 121 121 60 81 81 34 82 82 35 79 79 36 80 80 37 81 81 34 79 79 36 77 77 38 80 80 37 79 79 36 78 78 39 77 77 38 79 79 36 75 75 40 77 77 38 78 78 39 76 76 41 77 77 38 75 75 40 73 73 42 76 76 41 75 75 40 74 74 43 73 73 42 75 75 40 71 71 44 73 73 42 74 74 43 72 72 45 73 73 42 71 71 44 69 69 46 72 72 45 71 71 44 70 70 47 69 69 46 71 71 44 67 67 48 69 69 46 70 70 47 68 68 49 69 69 46 67 67 48 65 65 50 68 68 49 67 67 48 66 66 51 65 65 50 67 67 48 63 63 48 65 65 50 66 66 51 64 64 49 65 65 50 63 63 48 61 61 46 64 64 49 63 63 48 62 62 47 61 61 46 63 63 48 59 59 44 61 61 46 62 62 47 60 60 45 61 61 46 59 59 44 57 57 42 60 60 45 59 59 44 58 58 43 57 57 42 59 59 44 55 55 40 57 57 42 58 58 43 56 56 41 57 57 42 55 55 40 53 53 38 56 56 41 55 55 40 54 54 39 53 53 38 55 55 40 51 51 36 53 53 38 54 54 39 52 52 37 53 53 38 51 51 36 49 49 34 52 52 37 51 51 36 50 50 35 49 49 34 51 51 36 47 47 32 49 49 34 50 50 35 48 48 33 49 49 34 47 47 32 45 45 30 48 48 33 47 47 32 46 46 31 45 45 30 47 47 32 43 43 28 45 45 30 46 46 31 44 44 29 45 45 30 43 43 28 41 41 26 44 44 29 43 43 28 42 42 27 41 41 26 43 43 28 39 39 24 41 41 26 42 42 27 40 40 25 41 41 26 39 39 24 37 37 22 40 40 25 39 39 24 38 38 23 37 37 22 39 39 24 33 33 18 37 37 22 38 38 23 36 36 21 37 37 22 33 33 18 34 34 19 36 36 21 33 33 18 35 35 20 34 34 19 33 33 18 95 95 18 34 34 19 35 35 20 96 96 21 34 34 19 95 95 18 93 93 22 96 96 21 95 95 18 94 94 23 93 93 22 95 95 18 91 91 24 93 93 22 94 94 23 92 92 25 93 93 22 91 91 24 89 89 26 92 92 25 91 91 24 90 90 27 89 89 26 91 91 24 87 87 28 89 89 26 90 90 27 88 88 29 89 89 26 87 87 28 85 85 30 88 88 29 87 87 28 86 86 31 85 85 30 87 87 28 83 83 32 85 85 30 86 86 31 123 123 58 83 83 32 86 86 31 87 87 28 123 123 58 86 86 31 124 124 57 123 123 58 87 87 28 125 125 56 124 124 57 87 87 28 90 90 27 125 125 56 87 87 28 91 91 24 125 125 56 90 90 27 126 126 55 125 125 56 91 91 24 127 127 54 126 126 55 91 91 24 94 94 23 127 127 54 91 91 24 95 95 18 127 127 54 94 94 23 128 128 53 127 127 54 95 95 18 97 97 52 128 128 53 95 95 18 35 35 20 97 97 52 95 95 18 33 33 18 97 97 52 35 35 20 98 98 53 97 97 52 33 33 18 99 99 54 98 98 53 33 33 18 38 38 23 99 99 54 33 33 18 39 39 24 99 99 54 38 38 23 100 100 55 99 99 54 39 39 24 101 101 56 100 100 55 39 39 24 42 42 27 101 101 56 39 39 24 43 43 28 101 101 56 42 42 27 102 102 57 101 101 56 43 43 28 103 103 58 102 102 57 43 43 28 46 46 31 103 103 58 43 43 28 47 47 32 103 103 58 46 46 31 104 104 59 103 103 58 47 47 32 105 105 60 104 104 59 47 47 32 50 50 35 105 105 60 47 47 32 51 51 36 105 105 60 50 50 35 106 106 61 105 105 60 51 51 36 107 107 62 106 106 61 51 51 36 54 54 39 107 107 62 51 51 36 55 55 40 107 107 62 54 54 39 108 108 63 107 107 62 55 55 40 109 109 64 108 108 63 55 55 40 58 58 43 109 109 64 55 55 40 59 59 44 109 109 64 58 58 43 110 110 65 109 109 64 59 59 44 111 111 66 110 110 65 59 59 44 62 62 47 111 111 66 59 59 44 63 63 48 111 111 66 62 62 47 112 112 67 111 111 66 63 63 48 113 113 68 112 112 67 63 63 48 66 66 51 113 113 68 63 63 48 67 67 48 113 113 68 66 66 51 114 114 67 113 113 68 67 67 48 115 115 66 114 114 67 67 67 48 70 70 47 115 115 66 67 67 48 71 71 44 115 115 66 70 70 47 116 116 65 115 115 66 71 71 44 117 117 64 116 116 65 71 71 44 74 74 43 117 117 64 71 71 44 75 75 40 117 117 64 74 74 43 118 118 63 117 117 64 75 75 40 119 119 62 118 118 63 75 75 40 78 78 39 119 119 62 75 75 40 79 79 36 119 119 62 78 78 39 120 120 61 119 119 62 79 79 36 121 121 60 120 120 61 79 79 36 152 152 78 120 120 61 121 121 60 119 119 62 120 120 61 152 152 78 151 151 79 119 119 62 152 152 78 150 150 80 119 119 62 151 151 79 118 118 63 119 119 62 150 150 80 117 117 64 118 118 63 150 150 80 149 149 81 117 117 64 150 150 80 148 148 82 117 117 64 149 149 81 116 116 65 117 117 64 148 148 82 115 115 66 116 116 65 148 148 82 147 147 83 115 115 66 148 148 82 146 146 84 115 115 66 147 147 83 114 114 67 115 115 66 146 146 84 113 113 68 114 114 67 146 146 84 145 145 85 113 113 68 146 146 84 144 144 84 113 113 68 145 145 85 112 112 67 113 113 68 144 144 84 111 111 66 112 112 67 144 144 84 143 143 83 111 111 66 144 144 84 142 142 82 111 111 66 143 143 83 110 110 65 111 111 66 142 142 82 109 109 64 110 110 65 142 142 82 141 141 81 109 109 64 142 142 82 140 140 80 109 109 64 141 141 81 108 108 63 109 109 64 140 140 80 107 107 62 108 108 63 140 140 80 139 139 79 107 107 62 140 140 80 138 138 78 107 107 62 139 139 79 106 106 61 107 107 62 138 138 78 105 105 60 106 106 61 138 138 78 137 137 77 105 105 60 138 138 78 136 136 76 105 105 60 137 137 77 104 104 59 105 105 60 136 136 76 103 103 58 104 104 59 136 136 76 135 135 75 103 103 58 136 136 76 134 134 74 103 103 58 135 135 75 102 102 57 103 103 58 134 134 74 101 101 56 102 102 57 134 134 74 133 133 73 101 101 56 134 134 74 132 132 72 101 101 56 133 133 73 100 100 55 101 101 56 132 132 72 99 99 54 100 100 55 132 132 72 131 131 71 99 99 54 132 132 72 129 129 69 99 99 54 131 131 71 98 98 53 99 99 54 129 129 69 97 97 52 98 98 53 129 129 69 130 130 70 97 97 52 129 129 69 160 160 69 97 97 52 130 130 70 128 128 53 97 97 52 160 160 69 127 127 54 128 128 53 160 160 69 159 159 71 127 127 54 160 160 69 158 158 72 127 127 54 159 159 71 126 126 55 127 127 54 158 158 72 125 125 56 126 126 55 158 158 72 157 157 73 125 125 56 158 158 72 156 156 74 125 125 56 157 157 73 124 124 57 125 125 56 156 156 74 123 123 58 124 124 57 156 156 74 155 155 75 123 123 58 156 156 74 154 154 76 123 123 58 155 155 75 187 187 92 154 154 76 155 155 75 156 156 74 187 187 92 155 155 75 188 188 91 187 187 92 156 156 74 220 220 108 187 187 92 188 188 91 189 189 90 220 220 108 188 188 91 156 156 74 189 189 90 188 188 91 157 157 73 189 189 90 156 156 74 158 158 72 189 189 90 157 157 73 190 190 89 189 189 90 158 158 72 222 222 106 189 189 90 190 190 89 191 191 88 222 222 106 190 190 89 158 158 72 191 191 88 190 190 89 159 159 71 191 191 88 158 158 72 160 160 69 191 191 88 159 159 71 192 192 87 191 191 88 160 160 69 224 224 103 191 191 88 192 192 87 161 161 86 224 224 103 192 192 87 160 160 69 161 161 86 192 192 87 130 130 70 161 161 86 160 160 69 129 129 69 161 161 86 130 130 70 162 162 87 161 161 86 129 129 69 193 193 103 161 161 86 162 162 87 163 163 88 193 193 103 162 162 87 129 129 69 163 163 88 162 162 87 131 131 71 163 163 88 129 129 69 132 132 72 163 163 88 131 131 71 164 164 89 163 163 88 132 132 72 196 196 106 163 163 88 164 164 89 165 165 90 196 196 106 164 164 89 132 132 72 165 165 90 164 164 89 133 133 73 165 165 90 132 132 72 134 134 74 165 165 90 133 133 73 166 166 91 165 165 90 134 134 74 198 198 108 165 165 90 166 166 91 167 167 92 198 198 108 166 166 91 134 134 74 167 167 92 166 166 91 135 135 75 167 167 92 134 134 74 136 136 76 167 167 92 135 135 75 168 168 93 167 167 92 136 136 76 200 200 110 167 167 92 168 168 93 169 169 94 200 200 110 168 168 93 136 136 76 169 169 94 168 168 93 137 137 77 169 169 94 136 136 76 138 138 78 169 169 94 137 137 77 170 170 95 169 169 94 138 138 78 202 202 112 169 169 94 170 170 95 171 171 96 202 202 112 170 170 95 138 138 78 171 171 96 170 170 95 139 139 79 171 171 96 138 138 78 140 140 80 171 171 96 139 139 79 172 172 97 171 171 96 140 140 80 204 204 114 171 171 96 172 172 97 173 173 98 204 204 114 172 172 97 140 140 80 173 173 98 172 172 97 141 141 81 173 173 98 140 140 80 142 142 82 173 173 98 141 141 81 174 174 99 173 173 98 142 142 82 206 206 116 173 173 98 174 174 99 175 175 100 206 206 116 174 174 99 142 142 82 175 175 100 174 174 99 143 143 83 175 175 100 142 142 82 144 144 84 175 175 100 143 143 83 176 176 101 175 175 100 144 144 84 208 208 118 175 175 100 176 176 101 177 177 102 208 208 118 176 176 101 144 144 84 177 177 102 176 176 101 145 145 85 177 177 102 144 144 84 146 146 84 177 177 102 145 145 85 178 178 101 177 177 102 146 146 84 210 210 118 177 177 102 178 178 101 179 179 100 210 210 118 178 178 101 146 146 84 179 179 100 178 178 101 147 147 83 179 179 100 146 146 84 148 148 82 179 179 100 147 147 83 180 180 99 179 179 100 148 148 82 212 212 116 179 179 100 180 180 99 181 181 98 212 212 116 180 180 99 148 148 82 181 181 98 180 180 99 149 149 81 181 181 98 148 148 82 150 150 80 181 181 98 149 149 81 182 182 97 181 181 98 150 150 80 214 214 114 181 181 98 182 182 97 183 183 96 214 214 114 182 182 97 150 150 80 183 183 96 182 182 97 151 151 79 183 183 96 150 150 80 152 152 78 183 183 96 151 151 79 184 184 95 183 183 96 152 152 78 185 185 94 184 184 95 152 152 78 216 216 112 184 184 95 185 185 94 183 183 96 184 184 95 216 216 112 81 81 34 83 83 32 82 82 35 84 84 33 83 83 32 81 81 34 85 85 30 83 83 32 84 84 33 1 1 1 2 2 2 3 3 3 0 0 0 2 2 2 1 1 1 32 32 2 0 0 0 1 1 1 31 31 3 32 32 2 1 1 1 416 416 205 32 32 2 31 31 3 0 0 0 32 32 2 416 416 205 386 386 206 0 0 0 416 416 205 385 385 205 0 0 0 386 386 206 2 2 2 0 0 0 385 385 205 3 3 3 2 2 2 385 385 205 387 387 207 3 3 3 385 385 205 388 388 208 3 3 3 387 387 207 355 355 190 388 388 208 387 387 207 385 385 205 355 355 190 387 387 207 354 354 189 355 355 190 385 385 205 353 353 188 354 354 189 385 385 205 386 386 206 353 353 188 385 385 205 416 416 205 353 353 188 386 386 206 384 384 189 353 353 188 416 416 205 383 383 190 384 384 189 416 416 205 352 352 171 384 384 189 383 383 190 353 353 188 384 384 189 352 352 171 322 322 172 353 353 188 352 352 171 321 321 171 353 353 188 322 322 172 354 354 189 353 353 188 321 321 171 355 355 190 354 354 189 321 321 171 323 323 173 355 355 190 321 321 171 324 324 174 355 355 190 323 323 173 291 291 156 324 324 174 323 323 173 321 321 171 291 291 156 323 323 173 290 290 155 291 291 156 321 321 171 289 289 154 290 290 155 321 321 171 322 322 172 289 289 154 321 321 171 352 352 171 289 289 154 322 322 172 320 320 155 289 289 154 352 352 171 319 319 156 320 320 155 352 352 171 288 288 137 320 320 155 319 319 156 289 289 154 320 320 155 288 288 137 258 258 138 289 289 154 288 288 137 225 225 120 258 258 138 288 288 137 257 257 137 258 258 138 225 225 120 289 289 154 258 258 138 257 257 137 290 290 155 289 289 154 257 257 137 291 291 156 290 290 155 257 257 137 259 259 139 291 291 156 257 257 137 227 227 122 259 259 139 257 257 137 260 260 140 259 259 139 227 227 122 291 291 156 259 259 139 260 260 140 292 292 157 291 291 156 260 260 140 324 324 174 291 291 156 292 292 157 293 293 158 324 324 174 292 292 157 260 260 140 293 293 158 292 292 157 261 261 141 293 293 158 260 260 140 229 229 124 261 261 141 260 260 140 262 262 142 261 261 141 229 229 124 293 293 158 261 261 141 262 262 142 294 294 159 293 293 158 262 262 142 326 326 176 293 293 158 294 294 159 295 295 160 326 326 176 294 294 159 262 262 142 295 295 160 294 294 159 263 263 143 295 295 160 262 262 142 231 231 126 263 263 143 262 262 142 264 264 144 263 263 143 231 231 126 295 295 160 263 263 143 264 264 144 296 296 161 295 295 160 264 264 144 328 328 178 295 295 160 296 296 161 297 297 162 328 328 178 296 296 161 264 264 144 297 297 162 296 296 161 265 265 145 297 297 162 264 264 144 233 233 128 265 265 145 264 264 144 266 266 146 265 265 145 233 233 128 297 297 162 265 265 145 266 266 146 298 298 163 297 297 162 266 266 146 330 330 180 297 297 162 298 298 163 299 299 164 330 330 180 298 298 163 266 266 146 299 299 164 298 298 163 267 267 147 299 299 164 266 266 146 235 235 130 267 267 147 266 266 146 268 268 148 267 267 147 235 235 130 299 299 164 267 267 147 268 268 148 300 300 165 299 299 164 268 268 148 332 332 182 299 299 164 300 300 165 301 301 166 332 332 182 300 300 165 268 268 148 301 301 166 300 300 165 269 269 149 301 301 166 268 268 148 237 237 132 269 269 149 268 268 148 270 270 150 269 269 149 237 237 132 301 301 166 269 269 149 270 270 150 302 302 167 301 301 166 270 270 150 334 334 184 301 301 166 302 302 167 303 303 168 334 334 184 302 302 167 270 270 150 303 303 168 302 302 167 271 271 151 303 303 168 270 270 150 239 239 134 271 271 151 270 270 150 272 272 152 271 271 151 239 239 134 303 303 168 271 271 151 272 272 152 304 304 169 303 303 168 272 272 152 336 336 186 303 303 168 304 304 169 305 305 170 336 336 186 304 304 169 272 272 152 305 305 170 304 304 169 273 273 153 305 305 170 272 272 152 241 241 136 273 273 153 272 272 152 274 274 152 273 273 153 241 241 136 305 305 170 273 273 153 274 274 152 306 306 169 305 305 170 274 274 152 338 338 186 305 305 170 306 306 169 307 307 168 338 338 186 306 306 169 274 274 152 307 307 168 306 306 169 275 275 151 307 307 168 274 274 152 243 243 134 275 275 151 274 274 152 276 276 150 275 275 151 243 243 134 307 307 168 275 275 151 276 276 150 308 308 167 307 307 168 276 276 150 340 340 184 307 307 168 308 308 167 309 309 166 340 340 184 308 308 167 276 276 150 309 309 166 308 308 167 277 277 149 309 309 166 276 276 150 245 245 132 277 277 149 276 276 150 278 278 148 277 277 149 245 245 132 309 309 166 277 277 149 278 278 148 310 310 165 309 309 166 278 278 148 342 342 182 309 309 166 310 310 165 311 311 164 342 342 182 310 310 165 278 278 148 311 311 164 310 310 165 279 279 147 311 311 164 278 278 148 247 247 130 279 279 147 278 278 148 280 280 146 279 279 147 247 247 130 311 311 164 279 279 147 280 280 146 312 312 163 311 311 164 280 280 146 344 344 180 311 311 164 312 312 163 313 313 162 344 344 180 312 312 163 280 280 146 313 313 162 312 312 163 281 281 145 313 313 162 280 280 146 249 249 128 281 281 145 280 280 146 282 282 144 281 281 145 249 249 128 313 313 162 281 281 145 282 282 144 3 3 3 4 4 4 1 1 1 388 388 208 4 4 4 3 3 3 5 5 5 4 4 4 388 388 208 1 1 1 4 4 4 5 5 5 6 6 6 1 1 1 5 5 5 7 7 7 1 1 1 6 6 6 390 390 210 7 7 7 6 6 6 5 5 5 390 390 210 6 6 6 389 389 209 390 390 210 5 5 5 388 388 208 389 389 209 5 5 5 357 357 192 389 389 209 388 388 208 390 390 210 389 389 209 357 357 192 358 358 193 390 390 210 357 357 192 359 359 194 390 390 210 358 358 193 326 326 176 359 359 194 358 358 193 357 357 192 326 326 176 358 358 193 325 325 175 326 326 176 357 357 192 293 293 158 326 326 176 325 325 175 324 324 174 293 293 158 325 325 175 357 357 192 324 324 174 325 325 175 356 356 191 324 324 174 357 357 192 388 388 208 356 356 191 357 357 192 355 355 190 356 356 191 388 388 208 324 324 174 356 356 191 355 355 190 8 8 8 1 1 1 7 7 7 9 9 9 1 1 1 8 8 8 392 392 212 9 9 9 8 8 8 7 7 7 392 392 212 8 8 8 391 391 211 392 392 212 7 7 7 390 390 210 391 391 211 7 7 7 359 359 194 391 391 211 390 390 210 392 392 212 391 391 211 359 359 194 360 360 195 392 392 212 359 359 194 361 361 196 392 392 212 360 360 195 328 328 178 361 361 196 360 360 195 359 359 194 328 328 178 360 360 195 327 327 177 328 328 178 359 359 194 326 326 176 327 327 177 359 359 194 295 295 160 327 327 177 326 326 176 328 328 178 327 327 177 295 295 160 10 10 10 1 1 1 9 9 9 11 11 11 1 1 1 10 10 10 394 394 214 11 11 11 10 10 10 9 9 9 394 394 214 10 10 10 393 393 213 394 394 214 9 9 9 392 392 212 393 393 213 9 9 9 361 361 196 393 393 213 392 392 212 394 394 214 393 393 213 361 361 196 362 362 197 394 394 214 361 361 196 363 363 198 394 394 214 362 362 197 330 330 180 363 363 198 362 362 197 361 361 196 330 330 180 362 362 197 329 329 179 330 330 180 361 361 196 328 328 178 329 329 179 361 361 196 297 297 162 329 329 179 328 328 178 330 330 180 329 329 179 297 297 162 12 12 12 1 1 1 11 11 11 13 13 13 1 1 1 12 12 12 396 396 216 13 13 13 12 12 12 11 11 11 396 396 216 12 12 12 395 395 215 396 396 216 11 11 11 394 394 214 395 395 215 11 11 11 363 363 198 395 395 215 394 394 214 396 396 216 395 395 215 363 363 198 364 364 199 396 396 216 363 363 198 365 365 200 396 396 216 364 364 199 332 332 182 365 365 200 364 364 199 363 363 198 332 332 182 364 364 199 331 331 181 332 332 182 363 363 198 330 330 180 331 331 181 363 363 198 299 299 164 331 331 181 330 330 180 332 332 182 331 331 181 299 299 164 14 14 14 1 1 1 13 13 13 15 15 15 1 1 1 14 14 14 398 398 218 15 15 15 14 14 14 13 13 13 398 398 218 14 14 14 397 397 217 398 398 218 13 13 13 396 396 216 397 397 217 13 13 13 365 365 200 397 397 217 396 396 216 398 398 218 397 397 217 365 365 200 366 366 201 398 398 218 365 365 200 367 367 202 398 398 218 366 366 201 334 334 184 367 367 202 366 366 201 365 365 200 334 334 184 366 366 201 333 333 183 334 334 184 365 365 200 332 332 182 333 333 183 365 365 200 301 301 166 333 333 183 332 332 182 334 334 184 333 333 183 301 301 166 16 16 16 1 1 1 15 15 15 17 17 17 1 1 1 16 16 16 400 400 220 17 17 17 16 16 16 15 15 15 400 400 220 16 16 16 399 399 219 400 400 220 15 15 15 398 398 218 399 399 219 15 15 15 367 367 202 399 399 219 398 398 218 400 400 220 399 399 219 367 367 202 368 368 203 400 400 220 367 367 202 369 369 204 400 400 220 368 368 203 336 336 186 369 369 204 368 368 203 367 367 202 336 336 186 368 368 203 335 335 185 336 336 186 367 367 202 334 334 184 335 335 185 367 367 202 303 303 168 335 335 185 334 334 184 336 336 186 335 335 185 303 303 168 18 18 16 1 1 1 17 17 17 19 19 15 1 1 1 18 18 16 402 402 220 19 19 15 18 18 16 17 17 17 402 402 220 18 18 16 401 401 221 402 402 220 17 17 17 400 400 220 401 401 221 17 17 17 369 369 204 401 401 221 400 400 220 402 402 220 401 401 221 369 369 204 370 370 203 402 402 220 369 369 204 371 371 202 402 402 220 370 370 203 338 338 186 371 371 202 370 370 203 369 369 204 338 338 186 370 370 203 337 337 187 338 338 186 369 369 204 336 336 186 337 337 187 369 369 204 305 305 170 337 337 187 336 336 186 338 338 186 337 337 187 305 305 170 20 20 14 1 1 1 19 19 15 21 21 13 1 1 1 20 20 14 404 404 218 21 21 13 20 20 14 19 19 15 404 404 218 20 20 14 403 403 219 404 404 218 19 19 15 402 402 220 403 403 219 19 19 15 371 371 202 403 403 219 402 402 220 404 404 218 403 403 219 371 371 202 372 372 201 404 404 218 371 371 202 373 373 200 404 404 218 372 372 201 340 340 184 373 373 200 372 372 201 371 371 202 340 340 184 372 372 201 339 339 185 340 340 184 371 371 202 338 338 186 339 339 185 371 371 202 307 307 168 339 339 185 338 338 186 340 340 184 339 339 185 307 307 168 22 22 12 1 1 1 21 21 13 23 23 11 1 1 1 22 22 12 406 406 216 23 23 11 22 22 12 21 21 13 406 406 216 22 22 12 405 405 217 406 406 216 21 21 13 404 404 218 405 405 217 21 21 13 373 373 200 405 405 217 404 404 218 406 406 216 405 405 217 373 373 200 374 374 199 406 406 216 373 373 200 375 375 198 406 406 216 374 374 199 342 342 182 375 375 198 374 374 199 373 373 200 342 342 182 374 374 199 341 341 183 342 342 182 373 373 200 340 340 184 341 341 183 373 373 200 309 309 166 341 341 183 340 340 184 342 342 182 341 341 183 309 309 166 24 24 10 1 1 1 23 23 11 25 25 9 1 1 1 24 24 10 408 408 214 25 25 9 24 24 10 23 23 11 408 408 214 24 24 10 407 407 215 408 408 214 23 23 11 406 406 216 407 407 215 23 23 11 375 375 198 407 407 215 406 406 216 408 408 214 407 407 215 375 375 198 376 376 197 408 408 214 375 375 198 377 377 196 408 408 214 376 376 197 344 344 180 377 377 196 376 376 197 375 375 198 344 344 180 376 376 197 343 343 181 344 344 180 375 375 198 342 342 182 343 343 181 375 375 198 311 311 164 343 343 181 342 342 182 344 344 180 343 343 181 311 311 164 408 408 214 409 409 213 25 25 9 377 377 196 409 409 213 408 408 214 410 410 212 409 409 213 377 377 196 25 25 9 409 409 213 410 410 212 344 344 180 345 345 179 377 377 196 313 313 162 345 345 179 344 344 180 346 346 178 345 345 179 313 313 162 377 377 196 345 345 179 346 346 178 287 287 139 286 286 140 255 255 122 319 319 156 286 286 140 287 287 139 288 288 137 319 319 156 287 287 139 255 255 122 288 288 137 287 287 139 351 351 173 350 350 174 319 319 156 383 383 190 350 350 174 351 351 173 352 352 171 383 383 190 351 351 173 319 319 156 352 352 171 351 351 173 415 415 207 414 414 208 383 383 190 31 31 3 414 414 208 415 415 207 416 416 205 31 31 3 415 415 207 383 383 190 416 416 205 415 415 207 380 380 193 379 379 194 348 348 176 412 412 210 379 379 194 380 380 193 381 381 192 412 412 210 380 380 193 348 348 176 381 381 192 380 380 193 
                    </p>
                </triangles>
                <triangles material="sphere3-material" count="2728">
                    <input semantic="VERTEX" source="#Track_Sky-mesh-vertices" offset="0" />
                    <input semantic="NORMAL" source="#Track_Sky-mesh-normals" offset="1" />
                    <input semantic="TEXCOORD" source="#Track_Sky-mesh-map-0" offset="2" set="0" />
                    <p>1101 1101 1007 1146 1146 1053 1145 1145 1052 1102 1102 1008 1146 1146 1053 1101 1101 1007 1058 1058 963 1102 1102 1008 1101 1101 1007 1103 1103 1009 1102 1102 1008 1058 1058 963 1146 1146 1053 1102 1102 1008 1103 1103 1009 1147 1147 1054 1146 1146 1053 1103 1103 1009 1191 1191 1099 1146 1146 1053 1147 1147 1054 1148 1148 1055 1191 1191 1099 1147 1147 1054 1103 1103 1009 1148 1148 1055 1147 1147 1054 1104 1104 1010 1148 1148 1055 1103 1103 1009 1060 1060 965 1104 1104 1010 1103 1103 1009 1105 1105 1011 1104 1104 1010 1060 1060 965 1148 1148 1055 1104 1104 1010 1105 1105 1011 1149 1149 1056 1148 1148 1055 1105 1105 1011 1193 1193 1101 1148 1148 1055 1149 1149 1056 1150 1150 1057 1193 1193 1101 1149 1149 1056 1105 1105 1011 1150 1150 1057 1149 1149 1056 1106 1106 1012 1150 1150 1057 1105 1105 1011 1062 1062 967 1106 1106 1012 1105 1105 1011 1107 1107 1013 1106 1106 1012 1062 1062 967 1150 1150 1057 1106 1106 1012 1107 1107 1013 1151 1151 1058 1150 1150 1057 1107 1107 1013 1195 1195 1103 1150 1150 1057 1151 1151 1058 1152 1152 1059 1195 1195 1103 1151 1151 1058 1107 1107 1013 1152 1152 1059 1151 1151 1058 1108 1108 1014 1152 1152 1059 1107 1107 1013 1064 1064 969 1108 1108 1014 1107 1107 1013 1109 1109 1015 1108 1108 1014 1064 1064 969 1152 1152 1059 1108 1108 1014 1109 1109 1015 1153 1153 1060 1152 1152 1059 1109 1109 1015 1197 1197 1105 1152 1152 1059 1153 1153 1060 1154 1154 1061 1197 1197 1105 1153 1153 1060 1109 1109 1015 1154 1154 1061 1153 1153 1060 1110 1110 1016 1154 1154 1061 1109 1109 1015 1066 1066 971 1110 1110 1016 1109 1109 1015 1111 1111 1017 1110 1110 1016 1066 1066 971 1154 1154 1061 1110 1110 1016 1111 1111 1017 1155 1155 1062 1154 1154 1061 1111 1111 1017 1199 1199 1107 1154 1154 1061 1155 1155 1062 1156 1156 1063 1199 1199 1107 1155 1155 1062 1111 1111 1017 1156 1156 1063 1155 1155 1062 1112 1112 1018 1156 1156 1063 1111 1111 1017 1068 1068 973 1112 1112 1018 1111 1111 1017 1113 1113 1019 1112 1112 1018 1068 1068 973 1156 1156 1063 1112 1112 1018 1113 1113 1019 1157 1157 1064 1156 1156 1063 1113 1113 1019 1201 1201 1109 1156 1156 1063 1157 1157 1064 1158 1158 1065 1201 1201 1109 1157 1157 1064 1113 1113 1019 1158 1158 1065 1157 1157 1064 1114 1114 1020 1158 1158 1065 1113 1113 1019 1070 1070 975 1114 1114 1020 1113 1113 1019 1115 1115 1021 1114 1114 1020 1070 1070 975 1158 1158 1065 1114 1114 1020 1115 1115 1021 1159 1159 1066 1158 1158 1065 1115 1115 1021 1203 1203 1111 1158 1158 1065 1159 1159 1066 1160 1160 1067 1203 1203 1111 1159 1159 1066 1115 1115 1021 1160 1160 1067 1159 1159 1066 1116 1116 1022 1160 1160 1067 1115 1115 1021 1072 1072 977 1116 1116 1022 1115 1115 1021 1117 1117 1023 1116 1116 1022 1072 1072 977 1160 1160 1067 1116 1116 1022 1117 1117 1023 1161 1161 1068 1160 1160 1067 1117 1117 1023 1205 1205 1113 1160 1160 1067 1161 1161 1068 1162 1162 1069 1205 1205 1113 1161 1161 1068 1117 1117 1023 1162 1162 1069 1161 1161 1068 1118 1118 1024 1162 1162 1069 1117 1117 1023 1074 1074 979 1118 1118 1024 1117 1117 1023 1119 1119 1025 1118 1118 1024 1074 1074 979 1162 1162 1069 1118 1118 1024 1119 1119 1025 1163 1163 1070 1162 1162 1069 1119 1119 1025 1207 1207 1115 1162 1162 1069 1163 1163 1070 1164 1164 1071 1207 1207 1115 1163 1163 1070 1119 1119 1025 1164 1164 1071 1163 1163 1070 1120 1120 1026 1164 1164 1071 1119 1119 1025 1076 1076 981 1120 1120 1026 1119 1119 1025 1121 1121 1027 1120 1120 1026 1076 1076 981 1164 1164 1071 1120 1120 1026 1121 1121 1027 1165 1165 1072 1164 1164 1071 1121 1121 1027 1209 1209 1117 1164 1164 1071 1165 1165 1072 1166 1166 1073 1209 1209 1117 1165 1165 1072 1121 1121 1027 1166 1166 1073 1165 1165 1072 1122 1122 1028 1166 1166 1073 1121 1121 1027 1078 1078 983 1122 1122 1028 1121 1121 1027 1079 1079 1029 1122 1122 1028 1078 1078 983 1036 1036 984 1079 1079 1029 1078 1078 983 991 991 939 1036 1036 984 1078 1078 983 1034 1034 938 991 991 939 1078 1078 983 990 990 893 991 991 939 1034 1034 938 948 948 894 991 991 939 990 990 893 903 903 849 948 948 894 990 990 893 946 946 848 903 903 849 990 990 893 902 902 803 903 903 849 946 946 848 860 860 804 903 903 849 902 902 803 815 815 759 860 860 804 902 902 803 858 858 758 815 815 759 902 902 803 814 814 713 815 815 759 858 858 758 772 772 714 815 815 759 814 814 713 727 727 669 772 772 714 814 814 713 770 770 668 727 727 669 814 814 713 726 726 623 727 727 669 770 770 668 684 684 624 727 727 669 726 726 623 639 639 579 684 684 624 726 726 623 682 682 578 639 639 579 726 726 623 638 638 533 639 639 579 682 682 578 596 596 534 639 639 579 638 638 533 551 551 489 596 596 534 638 638 533 594 594 488 551 551 489 638 638 533 550 550 443 551 551 489 594 594 488 508 508 444 551 551 489 550 550 443 419 419 396 508 508 444 550 550 443 505 505 392 419 419 396 550 550 443 418 418 397 419 419 396 505 505 392 1144 1144 1051 1101 1101 1007 1145 1145 1052 1100 1100 1006 1101 1101 1007 1144 1144 1051 1099 1099 1005 1100 1100 1006 1144 1144 1051 1056 1056 961 1100 1100 1006 1099 1099 1005 1101 1101 1007 1100 1100 1006 1056 1056 961 1057 1057 962 1101 1101 1007 1056 1056 961 1058 1058 963 1101 1101 1007 1057 1057 962 1013 1013 917 1058 1058 963 1057 1057 962 1056 1056 961 1013 1013 917 1057 1057 962 1012 1012 916 1013 1013 917 1056 1056 961 1011 1011 915 1012 1012 916 1056 1056 961 968 968 871 1012 1012 916 1011 1011 915 1013 1013 917 1012 1012 916 968 968 871 969 969 872 1013 1013 917 968 968 871 970 970 873 1013 1013 917 969 969 872 925 925 827 970 970 873 969 969 872 968 968 871 925 925 827 969 969 872 924 924 826 925 925 827 968 968 871 923 923 825 924 924 826 968 968 871 880 880 781 924 924 826 923 923 825 925 925 827 924 924 826 880 880 781 881 881 782 925 925 827 880 880 781 882 882 783 925 925 827 881 881 782 837 837 737 882 882 783 881 881 782 880 880 781 837 837 737 881 881 782 836 836 736 837 837 737 880 880 781 835 835 735 836 836 736 880 880 781 792 792 691 836 836 736 835 835 735 837 837 737 836 836 736 792 792 691 793 793 692 837 837 737 792 792 691 794 794 693 837 837 737 793 793 692 749 749 647 794 794 693 793 793 692 792 792 691 749 749 647 793 793 692 748 748 646 749 749 647 792 792 691 747 747 645 748 748 646 792 792 691 704 704 601 748 748 646 747 747 645 749 749 647 748 748 646 704 704 601 705 705 602 749 749 647 704 704 601 706 706 603 749 749 647 705 705 602 661 661 557 706 706 603 705 705 602 704 704 601 661 661 557 705 705 602 660 660 556 661 661 557 704 704 601 659 659 555 660 660 556 704 704 601 616 616 511 660 660 556 659 659 555 661 661 557 660 660 556 616 616 511 617 617 512 661 661 557 616 616 511 618 618 513 661 661 557 617 617 512 573 573 467 618 618 513 617 617 512 616 616 511 573 573 467 617 617 512 572 572 466 573 573 467 616 616 511 571 571 465 572 572 466 616 616 511 528 528 421 572 572 466 571 571 465 573 573 467 572 572 466 528 528 421 529 529 422 573 573 467 528 528 421 530 530 423 573 573 467 529 529 422 463 463 308 530 530 423 529 529 422 528 528 421 463 463 308 529 529 422 461 461 304 463 463 308 528 528 421 418 418 309 463 463 308 461 461 304 1145 1145 1052 1189 1189 1097 1144 1144 1051 1146 1146 1053 1189 1189 1097 1145 1145 1052 1190 1190 1098 1189 1189 1097 1146 1146 1053 1191 1191 1099 1190 1190 1098 1146 1146 1053 1234 1234 1143 1190 1190 1098 1191 1191 1099 1189 1189 1097 1190 1190 1098 1234 1234 1143 1233 1233 1142 1189 1189 1097 1234 1234 1143 1232 1232 1141 1189 1189 1097 1233 1233 1142 1277 1277 1187 1232 1232 1141 1233 1233 1142 1234 1234 1143 1277 1277 1187 1233 1233 1142 1278 1278 1188 1277 1277 1187 1234 1234 1143 1279 1279 1189 1278 1278 1188 1234 1234 1143 1322 1322 1233 1278 1278 1188 1279 1279 1189 1277 1277 1187 1278 1278 1188 1322 1322 1233 1321 1321 1232 1277 1277 1187 1322 1322 1233 1320 1320 1231 1277 1277 1187 1321 1321 1232 1365 1365 1277 1320 1320 1231 1321 1321 1232 1322 1322 1233 1365 1365 1277 1321 1321 1232 1366 1366 1278 1365 1365 1277 1322 1322 1233 1367 1367 1279 1366 1366 1278 1322 1322 1233 1410 1410 1323 1366 1366 1278 1367 1367 1279 1365 1365 1277 1366 1366 1278 1410 1410 1323 1409 1409 1322 1365 1365 1277 1410 1410 1323 1408 1408 1321 1365 1365 1277 1409 1409 1322 1453 1453 1367 1408 1408 1321 1409 1409 1322 1410 1410 1323 1453 1453 1367 1409 1409 1322 1454 1454 1368 1453 1453 1367 1410 1410 1323 1455 1455 1369 1454 1454 1368 1410 1410 1323 1498 1498 1413 1454 1454 1368 1455 1455 1369 1453 1453 1367 1454 1454 1368 1498 1498 1413 1497 1497 1412 1453 1453 1367 1498 1498 1413 1496 1496 1411 1453 1453 1367 1497 1497 1412 1541 1541 1457 1496 1496 1411 1497 1497 1412 1498 1498 1413 1541 1541 1457 1497 1497 1412 1542 1542 1458 1541 1541 1457 1498 1498 1413 1543 1543 1459 1542 1542 1458 1498 1498 1413 1586 1586 1503 1542 1542 1458 1543 1543 1459 1541 1541 1457 1542 1542 1458 1586 1586 1503 1585 1585 1502 1541 1541 1457 1586 1586 1503 1584 1584 1501 1541 1541 1457 1585 1585 1502 1629 1629 1547 1584 1584 1501 1585 1585 1502 1586 1586 1503 1629 1629 1547 1585 1585 1502 1630 1630 1548 1629 1629 1547 1586 1586 1503 1631 1631 1549 1630 1630 1548 1586 1586 1503 1674 1674 1593 1630 1630 1548 1631 1631 1549 1629 1629 1547 1630 1630 1548 1674 1674 1593 1673 1673 1592 1629 1629 1547 1674 1674 1593 1672 1672 1591 1629 1629 1547 1673 1673 1592 1717 1717 1637 1672 1672 1591 1673 1673 1592 1674 1674 1593 1717 1717 1637 1673 1673 1592 1718 1718 1638 1717 1717 1637 1674 1674 1593 1719 1719 1639 1718 1718 1638 1674 1674 1593 1762 1762 1683 1718 1718 1638 1719 1719 1639 1717 1717 1637 1718 1718 1638 1762 1762 1683 1761 1761 1682 1717 1717 1637 1762 1762 1683 1760 1760 1681 1717 1717 1637 1761 1761 1682 464 464 311 1760 1760 1681 1761 1761 1682 1762 1762 1683 464 464 311 1761 1761 1682 466 466 315 464 464 311 1762 1762 1683 421 421 314 464 464 311 466 466 315 1189 1189 1097 1188 1188 1096 1144 1144 1051 1232 1232 1141 1188 1188 1096 1189 1189 1097 1187 1187 1095 1188 1188 1096 1232 1232 1141 1144 1144 1051 1188 1188 1096 1187 1187 1095 1143 1143 1050 1144 1144 1051 1187 1187 1095 1099 1099 1005 1144 1144 1051 1143 1143 1050 1142 1142 1049 1099 1099 1005 1143 1143 1050 1187 1187 1095 1142 1142 1049 1143 1143 1050 1186 1186 1094 1142 1142 1049 1187 1187 1095 1230 1230 1139 1186 1186 1094 1187 1187 1095 1185 1185 1093 1186 1186 1094 1230 1230 1139 1142 1142 1049 1186 1186 1094 1185 1185 1093 1141 1141 1048 1142 1142 1049 1185 1185 1093 1097 1097 1003 1142 1142 1049 1141 1141 1048 1140 1140 1047 1097 1097 1003 1141 1141 1048 1185 1185 1093 1140 1140 1047 1141 1141 1048 1184 1184 1092 1140 1140 1047 1185 1185 1093 1228 1228 1137 1184 1184 1092 1185 1185 1093 1183 1183 1091 1184 1184 1092 1228 1228 1137 1140 1140 1047 1184 1184 1092 1183 1183 1091 1139 1139 1046 1140 1140 1047 1183 1183 1091 1095 1095 1001 1140 1140 1047 1139 1139 1046 1138 1138 1045 1095 1095 1001 1139 1139 1046 1183 1183 1091 1138 1138 1045 1139 1139 1046 1182 1182 1090 1138 1138 1045 1183 1183 1091 1226 1226 1135 1182 1182 1090 1183 1183 1091 1181 1181 1089 1182 1182 1090 1226 1226 1135 1138 1138 1045 1182 1182 1090 1181 1181 1089 1137 1137 1044 1138 1138 1045 1181 1181 1089 1093 1093 999 1138 1138 1045 1137 1137 1044 1136 1136 1043 1093 1093 999 1137 1137 1044 1181 1181 1089 1136 1136 1043 1137 1137 1044 1180 1180 1088 1136 1136 1043 1181 1181 1089 1224 1224 1133 1180 1180 1088 1181 1181 1089 1179 1179 1087 1180 1180 1088 1224 1224 1133 1136 1136 1043 1180 1180 1088 1179 1179 1087 1135 1135 1042 1136 1136 1043 1179 1179 1087 1091 1091 997 1136 1136 1043 1135 1135 1042 1134 1134 1041 1091 1091 997 1135 1135 1042 1179 1179 1087 1134 1134 1041 1135 1135 1042 1178 1178 1086 1134 1134 1041 1179 1179 1087 1222 1222 1131 1178 1178 1086 1179 1179 1087 1177 1177 1085 1178 1178 1086 1222 1222 1131 1134 1134 1041 1178 1178 1086 1177 1177 1085 1133 1133 1040 1134 1134 1041 1177 1177 1085 1089 1089 995 1134 1134 1041 1133 1133 1040 1132 1132 1039 1089 1089 995 1133 1133 1040 1177 1177 1085 1132 1132 1039 1133 1133 1040 1176 1176 1084 1132 1132 1039 1177 1177 1085 1220 1220 1129 1176 1176 1084 1177 1177 1085 1175 1175 1083 1176 1176 1084 1220 1220 1129 1132 1132 1039 1176 1176 1084 1175 1175 1083 1131 1131 1038 1132 1132 1039 1175 1175 1083 1087 1087 993 1132 1132 1039 1131 1131 1038 1130 1130 1037 1087 1087 993 1131 1131 1038 1175 1175 1083 1130 1130 1037 1131 1131 1038 1174 1174 1082 1130 1130 1037 1175 1175 1083 1218 1218 1127 1174 1174 1082 1175 1175 1083 1173 1173 1081 1174 1174 1082 1218 1218 1127 1130 1130 1037 1174 1174 1082 1173 1173 1081 1129 1129 1036 1130 1130 1037 1173 1173 1081 1085 1085 991 1130 1130 1037 1129 1129 1036 1128 1128 1035 1085 1085 991 1129 1129 1036 1173 1173 1081 1128 1128 1035 1129 1129 1036 1172 1172 1080 1128 1128 1035 1173 1173 1081 1216 1216 1125 1172 1172 1080 1173 1173 1081 1171 1171 1079 1172 1172 1080 1216 1216 1125 1128 1128 1035 1172 1172 1080 1171 1171 1079 1127 1127 1034 1128 1128 1035 1171 1171 1079 1083 1083 989 1128 1128 1035 1127 1127 1034 1126 1126 1033 1083 1083 989 1127 1127 1034 1171 1171 1079 1126 1126 1033 1127 1127 1034 1170 1170 1078 1126 1126 1033 1171 1171 1079 1214 1214 1123 1170 1170 1078 1171 1171 1079 1169 1169 1077 1170 1170 1078 1214 1214 1123 1126 1126 1033 1170 1170 1078 1169 1169 1077 1125 1125 1032 1126 1126 1033 1169 1169 1077 1081 1081 987 1126 1126 1033 1125 1125 1032 1123 1123 1030 1081 1081 987 1125 1125 1032 1169 1169 1077 1123 1123 1030 1125 1125 1032 1168 1168 1076 1123 1123 1030 1169 1169 1077 1211 1211 1120 1168 1168 1076 1169 1169 1077 1167 1167 1075 1168 1168 1076 1211 1211 1120 1212 1212 1121 1167 1167 1075 1211 1211 1120 1255 1255 1165 1212 1212 1121 1211 1211 1120 1256 1256 1166 1255 1255 1165 1211 1211 1120 1299 1299 1210 1255 1255 1165 1256 1256 1166 1300 1300 1211 1255 1255 1165 1299 1299 1210 1343 1343 1255 1300 1300 1211 1299 1299 1210 1344 1344 1256 1343 1343 1255 1299 1299 1210 1387 1387 1300 1343 1343 1255 1344 1344 1256 1388 1388 1301 1343 1343 1255 1387 1387 1300 1431 1431 1345 1388 1388 1301 1387 1387 1300 1432 1432 1346 1431 1431 1345 1387 1387 1300 1475 1475 1390 1431 1431 1345 1432 1432 1346 1476 1476 1391 1431 1431 1345 1475 1475 1390 1519 1519 1435 1476 1476 1391 1475 1475 1390 1520 1520 1436 1519 1519 1435 1475 1475 1390 1563 1563 1480 1519 1519 1435 1520 1520 1436 1564 1564 1481 1519 1519 1435 1563 1563 1480 1607 1607 1525 1564 1564 1481 1563 1563 1480 1608 1608 1526 1607 1607 1525 1563 1563 1480 1651 1651 1570 1607 1607 1525 1608 1608 1526 1652 1652 1571 1607 1607 1525 1651 1651 1570 1695 1695 1615 1652 1652 1571 1651 1651 1570 1696 1696 1616 1695 1695 1615 1651 1651 1570 1739 1739 1660 1695 1695 1615 1696 1696 1616 1740 1740 1661 1695 1695 1615 1739 1739 1660 420 420 225 1740 1740 1661 1739 1739 1660 422 422 227 420 420 225 1739 1739 1660 421 421 226 420 420 225 422 422 227 1231 1231 1140 1187 1187 1095 1232 1232 1141 1230 1230 1139 1187 1187 1095 1231 1231 1140 1275 1275 1185 1230 1230 1139 1231 1231 1140 1232 1232 1141 1275 1275 1185 1231 1231 1140 1276 1276 1186 1275 1275 1185 1232 1232 1141 1277 1277 1187 1276 1276 1186 1232 1232 1141 1320 1320 1231 1276 1276 1186 1277 1277 1187 1275 1275 1185 1276 1276 1186 1320 1320 1231 1319 1319 1230 1275 1275 1185 1320 1320 1231 1318 1318 1229 1275 1275 1185 1319 1319 1230 1363 1363 1275 1318 1318 1229 1319 1319 1230 1320 1320 1231 1363 1363 1275 1319 1319 1230 1364 1364 1276 1363 1363 1275 1320 1320 1231 1365 1365 1277 1364 1364 1276 1320 1320 1231 1408 1408 1321 1364 1364 1276 1365 1365 1277 1363 1363 1275 1364 1364 1276 1408 1408 1321 1407 1407 1320 1363 1363 1275 1408 1408 1321 1406 1406 1319 1363 1363 1275 1407 1407 1320 1451 1451 1365 1406 1406 1319 1407 1407 1320 1408 1408 1321 1451 1451 1365 1407 1407 1320 1452 1452 1366 1451 1451 1365 1408 1408 1321 1453 1453 1367 1452 1452 1366 1408 1408 1321 1496 1496 1411 1452 1452 1366 1453 1453 1367 1451 1451 1365 1452 1452 1366 1496 1496 1411 1495 1495 1410 1451 1451 1365 1496 1496 1411 1494 1494 1409 1451 1451 1365 1495 1495 1410 1539 1539 1455 1494 1494 1409 1495 1495 1410 1496 1496 1411 1539 1539 1455 1495 1495 1410 1540 1540 1456 1539 1539 1455 1496 1496 1411 1541 1541 1457 1540 1540 1456 1496 1496 1411 1584 1584 1501 1540 1540 1456 1541 1541 1457 1539 1539 1455 1540 1540 1456 1584 1584 1501 1583 1583 1500 1539 1539 1455 1584 1584 1501 1582 1582 1499 1539 1539 1455 1583 1583 1500 1627 1627 1545 1582 1582 1499 1583 1583 1500 1584 1584 1501 1627 1627 1545 1583 1583 1500 1628 1628 1546 1627 1627 1545 1584 1584 1501 1629 1629 1547 1628 1628 1546 1584 1584 1501 1672 1672 1591 1628 1628 1546 1629 1629 1547 1627 1627 1545 1628 1628 1546 1672 1672 1591 1671 1671 1590 1627 1627 1545 1672 1672 1591 1670 1670 1589 1627 1627 1545 1671 1671 1590 1715 1715 1635 1670 1670 1589 1671 1671 1590 1672 1672 1591 1715 1715 1635 1671 1671 1590 1716 1716 1636 1715 1715 1635 1672 1672 1591 1717 1717 1637 1716 1716 1636 1672 1672 1591 1760 1760 1681 1716 1716 1636 1717 1717 1637 1715 1715 1635 1716 1716 1636 1760 1760 1681 1759 1759 1680 1715 1715 1635 1760 1760 1681 1758 1758 1679 1715 1715 1635 1759 1759 1680 460 460 303 1758 1758 1679 1759 1759 1680 1760 1760 1681 460 460 303 1759 1759 1680 462 462 307 460 460 303 1760 1760 1681 421 421 306 460 460 303 462 462 307 1275 1275 1185 1274 1274 1184 1230 1230 1139 1318 1318 1229 1274 1274 1184 1275 1275 1185 1273 1273 1183 1274 1274 1184 1318 1318 1229 1230 1230 1139 1274 1274 1184 1273 1273 1183 1229 1229 1138 1230 1230 1139 1273 1273 1183 1185 1185 1093 1230 1230 1139 1229 1229 1138 1228 1228 1137 1185 1185 1093 1229 1229 1138 1273 1273 1183 1228 1228 1137 1229 1229 1138 1272 1272 1182 1228 1228 1137 1273 1273 1183 1316 1316 1227 1272 1272 1182 1273 1273 1183 1271 1271 1181 1272 1272 1182 1316 1316 1227 1228 1228 1137 1272 1272 1182 1271 1271 1181 1227 1227 1136 1228 1228 1137 1271 1271 1181 1183 1183 1091 1228 1228 1137 1227 1227 1136 1226 1226 1135 1183 1183 1091 1227 1227 1136 1271 1271 1181 1226 1226 1135 1227 1227 1136 1270 1270 1180 1226 1226 1135 1271 1271 1181 1314 1314 1225 1270 1270 1180 1271 1271 1181 1269 1269 1179 1270 1270 1180 1314 1314 1225 1226 1226 1135 1270 1270 1180 1269 1269 1179 1225 1225 1134 1226 1226 1135 1269 1269 1179 1181 1181 1089 1226 1226 1135 1225 1225 1134 1224 1224 1133 1181 1181 1089 1225 1225 1134 1269 1269 1179 1224 1224 1133 1225 1225 1134 1268 1268 1178 1224 1224 1133 1269 1269 1179 1312 1312 1223 1268 1268 1178 1269 1269 1179 1267 1267 1177 1268 1268 1178 1312 1312 1223 1224 1224 1133 1268 1268 1178 1267 1267 1177 1223 1223 1132 1224 1224 1133 1267 1267 1177 1179 1179 1087 1224 1224 1133 1223 1223 1132 1222 1222 1131 1179 1179 1087 1223 1223 1132 1267 1267 1177 1222 1222 1131 1223 1223 1132 1266 1266 1176 1222 1222 1131 1267 1267 1177 1310 1310 1221 1266 1266 1176 1267 1267 1177 1265 1265 1175 1266 1266 1176 1310 1310 1221 1222 1222 1131 1266 1266 1176 1265 1265 1175 1221 1221 1130 1222 1222 1131 1265 1265 1175 1177 1177 1085 1222 1222 1131 1221 1221 1130 1220 1220 1129 1177 1177 1085 1221 1221 1130 1265 1265 1175 1220 1220 1129 1221 1221 1130 1264 1264 1174 1220 1220 1129 1265 1265 1175 1308 1308 1219 1264 1264 1174 1265 1265 1175 1263 1263 1173 1264 1264 1174 1308 1308 1219 1220 1220 1129 1264 1264 1174 1263 1263 1173 1219 1219 1128 1220 1220 1129 1263 1263 1173 1175 1175 1083 1220 1220 1129 1219 1219 1128 1218 1218 1127 1175 1175 1083 1219 1219 1128 1263 1263 1173 1218 1218 1127 1219 1219 1128 1262 1262 1172 1218 1218 1127 1263 1263 1173 1306 1306 1217 1262 1262 1172 1263 1263 1173 1261 1261 1171 1262 1262 1172 1306 1306 1217 1218 1218 1127 1262 1262 1172 1261 1261 1171 1217 1217 1126 1218 1218 1127 1261 1261 1171 1173 1173 1081 1218 1218 1127 1217 1217 1126 1216 1216 1125 1173 1173 1081 1217 1217 1126 1261 1261 1171 1216 1216 1125 1217 1217 1126 1260 1260 1170 1216 1216 1125 1261 1261 1171 1304 1304 1215 1260 1260 1170 1261 1261 1171 1259 1259 1169 1260 1260 1170 1304 1304 1215 1216 1216 1125 1260 1260 1170 1259 1259 1169 1215 1215 1124 1216 1216 1125 1259 1259 1169 1171 1171 1079 1216 1216 1125 1215 1215 1124 1214 1214 1123 1171 1171 1079 1215 1215 1124 1259 1259 1169 1214 1214 1123 1215 1215 1124 1258 1258 1168 1214 1214 1123 1259 1259 1169 1302 1302 1213 1258 1258 1168 1259 1259 1169 1257 1257 1167 1258 1258 1168 1302 1302 1213 1214 1214 1123 1258 1258 1168 1257 1257 1167 1213 1213 1122 1214 1214 1123 1257 1257 1167 1169 1169 1077 1214 1214 1123 1213 1213 1122 1211 1211 1120 1169 1169 1077 1213 1213 1122 1257 1257 1167 1211 1211 1120 1213 1213 1122 1256 1256 1166 1211 1211 1120 1257 1257 1167 1299 1299 1210 1256 1256 1166 1257 1257 1167 1301 1301 1212 1299 1299 1210 1257 1257 1167 1302 1302 1213 1301 1301 1212 1257 1257 1167 1345 1345 1257 1301 1301 1212 1302 1302 1213 1299 1299 1210 1301 1301 1212 1345 1345 1257 1344 1344 1256 1299 1299 1210 1345 1345 1257 1387 1387 1300 1344 1344 1256 1345 1345 1257 1389 1389 1302 1387 1387 1300 1345 1345 1257 1433 1433 1347 1387 1387 1300 1389 1389 1302 1432 1432 1346 1387 1387 1300 1433 1433 1347 1475 1475 1390 1432 1432 1346 1433 1433 1347 1477 1477 1392 1475 1475 1390 1433 1433 1347 1521 1521 1437 1475 1475 1390 1477 1477 1392 1520 1520 1436 1475 1475 1390 1521 1521 1437 1563 1563 1480 1520 1520 1436 1521 1521 1437 1565 1565 1482 1563 1563 1480 1521 1521 1437 1609 1609 1527 1563 1563 1480 1565 1565 1482 1608 1608 1526 1563 1563 1480 1609 1609 1527 1651 1651 1570 1608 1608 1526 1609 1609 1527 1653 1653 1572 1651 1651 1570 1609 1609 1527 1697 1697 1617 1651 1651 1570 1653 1653 1572 1696 1696 1616 1651 1651 1570 1697 1697 1617 1739 1739 1660 1696 1696 1616 1697 1697 1617 1741 1741 1662 1739 1739 1660 1697 1697 1617 424 424 231 1739 1739 1660 1741 1741 1662 422 422 227 1739 1739 1660 424 424 231 421 421 230 422 422 227 424 424 231 1317 1317 1228 1273 1273 1183 1318 1318 1229 1316 1316 1227 1273 1273 1183 1317 1317 1228 1361 1361 1273 1316 1316 1227 1317 1317 1228 1318 1318 1229 1361 1361 1273 1317 1317 1228 1362 1362 1274 1361 1361 1273 1318 1318 1229 1363 1363 1275 1362 1362 1274 1318 1318 1229 1406 1406 1319 1362 1362 1274 1363 1363 1275 1361 1361 1273 1362 1362 1274 1406 1406 1319 1405 1405 1318 1361 1361 1273 1406 1406 1319 1404 1404 1317 1361 1361 1273 1405 1405 1318 1449 1449 1363 1404 1404 1317 1405 1405 1318 1406 1406 1319 1449 1449 1363 1405 1405 1318 1450 1450 1364 1449 1449 1363 1406 1406 1319 1451 1451 1365 1450 1450 1364 1406 1406 1319 1494 1494 1409 1450 1450 1364 1451 1451 1365 1449 1449 1363 1450 1450 1364 1494 1494 1409 1493 1493 1408 1449 1449 1363 1494 1494 1409 1492 1492 1407 1449 1449 1363 1493 1493 1408 1537 1537 1453 1492 1492 1407 1493 1493 1408 1494 1494 1409 1537 1537 1453 1493 1493 1408 1538 1538 1454 1537 1537 1453 1494 1494 1409 1539 1539 1455 1538 1538 1454 1494 1494 1409 1582 1582 1499 1538 1538 1454 1539 1539 1455 1537 1537 1453 1538 1538 1454 1582 1582 1499 1581 1581 1498 1537 1537 1453 1582 1582 1499 1580 1580 1497 1537 1537 1453 1581 1581 1498 1625 1625 1543 1580 1580 1497 1581 1581 1498 1582 1582 1499 1625 1625 1543 1581 1581 1498 1626 1626 1544 1625 1625 1543 1582 1582 1499 1627 1627 1545 1626 1626 1544 1582 1582 1499 1670 1670 1589 1626 1626 1544 1627 1627 1545 1625 1625 1543 1626 1626 1544 1670 1670 1589 1669 1669 1588 1625 1625 1543 1670 1670 1589 1668 1668 1587 1625 1625 1543 1669 1669 1588 1713 1713 1633 1668 1668 1587 1669 1669 1588 1670 1670 1589 1713 1713 1633 1669 1669 1588 1714 1714 1634 1713 1713 1633 1670 1670 1589 1715 1715 1635 1714 1714 1634 1670 1670 1589 1758 1758 1679 1714 1714 1634 1715 1715 1635 1713 1713 1633 1714 1714 1634 1758 1758 1679 1757 1757 1678 1713 1713 1633 1758 1758 1679 1756 1756 1677 1713 1713 1633 1757 1757 1678 456 456 295 1756 1756 1677 1757 1757 1678 1758 1758 1679 456 456 295 1757 1757 1678 458 458 299 456 456 295 1758 1758 1679 421 421 298 456 456 295 458 458 299 1361 1361 1273 1360 1360 1272 1316 1316 1227 1404 1404 1317 1360 1360 1272 1361 1361 1273 1359 1359 1271 1360 1360 1272 1404 1404 1317 1316 1316 1227 1360 1360 1272 1359 1359 1271 1315 1315 1226 1316 1316 1227 1359 1359 1271 1271 1271 1181 1316 1316 1227 1315 1315 1226 1314 1314 1225 1271 1271 1181 1315 1315 1226 1359 1359 1271 1314 1314 1225 1315 1315 1226 1358 1358 1270 1314 1314 1225 1359 1359 1271 1402 1402 1315 1358 1358 1270 1359 1359 1271 1357 1357 1269 1358 1358 1270 1402 1402 1315 1314 1314 1225 1358 1358 1270 1357 1357 1269 1313 1313 1224 1314 1314 1225 1357 1357 1269 1269 1269 1179 1314 1314 1225 1313 1313 1224 1312 1312 1223 1269 1269 1179 1313 1313 1224 1357 1357 1269 1312 1312 1223 1313 1313 1224 1356 1356 1268 1312 1312 1223 1357 1357 1269 1400 1400 1313 1356 1356 1268 1357 1357 1269 1355 1355 1267 1356 1356 1268 1400 1400 1313 1312 1312 1223 1356 1356 1268 1355 1355 1267 1311 1311 1222 1312 1312 1223 1355 1355 1267 1267 1267 1177 1312 1312 1223 1311 1311 1222 1310 1310 1221 1267 1267 1177 1311 1311 1222 1355 1355 1267 1310 1310 1221 1311 1311 1222 1354 1354 1266 1310 1310 1221 1355 1355 1267 1398 1398 1311 1354 1354 1266 1355 1355 1267 1353 1353 1265 1354 1354 1266 1398 1398 1311 1310 1310 1221 1354 1354 1266 1353 1353 1265 1309 1309 1220 1310 1310 1221 1353 1353 1265 1265 1265 1175 1310 1310 1221 1309 1309 1220 1308 1308 1219 1265 1265 1175 1309 1309 1220 1353 1353 1265 1308 1308 1219 1309 1309 1220 1352 1352 1264 1308 1308 1219 1353 1353 1265 1396 1396 1309 1352 1352 1264 1353 1353 1265 1351 1351 1263 1352 1352 1264 1396 1396 1309 1308 1308 1219 1352 1352 1264 1351 1351 1263 1307 1307 1218 1308 1308 1219 1351 1351 1263 1263 1263 1173 1308 1308 1219 1307 1307 1218 1306 1306 1217 1263 1263 1173 1307 1307 1218 1351 1351 1263 1306 1306 1217 1307 1307 1218 1350 1350 1262 1306 1306 1217 1351 1351 1263 1394 1394 1307 1350 1350 1262 1351 1351 1263 1349 1349 1261 1350 1350 1262 1394 1394 1307 1306 1306 1217 1350 1350 1262 1349 1349 1261 1305 1305 1216 1306 1306 1217 1349 1349 1261 1261 1261 1171 1306 1306 1217 1305 1305 1216 1304 1304 1215 1261 1261 1171 1305 1305 1216 1349 1349 1261 1304 1304 1215 1305 1305 1216 1348 1348 1260 1304 1304 1215 1349 1349 1261 1392 1392 1305 1348 1348 1260 1349 1349 1261 1347 1347 1259 1348 1348 1260 1392 1392 1305 1304 1304 1215 1348 1348 1260 1347 1347 1259 1303 1303 1214 1304 1304 1215 1347 1347 1259 1259 1259 1169 1304 1304 1215 1303 1303 1214 1302 1302 1213 1259 1259 1169 1303 1303 1214 1347 1347 1259 1302 1302 1213 1303 1303 1214 1346 1346 1258 1302 1302 1213 1347 1347 1259 1345 1345 1257 1302 1302 1213 1346 1346 1258 1390 1390 1303 1345 1345 1257 1346 1346 1258 1389 1389 1302 1345 1345 1257 1390 1390 1303 1433 1433 1347 1389 1389 1302 1390 1390 1303 1434 1434 1348 1433 1433 1347 1390 1390 1303 1478 1478 1393 1433 1433 1347 1434 1434 1348 1477 1477 1392 1433 1433 1347 1478 1478 1393 1521 1521 1437 1477 1477 1392 1478 1478 1393 1522 1522 1438 1521 1521 1437 1478 1478 1393 1566 1566 1483 1521 1521 1437 1522 1522 1438 1565 1565 1482 1521 1521 1437 1566 1566 1483 1609 1609 1527 1565 1565 1482 1566 1566 1483 1610 1610 1528 1609 1609 1527 1566 1566 1483 1654 1654 1573 1609 1609 1527 1610 1610 1528 1653 1653 1572 1609 1609 1527 1654 1654 1573 1697 1697 1617 1653 1653 1572 1654 1654 1573 1698 1698 1618 1697 1697 1617 1654 1654 1573 1742 1742 1663 1697 1697 1617 1698 1698 1618 1741 1741 1662 1697 1697 1617 1742 1742 1663 424 424 231 1741 1741 1662 1742 1742 1663 426 426 235 424 424 231 1742 1742 1663 421 421 234 424 424 231 426 426 235 1403 1403 1316 1359 1359 1271 1404 1404 1317 1402 1402 1315 1359 1359 1271 1403 1403 1316 1447 1447 1361 1402 1402 1315 1403 1403 1316 1404 1404 1317 1447 1447 1361 1403 1403 1316 1448 1448 1362 1447 1447 1361 1404 1404 1317 1449 1449 1363 1448 1448 1362 1404 1404 1317 1492 1492 1407 1448 1448 1362 1449 1449 1363 1447 1447 1361 1448 1448 1362 1492 1492 1407 1491 1491 1406 1447 1447 1361 1492 1492 1407 1490 1490 1405 1447 1447 1361 1491 1491 1406 1535 1535 1451 1490 1490 1405 1491 1491 1406 1492 1492 1407 1535 1535 1451 1491 1491 1406 1536 1536 1452 1535 1535 1451 1492 1492 1407 1537 1537 1453 1536 1536 1452 1492 1492 1407 1580 1580 1497 1536 1536 1452 1537 1537 1453 1535 1535 1451 1536 1536 1452 1580 1580 1497 1579 1579 1496 1535 1535 1451 1580 1580 1497 1578 1578 1495 1535 1535 1451 1579 1579 1496 1623 1623 1541 1578 1578 1495 1579 1579 1496 1580 1580 1497 1623 1623 1541 1579 1579 1496 1624 1624 1542 1623 1623 1541 1580 1580 1497 1625 1625 1543 1624 1624 1542 1580 1580 1497 1668 1668 1587 1624 1624 1542 1625 1625 1543 1623 1623 1541 1624 1624 1542 1668 1668 1587 1667 1667 1586 1623 1623 1541 1668 1668 1587 1666 1666 1585 1623 1623 1541 1667 1667 1586 1711 1711 1631 1666 1666 1585 1667 1667 1586 1668 1668 1587 1711 1711 1631 1667 1667 1586 1712 1712 1632 1711 1711 1631 1668 1668 1587 1713 1713 1633 1712 1712 1632 1668 1668 1587 1756 1756 1677 1712 1712 1632 1713 1713 1633 1711 1711 1631 1712 1712 1632 1756 1756 1677 1755 1755 1676 1711 1711 1631 1756 1756 1677 1754 1754 1675 1711 1711 1631 1755 1755 1676 452 452 287 1754 1754 1675 1755 1755 1676 1756 1756 1677 452 452 287 1755 1755 1676 454 454 291 452 452 287 1756 1756 1677 421 421 290 452 452 287 454 454 291 1447 1447 1361 1446 1446 1360 1402 1402 1315 1490 1490 1405 1446 1446 1360 1447 1447 1361 1445 1445 1359 1446 1446 1360 1490 1490 1405 1402 1402 1315 1446 1446 1360 1445 1445 1359 1401 1401 1314 1402 1402 1315 1445 1445 1359 1357 1357 1269 1402 1402 1315 1401 1401 1314 1400 1400 1313 1357 1357 1269 1401 1401 1314 1445 1445 1359 1400 1400 1313 1401 1401 1314 1444 1444 1358 1400 1400 1313 1445 1445 1359 1488 1488 1403 1444 1444 1358 1445 1445 1359 1443 1443 1357 1444 1444 1358 1488 1488 1403 1400 1400 1313 1444 1444 1358 1443 1443 1357 1399 1399 1312 1400 1400 1313 1443 1443 1357 1355 1355 1267 1400 1400 1313 1399 1399 1312 1398 1398 1311 1355 1355 1267 1399 1399 1312 1443 1443 1357 1398 1398 1311 1399 1399 1312 1442 1442 1356 1398 1398 1311 1443 1443 1357 1486 1486 1401 1442 1442 1356 1443 1443 1357 1441 1441 1355 1442 1442 1356 1486 1486 1401 1398 1398 1311 1442 1442 1356 1441 1441 1355 1397 1397 1310 1398 1398 1311 1441 1441 1355 1353 1353 1265 1398 1398 1311 1397 1397 1310 1396 1396 1309 1353 1353 1265 1397 1397 1310 1441 1441 1355 1396 1396 1309 1397 1397 1310 1440 1440 1354 1396 1396 1309 1441 1441 1355 1484 1484 1399 1440 1440 1354 1441 1441 1355 1439 1439 1353 1440 1440 1354 1484 1484 1399 1396 1396 1309 1440 1440 1354 1439 1439 1353 1395 1395 1308 1396 1396 1309 1439 1439 1353 1351 1351 1263 1396 1396 1309 1395 1395 1308 1394 1394 1307 1351 1351 1263 1395 1395 1308 1439 1439 1353 1394 1394 1307 1395 1395 1308 1438 1438 1352 1394 1394 1307 1439 1439 1353 1482 1482 1397 1438 1438 1352 1439 1439 1353 1437 1437 1351 1438 1438 1352 1482 1482 1397 1394 1394 1307 1438 1438 1352 1437 1437 1351 1393 1393 1306 1394 1394 1307 1437 1437 1351 1349 1349 1261 1394 1394 1307 1393 1393 1306 1392 1392 1305 1349 1349 1261 1393 1393 1306 1437 1437 1351 1392 1392 1305 1393 1393 1306 1436 1436 1350 1392 1392 1305 1437 1437 1351 1480 1480 1395 1436 1436 1350 1437 1437 1351 1435 1435 1349 1436 1436 1350 1480 1480 1395 1392 1392 1305 1436 1436 1350 1435 1435 1349 1391 1391 1304 1392 1392 1305 1435 1435 1349 1347 1347 1259 1392 1392 1305 1391 1391 1304 1390 1390 1303 1347 1347 1259 1391 1391 1304 1346 1346 1258 1347 1347 1259 1390 1390 1303 1489 1489 1404 1445 1445 1359 1490 1490 1405 1488 1488 1403 1445 1445 1359 1489 1489 1404 1533 1533 1449 1488 1488 1403 1489 1489 1404 1490 1490 1405 1533 1533 1449 1489 1489 1404 1534 1534 1450 1533 1533 1449 1490 1490 1405 1535 1535 1451 1534 1534 1450 1490 1490 1405 1578 1578 1495 1534 1534 1450 1535 1535 1451 1533 1533 1449 1534 1534 1450 1578 1578 1495 1577 1577 1494 1533 1533 1449 1578 1578 1495 1576 1576 1493 1533 1533 1449 1577 1577 1494 1621 1621 1539 1576 1576 1493 1577 1577 1494 1578 1578 1495 1621 1621 1539 1577 1577 1494 1622 1622 1540 1621 1621 1539 1578 1578 1495 1623 1623 1541 1622 1622 1540 1578 1578 1495 1666 1666 1585 1622 1622 1540 1623 1623 1541 1621 1621 1539 1622 1622 1540 1666 1666 1585 1665 1665 1584 1621 1621 1539 1666 1666 1585 1664 1664 1583 1621 1621 1539 1665 1665 1584 1709 1709 1629 1664 1664 1583 1665 1665 1584 1666 1666 1585 1709 1709 1629 1665 1665 1584 1710 1710 1630 1709 1709 1629 1666 1666 1585 1711 1711 1631 1710 1710 1630 1666 1666 1585 1754 1754 1675 1710 1710 1630 1711 1711 1631 1709 1709 1629 1710 1710 1630 1754 1754 1675 1753 1753 1674 1709 1709 1629 1754 1754 1675 1752 1752 1673 1709 1709 1629 1753 1753 1674 448 448 279 1752 1752 1673 1753 1753 1674 1754 1754 1675 448 448 279 1753 1753 1674 450 450 283 448 448 279 1754 1754 1675 421 421 282 448 448 279 450 450 283 1533 1533 1449 1532 1532 1448 1488 1488 1403 1576 1576 1493 1532 1532 1448 1533 1533 1449 1531 1531 1447 1532 1532 1448 1576 1576 1493 1488 1488 1403 1532 1532 1448 1531 1531 1447 1487 1487 1402 1488 1488 1403 1531 1531 1447 1443 1443 1357 1488 1488 1403 1487 1487 1402 1486 1486 1401 1443 1443 1357 1487 1487 1402 1531 1531 1447 1486 1486 1401 1487 1487 1402 1530 1530 1446 1486 1486 1401 1531 1531 1447 1574 1574 1491 1530 1530 1446 1531 1531 1447 1529 1529 1445 1530 1530 1446 1574 1574 1491 1486 1486 1401 1530 1530 1446 1529 1529 1445 1485 1485 1400 1486 1486 1401 1529 1529 1445 1441 1441 1355 1486 1486 1401 1485 1485 1400 1484 1484 1399 1441 1441 1355 1485 1485 1400 1529 1529 1445 1484 1484 1399 1485 1485 1400 1528 1528 1444 1484 1484 1399 1529 1529 1445 1572 1572 1489 1528 1528 1444 1529 1529 1445 1527 1527 1443 1528 1528 1444 1572 1572 1489 1484 1484 1399 1528 1528 1444 1527 1527 1443 1483 1483 1398 1484 1484 1399 1527 1527 1443 1439 1439 1353 1484 1484 1399 1483 1483 1398 1482 1482 1397 1439 1439 1353 1483 1483 1398 1527 1527 1443 1482 1482 1397 1483 1483 1398 1526 1526 1442 1482 1482 1397 1527 1527 1443 1570 1570 1487 1526 1526 1442 1527 1527 1443 1525 1525 1441 1526 1526 1442 1570 1570 1487 1482 1482 1397 1526 1526 1442 1525 1525 1441 1481 1481 1396 1482 1482 1397 1525 1525 1441 1437 1437 1351 1482 1482 1397 1481 1481 1396 1480 1480 1395 1437 1437 1351 1481 1481 1396 1525 1525 1441 1480 1480 1395 1481 1481 1396 1524 1524 1440 1480 1480 1395 1525 1525 1441 1568 1568 1485 1524 1524 1440 1525 1525 1441 1523 1523 1439 1524 1524 1440 1568 1568 1485 1480 1480 1395 1524 1524 1440 1523 1523 1439 1479 1479 1394 1480 1480 1395 1523 1523 1439 1435 1435 1349 1480 1480 1395 1479 1479 1394 1478 1478 1393 1435 1435 1349 1479 1479 1394 1434 1434 1348 1435 1435 1349 1478 1478 1393 1390 1390 1303 1435 1435 1349 1434 1434 1348 1391 1391 1304 1435 1435 1349 1390 1390 1303 1575 1575 1492 1531 1531 1447 1576 1576 1493 1574 1574 1491 1531 1531 1447 1575 1575 1492 1619 1619 1537 1574 1574 1491 1575 1575 1492 1576 1576 1493 1619 1619 1537 1575 1575 1492 1620 1620 1538 1619 1619 1537 1576 1576 1493 1621 1621 1539 1620 1620 1538 1576 1576 1493 1664 1664 1583 1620 1620 1538 1621 1621 1539 1619 1619 1537 1620 1620 1538 1664 1664 1583 1663 1663 1582 1619 1619 1537 1664 1664 1583 1662 1662 1581 1619 1619 1537 1663 1663 1582 1707 1707 1627 1662 1662 1581 1663 1663 1582 1664 1664 1583 1707 1707 1627 1663 1663 1582 1708 1708 1628 1707 1707 1627 1664 1664 1583 1709 1709 1629 1708 1708 1628 1664 1664 1583 1752 1752 1673 1708 1708 1628 1709 1709 1629 1707 1707 1627 1708 1708 1628 1752 1752 1673 1751 1751 1672 1707 1707 1627 1752 1752 1673 1750 1750 1671 1707 1707 1627 1751 1751 1672 444 444 271 1750 1750 1671 1751 1751 1672 1752 1752 1673 444 444 271 1751 1751 1672 446 446 275 444 444 271 1752 1752 1673 421 421 274 444 444 271 446 446 275 1619 1619 1537 1618 1618 1536 1574 1574 1491 1662 1662 1581 1618 1618 1536 1619 1619 1537 1617 1617 1535 1618 1618 1536 1662 1662 1581 1574 1574 1491 1618 1618 1536 1617 1617 1535 1573 1573 1490 1574 1574 1491 1617 1617 1535 1529 1529 1445 1574 1574 1491 1573 1573 1490 1572 1572 1489 1529 1529 1445 1573 1573 1490 1617 1617 1535 1572 1572 1489 1573 1573 1490 1616 1616 1534 1572 1572 1489 1617 1617 1535 1660 1660 1579 1616 1616 1534 1617 1617 1535 1615 1615 1533 1616 1616 1534 1660 1660 1579 1572 1572 1489 1616 1616 1534 1615 1615 1533 1571 1571 1488 1572 1572 1489 1615 1615 1533 1527 1527 1443 1572 1572 1489 1571 1571 1488 1570 1570 1487 1527 1527 1443 1571 1571 1488 1615 1615 1533 1570 1570 1487 1571 1571 1488 1614 1614 1532 1570 1570 1487 1615 1615 1533 1658 1658 1577 1614 1614 1532 1615 1615 1533 1613 1613 1531 1614 1614 1532 1658 1658 1577 1570 1570 1487 1614 1614 1532 1613 1613 1531 1569 1569 1486 1570 1570 1487 1613 1613 1531 1525 1525 1441 1570 1570 1487 1569 1569 1486 1568 1568 1485 1525 1525 1441 1569 1569 1486 1613 1613 1531 1568 1568 1485 1569 1569 1486 1612 1612 1530 1568 1568 1485 1613 1613 1531 1656 1656 1575 1612 1612 1530 1613 1613 1531 1611 1611 1529 1612 1612 1530 1656 1656 1575 1568 1568 1485 1612 1612 1530 1611 1611 1529 1567 1567 1484 1568 1568 1485 1611 1611 1529 1523 1523 1439 1568 1568 1485 1567 1567 1484 1566 1566 1483 1523 1523 1439 1567 1567 1484 1522 1522 1438 1523 1523 1439 1566 1566 1483 1478 1478 1393 1523 1523 1439 1522 1522 1438 1479 1479 1394 1523 1523 1439 1478 1478 1393 1661 1661 1580 1617 1617 1535 1662 1662 1581 1660 1660 1579 1617 1617 1535 1661 1661 1580 1705 1705 1625 1660 1660 1579 1661 1661 1580 1662 1662 1581 1705 1705 1625 1661 1661 1580 1706 1706 1626 1705 1705 1625 1662 1662 1581 1707 1707 1627 1706 1706 1626 1662 1662 1581 1750 1750 1671 1706 1706 1626 1707 1707 1627 1705 1705 1625 1706 1706 1626 1750 1750 1671 1749 1749 1670 1705 1705 1625 1750 1750 1671 1748 1748 1669 1705 1705 1625 1749 1749 1670 440 440 263 1748 1748 1669 1749 1749 1670 1750 1750 1671 440 440 263 1749 1749 1670 442 442 267 440 440 263 1750 1750 1671 421 421 266 440 440 263 442 442 267 1705 1705 1625 1704 1704 1624 1660 1660 1579 1748 1748 1669 1704 1704 1624 1705 1705 1625 1703 1703 1623 1704 1704 1624 1748 1748 1669 1660 1660 1579 1704 1704 1624 1703 1703 1623 1659 1659 1578 1660 1660 1579 1703 1703 1623 1615 1615 1533 1660 1660 1579 1659 1659 1578 1658 1658 1577 1615 1615 1533 1659 1659 1578 1703 1703 1623 1658 1658 1577 1659 1659 1578 1702 1702 1622 1658 1658 1577 1703 1703 1623 1746 1746 1667 1702 1702 1622 1703 1703 1623 1701 1701 1621 1702 1702 1622 1746 1746 1667 1658 1658 1577 1702 1702 1622 1701 1701 1621 1657 1657 1576 1658 1658 1577 1701 1701 1621 1613 1613 1531 1658 1658 1577 1657 1657 1576 1656 1656 1575 1613 1613 1531 1657 1657 1576 1701 1701 1621 1656 1656 1575 1657 1657 1576 1700 1700 1620 1656 1656 1575 1701 1701 1621 1744 1744 1665 1700 1700 1620 1701 1701 1621 1699 1699 1619 1700 1700 1620 1744 1744 1665 1656 1656 1575 1700 1700 1620 1699 1699 1619 1655 1655 1574 1656 1656 1575 1699 1699 1619 1611 1611 1529 1656 1656 1575 1655 1655 1574 1654 1654 1573 1611 1611 1529 1655 1655 1574 1610 1610 1528 1611 1611 1529 1654 1654 1573 1566 1566 1483 1611 1611 1529 1610 1610 1528 1567 1567 1484 1611 1611 1529 1566 1566 1483 1747 1747 1668 1703 1703 1623 1748 1748 1669 1746 1746 1667 1703 1703 1623 1747 1747 1668 436 436 255 1746 1746 1667 1747 1747 1668 1748 1748 1669 436 436 255 1747 1747 1668 438 438 259 436 436 255 1748 1748 1669 421 421 258 436 436 255 438 438 259 436 436 255 434 434 251 1746 1746 1667 421 421 254 434 434 251 436 436 255 434 434 251 432 432 247 1746 1746 1667 421 421 250 432 432 247 434 434 251 1745 1745 1666 1746 1746 1667 432 432 247 1701 1701 1621 1746 1746 1667 1745 1745 1666 1744 1744 1665 1701 1701 1621 1745 1745 1666 432 432 247 1744 1744 1665 1745 1745 1666 430 430 243 1744 1744 1665 432 432 247 421 421 246 430 430 243 432 432 247 430 430 243 428 428 239 1744 1744 1665 421 421 242 428 428 239 430 430 243 1743 1743 1664 1744 1744 1665 428 428 239 1699 1699 1619 1744 1744 1665 1743 1743 1664 1742 1742 1663 1699 1699 1619 1743 1743 1664 1698 1698 1618 1699 1699 1619 1742 1742 1663 1654 1654 1573 1699 1699 1619 1698 1698 1618 1655 1655 1574 1699 1699 1619 1654 1654 1573 428 428 239 1742 1742 1663 1743 1743 1664 426 426 235 1742 1742 1663 428 428 239 421 421 238 426 426 235 428 428 239 419 419 224 417 417 222 507 507 400 418 418 223 417 417 222 419 419 224 507 507 400 508 508 401 419 419 224 551 551 445 508 508 401 507 507 400 552 552 446 551 551 445 507 507 400 595 595 490 551 551 445 552 552 446 596 596 491 551 551 445 595 595 490 639 639 535 596 596 491 595 595 490 640 640 536 639 639 535 595 595 490 683 683 580 639 639 535 640 640 536 684 684 581 639 639 535 683 683 580 727 727 625 684 684 581 683 683 580 728 728 626 727 727 625 683 683 580 771 771 670 727 727 625 728 728 626 772 772 671 727 727 625 771 771 670 815 815 715 772 772 671 771 771 670 816 816 716 815 815 715 771 771 670 859 859 760 815 815 715 816 816 716 860 860 761 815 815 715 859 859 760 903 903 805 860 860 761 859 859 760 904 904 806 903 903 805 859 859 760 947 947 850 903 903 805 904 904 806 948 948 851 903 903 805 947 947 850 991 991 895 948 948 851 947 947 850 992 992 896 991 991 895 947 947 850 1035 1035 940 991 991 895 992 992 896 1036 1036 941 991 991 895 1035 1035 940 1079 1079 985 1036 1036 941 1035 1035 940 1080 1080 986 1079 1079 985 1035 1035 940 1123 1123 1030 1079 1079 985 1080 1080 986 1081 1081 987 1123 1123 1030 1080 1080 986 1035 1035 940 1081 1081 987 1080 1080 986 1037 1037 942 1081 1081 987 1035 1035 940 993 993 897 1037 1037 942 1035 1035 940 992 992 896 993 993 897 1035 1035 940 947 947 850 993 993 897 992 992 896 949 949 852 993 993 897 947 947 850 905 905 807 949 949 852 947 947 850 904 904 806 905 905 807 947 947 850 859 859 760 905 905 807 904 904 806 861 861 762 905 905 807 859 859 760 817 817 717 861 861 762 859 859 760 816 816 716 817 817 717 859 859 760 771 771 670 817 817 717 816 816 716 773 773 672 817 817 717 771 771 670 729 729 627 773 773 672 771 771 670 728 728 626 729 729 627 771 771 670 683 683 580 729 729 627 728 728 626 685 685 582 729 729 627 683 683 580 641 641 537 685 685 582 683 683 580 640 640 536 641 641 537 683 683 580 595 595 490 641 641 537 640 640 536 597 597 492 641 641 537 595 595 490 553 553 447 597 597 492 595 595 490 552 552 446 553 553 447 595 595 490 507 507 400 553 553 447 552 552 446 509 509 402 553 553 447 507 507 400 423 423 228 509 509 402 507 507 400 417 417 222 423 423 228 507 507 400 418 418 229 423 423 228 417 417 222 1123 1123 1030 1124 1124 1031 1079 1079 985 1167 1167 1075 1124 1124 1031 1123 1123 1030 1168 1168 1076 1167 1167 1075 1123 1123 1030 510 510 403 509 509 402 423 423 228 553 553 447 509 509 402 510 510 403 554 554 448 553 553 447 510 510 403 598 598 493 553 553 447 554 554 448 597 597 492 553 553 447 598 598 493 641 641 537 597 597 492 598 598 493 642 642 538 641 641 537 598 598 493 686 686 583 641 641 537 642 642 538 685 685 582 641 641 537 686 686 583 729 729 627 685 685 582 686 686 583 730 730 628 729 729 627 686 686 583 774 774 673 729 729 627 730 730 628 773 773 672 729 729 627 774 774 673 817 817 717 773 773 672 774 774 673 818 818 718 817 817 717 774 774 673 862 862 763 817 817 717 818 818 718 861 861 762 817 817 717 862 862 763 905 905 807 861 861 762 862 862 763 906 906 808 905 905 807 862 862 763 950 950 853 905 905 807 906 906 808 949 949 852 905 905 807 950 950 853 993 993 897 949 949 852 950 950 853 994 994 898 993 993 897 950 950 853 1038 1038 943 993 993 897 994 994 898 1037 1037 942 993 993 897 1038 1038 943 1081 1081 987 1037 1037 942 1038 1038 943 1082 1082 988 1081 1081 987 1038 1038 943 1126 1126 1033 1081 1081 987 1082 1082 988 1083 1083 989 1126 1126 1033 1082 1082 988 1038 1038 943 1083 1083 989 1082 1082 988 1039 1039 944 1083 1083 989 1038 1038 943 995 995 899 1039 1039 944 1038 1038 943 994 994 898 995 995 899 1038 1038 943 950 950 853 995 995 899 994 994 898 951 951 854 995 995 899 950 950 853 907 907 809 951 951 854 950 950 853 906 906 808 907 907 809 950 950 853 862 862 763 907 907 809 906 906 808 863 863 764 907 907 809 862 862 763 819 819 719 863 863 764 862 862 763 818 818 718 819 819 719 862 862 763 774 774 673 819 819 719 818 818 718 775 775 674 819 819 719 774 774 673 731 731 629 775 775 674 774 774 673 730 730 628 731 731 629 774 774 673 686 686 583 731 731 629 730 730 628 687 687 584 731 731 629 686 686 583 643 643 539 687 687 584 686 686 583 642 642 538 643 643 539 686 686 583 598 598 493 643 643 539 642 642 538 599 599 494 643 643 539 598 598 493 555 555 449 599 599 494 598 598 493 554 554 448 555 555 449 598 598 493 510 510 403 555 555 449 554 554 448 511 511 404 555 555 449 510 510 403 427 427 236 511 511 404 510 510 403 512 512 405 511 511 404 427 427 236 555 555 449 511 511 404 512 512 405 556 556 450 555 555 449 512 512 405 600 600 495 555 555 449 556 556 450 599 599 494 555 555 449 600 600 495 643 643 539 599 599 494 600 600 495 644 644 540 643 643 539 600 600 495 688 688 585 643 643 539 644 644 540 687 687 584 643 643 539 688 688 585 731 731 629 687 687 584 688 688 585 732 732 630 731 731 629 688 688 585 776 776 675 731 731 629 732 732 630 775 775 674 731 731 629 776 776 675 819 819 719 775 775 674 776 776 675 820 820 720 819 819 719 776 776 675 864 864 765 819 819 719 820 820 720 863 863 764 819 819 719 864 864 765 907 907 809 863 863 764 864 864 765 908 908 810 907 907 809 864 864 765 952 952 855 907 907 809 908 908 810 951 951 854 907 907 809 952 952 855 995 995 899 951 951 854 952 952 855 996 996 900 995 995 899 952 952 855 1040 1040 945 995 995 899 996 996 900 1039 1039 944 995 995 899 1040 1040 945 1083 1083 989 1039 1039 944 1040 1040 945 1084 1084 990 1083 1083 989 1040 1040 945 1128 1128 1035 1083 1083 989 1084 1084 990 1085 1085 991 1128 1128 1035 1084 1084 990 1040 1040 945 1085 1085 991 1084 1084 990 1041 1041 946 1085 1085 991 1040 1040 945 997 997 901 1041 1041 946 1040 1040 945 996 996 900 997 997 901 1040 1040 945 952 952 855 997 997 901 996 996 900 953 953 856 997 997 901 952 952 855 909 909 811 953 953 856 952 952 855 908 908 810 909 909 811 952 952 855 864 864 765 909 909 811 908 908 810 865 865 766 909 909 811 864 864 765 821 821 721 865 865 766 864 864 765 820 820 720 821 821 721 864 864 765 776 776 675 821 821 721 820 820 720 777 777 676 821 821 721 776 776 675 733 733 631 777 777 676 776 776 675 732 732 630 733 733 631 776 776 675 688 688 585 733 733 631 732 732 630 689 689 586 733 733 631 688 688 585 645 645 541 689 689 586 688 688 585 644 644 540 645 645 541 688 688 585 600 600 495 645 645 541 644 644 540 601 601 496 645 645 541 600 600 495 557 557 451 601 601 496 600 600 495 556 556 450 557 557 451 600 600 495 512 512 405 557 557 451 556 556 450 513 513 406 557 557 451 512 512 405 431 431 244 513 513 406 512 512 405 514 514 407 513 513 406 431 431 244 557 557 451 513 513 406 514 514 407 558 558 452 557 557 451 514 514 407 602 602 497 557 557 451 558 558 452 601 601 496 557 557 451 602 602 497 645 645 541 601 601 496 602 602 497 646 646 542 645 645 541 602 602 497 690 690 587 645 645 541 646 646 542 689 689 586 645 645 541 690 690 587 733 733 631 689 689 586 690 690 587 734 734 632 733 733 631 690 690 587 778 778 677 733 733 631 734 734 632 777 777 676 733 733 631 778 778 677 821 821 721 777 777 676 778 778 677 822 822 722 821 821 721 778 778 677 866 866 767 821 821 721 822 822 722 865 865 766 821 821 721 866 866 767 909 909 811 865 865 766 866 866 767 910 910 812 909 909 811 866 866 767 954 954 857 909 909 811 910 910 812 953 953 856 909 909 811 954 954 857 997 997 901 953 953 856 954 954 857 998 998 902 997 997 901 954 954 857 1042 1042 947 997 997 901 998 998 902 1041 1041 946 997 997 901 1042 1042 947 1085 1085 991 1041 1041 946 1042 1042 947 1086 1086 992 1085 1085 991 1042 1042 947 1130 1130 1037 1085 1085 991 1086 1086 992 1087 1087 993 1130 1130 1037 1086 1086 992 1042 1042 947 1087 1087 993 1086 1086 992 1043 1043 948 1087 1087 993 1042 1042 947 999 999 903 1043 1043 948 1042 1042 947 998 998 902 999 999 903 1042 1042 947 954 954 857 999 999 903 998 998 902 955 955 858 999 999 903 954 954 857 911 911 813 955 955 858 954 954 857 910 910 812 911 911 813 954 954 857 866 866 767 911 911 813 910 910 812 867 867 768 911 911 813 866 866 767 823 823 723 867 867 768 866 866 767 822 822 722 823 823 723 866 866 767 778 778 677 823 823 723 822 822 722 779 779 678 823 823 723 778 778 677 735 735 633 779 779 678 778 778 677 734 734 632 735 735 633 778 778 677 690 690 587 735 735 633 734 734 632 691 691 588 735 735 633 690 690 587 647 647 543 691 691 588 690 690 587 646 646 542 647 647 543 690 690 587 602 602 497 647 647 543 646 646 542 603 603 498 647 647 543 602 602 497 559 559 453 603 603 498 602 602 497 558 558 452 559 559 453 602 602 497 514 514 407 559 559 453 558 558 452 515 515 408 559 559 453 514 514 407 435 435 252 515 515 408 514 514 407 516 516 409 515 515 408 435 435 252 559 559 453 515 515 408 516 516 409 560 560 454 559 559 453 516 516 409 604 604 499 559 559 453 560 560 454 603 603 498 559 559 453 604 604 499 647 647 543 603 603 498 604 604 499 648 648 544 647 647 543 604 604 499 692 692 589 647 647 543 648 648 544 691 691 588 647 647 543 692 692 589 735 735 633 691 691 588 692 692 589 736 736 634 735 735 633 692 692 589 780 780 679 735 735 633 736 736 634 779 779 678 735 735 633 780 780 679 823 823 723 779 779 678 780 780 679 824 824 724 823 823 723 780 780 679 868 868 769 823 823 723 824 824 724 867 867 768 823 823 723 868 868 769 911 911 813 867 867 768 868 868 769 912 912 814 911 911 813 868 868 769 956 956 859 911 911 813 912 912 814 955 955 858 911 911 813 956 956 859 999 999 903 955 955 858 956 956 859 1000 1000 904 999 999 903 956 956 859 1044 1044 949 999 999 903 1000 1000 904 1043 1043 948 999 999 903 1044 1044 949 1087 1087 993 1043 1043 948 1044 1044 949 1088 1088 994 1087 1087 993 1044 1044 949 1132 1132 1039 1087 1087 993 1088 1088 994 1089 1089 995 1132 1132 1039 1088 1088 994 1044 1044 949 1089 1089 995 1088 1088 994 1045 1045 950 1089 1089 995 1044 1044 949 1001 1001 905 1045 1045 950 1044 1044 949 1000 1000 904 1001 1001 905 1044 1044 949 956 956 859 1001 1001 905 1000 1000 904 957 957 860 1001 1001 905 956 956 859 913 913 815 957 957 860 956 956 859 912 912 814 913 913 815 956 956 859 868 868 769 913 913 815 912 912 814 869 869 770 913 913 815 868 868 769 825 825 725 869 869 770 868 868 769 824 824 724 825 825 725 868 868 769 780 780 679 825 825 725 824 824 724 781 781 680 825 825 725 780 780 679 737 737 635 781 781 680 780 780 679 736 736 634 737 737 635 780 780 679 692 692 589 737 737 635 736 736 634 693 693 590 737 737 635 692 692 589 649 649 545 693 693 590 692 692 589 648 648 544 649 649 545 692 692 589 604 604 499 649 649 545 648 648 544 605 605 500 649 649 545 604 604 499 561 561 455 605 605 500 604 604 499 560 560 454 561 561 455 604 604 499 516 516 409 561 561 455 560 560 454 517 517 410 561 561 455 516 516 409 439 439 260 517 517 410 516 516 409 518 518 411 517 517 410 439 439 260 561 561 455 517 517 410 518 518 411 562 562 456 561 561 455 518 518 411 606 606 501 561 561 455 562 562 456 605 605 500 561 561 455 606 606 501 649 649 545 605 605 500 606 606 501 650 650 546 649 649 545 606 606 501 694 694 591 649 649 545 650 650 546 693 693 590 649 649 545 694 694 591 737 737 635 693 693 590 694 694 591 738 738 636 737 737 635 694 694 591 782 782 681 737 737 635 738 738 636 781 781 680 737 737 635 782 782 681 825 825 725 781 781 680 782 782 681 826 826 726 825 825 725 782 782 681 870 870 771 825 825 725 826 826 726 869 869 770 825 825 725 870 870 771 913 913 815 869 869 770 870 870 771 914 914 816 913 913 815 870 870 771 958 958 861 913 913 815 914 914 816 957 957 860 913 913 815 958 958 861 1001 1001 905 957 957 860 958 958 861 1002 1002 906 1001 1001 905 958 958 861 1046 1046 951 1001 1001 905 1002 1002 906 1045 1045 950 1001 1001 905 1046 1046 951 1089 1089 995 1045 1045 950 1046 1046 951 1090 1090 996 1089 1089 995 1046 1046 951 1134 1134 1041 1089 1089 995 1090 1090 996 1091 1091 997 1134 1134 1041 1090 1090 996 1046 1046 951 1091 1091 997 1090 1090 996 1047 1047 952 1091 1091 997 1046 1046 951 1003 1003 907 1047 1047 952 1046 1046 951 1002 1002 906 1003 1003 907 1046 1046 951 958 958 861 1003 1003 907 1002 1002 906 959 959 862 1003 1003 907 958 958 861 915 915 817 959 959 862 958 958 861 914 914 816 915 915 817 958 958 861 870 870 771 915 915 817 914 914 816 871 871 772 915 915 817 870 870 771 827 827 727 871 871 772 870 870 771 826 826 726 827 827 727 870 870 771 782 782 681 827 827 727 826 826 726 783 783 682 827 827 727 782 782 681 739 739 637 783 783 682 782 782 681 738 738 636 739 739 637 782 782 681 694 694 591 739 739 637 738 738 636 695 695 592 739 739 637 694 694 591 651 651 547 695 695 592 694 694 591 650 650 546 651 651 547 694 694 591 606 606 501 651 651 547 650 650 546 607 607 502 651 651 547 606 606 501 563 563 457 607 607 502 606 606 501 562 562 456 563 563 457 606 606 501 518 518 411 563 563 457 562 562 456 519 519 412 563 563 457 518 518 411 443 443 268 519 519 412 518 518 411 520 520 413 519 519 412 443 443 268 563 563 457 519 519 412 520 520 413 564 564 458 563 563 457 520 520 413 608 608 503 563 563 457 564 564 458 607 607 502 563 563 457 608 608 503 651 651 547 607 607 502 608 608 503 652 652 548 651 651 547 608 608 503 696 696 593 651 651 547 652 652 548 695 695 592 651 651 547 696 696 593 739 739 637 695 695 592 696 696 593 740 740 638 739 739 637 696 696 593 784 784 683 739 739 637 740 740 638 783 783 682 739 739 637 784 784 683 827 827 727 783 783 682 784 784 683 828 828 728 827 827 727 784 784 683 872 872 773 827 827 727 828 828 728 871 871 772 827 827 727 872 872 773 915 915 817 871 871 772 872 872 773 916 916 818 915 915 817 872 872 773 960 960 863 915 915 817 916 916 818 959 959 862 915 915 817 960 960 863 1003 1003 907 959 959 862 960 960 863 1004 1004 908 1003 1003 907 960 960 863 1048 1048 953 1003 1003 907 1004 1004 908 1047 1047 952 1003 1003 907 1048 1048 953 1091 1091 997 1047 1047 952 1048 1048 953 1092 1092 998 1091 1091 997 1048 1048 953 1136 1136 1043 1091 1091 997 1092 1092 998 1093 1093 999 1136 1136 1043 1092 1092 998 1048 1048 953 1093 1093 999 1092 1092 998 1049 1049 954 1093 1093 999 1048 1048 953 1005 1005 909 1049 1049 954 1048 1048 953 1004 1004 908 1005 1005 909 1048 1048 953 960 960 863 1005 1005 909 1004 1004 908 961 961 864 1005 1005 909 960 960 863 917 917 819 961 961 864 960 960 863 916 916 818 917 917 819 960 960 863 872 872 773 917 917 819 916 916 818 873 873 774 917 917 819 872 872 773 829 829 729 873 873 774 872 872 773 828 828 728 829 829 729 872 872 773 784 784 683 829 829 729 828 828 728 785 785 684 829 829 729 784 784 683 741 741 639 785 785 684 784 784 683 740 740 638 741 741 639 784 784 683 696 696 593 741 741 639 740 740 638 697 697 594 741 741 639 696 696 593 653 653 549 697 697 594 696 696 593 652 652 548 653 653 549 696 696 593 608 608 503 653 653 549 652 652 548 609 609 504 653 653 549 608 608 503 565 565 459 609 609 504 608 608 503 564 564 458 565 565 459 608 608 503 520 520 413 565 565 459 564 564 458 521 521 414 565 565 459 520 520 413 447 447 276 521 521 414 520 520 413 522 522 415 521 521 414 447 447 276 565 565 459 521 521 414 522 522 415 566 566 460 565 565 459 522 522 415 610 610 505 565 565 459 566 566 460 609 609 504 565 565 459 610 610 505 653 653 549 609 609 504 610 610 505 654 654 550 653 653 549 610 610 505 698 698 595 653 653 549 654 654 550 697 697 594 653 653 549 698 698 595 741 741 639 697 697 594 698 698 595 742 742 640 741 741 639 698 698 595 786 786 685 741 741 639 742 742 640 785 785 684 741 741 639 786 786 685 829 829 729 785 785 684 786 786 685 830 830 730 829 829 729 786 786 685 874 874 775 829 829 729 830 830 730 873 873 774 829 829 729 874 874 775 917 917 819 873 873 774 874 874 775 918 918 820 917 917 819 874 874 775 962 962 865 917 917 819 918 918 820 961 961 864 917 917 819 962 962 865 1005 1005 909 961 961 864 962 962 865 1006 1006 910 1005 1005 909 962 962 865 1050 1050 955 1005 1005 909 1006 1006 910 1049 1049 954 1005 1005 909 1050 1050 955 1093 1093 999 1049 1049 954 1050 1050 955 1094 1094 1000 1093 1093 999 1050 1050 955 1138 1138 1045 1093 1093 999 1094 1094 1000 1095 1095 1001 1138 1138 1045 1094 1094 1000 1050 1050 955 1095 1095 1001 1094 1094 1000 1051 1051 956 1095 1095 1001 1050 1050 955 1007 1007 911 1051 1051 956 1050 1050 955 1006 1006 910 1007 1007 911 1050 1050 955 962 962 865 1007 1007 911 1006 1006 910 963 963 866 1007 1007 911 962 962 865 919 919 821 963 963 866 962 962 865 918 918 820 919 919 821 962 962 865 874 874 775 919 919 821 918 918 820 875 875 776 919 919 821 874 874 775 831 831 731 875 875 776 874 874 775 830 830 730 831 831 731 874 874 775 786 786 685 831 831 731 830 830 730 787 787 686 831 831 731 786 786 685 743 743 641 787 787 686 786 786 685 742 742 640 743 743 641 786 786 685 698 698 595 743 743 641 742 742 640 699 699 596 743 743 641 698 698 595 655 655 551 699 699 596 698 698 595 654 654 550 655 655 551 698 698 595 610 610 505 655 655 551 654 654 550 611 611 506 655 655 551 610 610 505 567 567 461 611 611 506 610 610 505 566 566 460 567 567 461 610 610 505 522 522 415 567 567 461 566 566 460 523 523 416 567 567 461 522 522 415 451 451 284 523 523 416 522 522 415 524 524 417 523 523 416 451 451 284 567 567 461 523 523 416 524 524 417 568 568 462 567 567 461 524 524 417 612 612 507 567 567 461 568 568 462 611 611 506 567 567 461 612 612 507 655 655 551 611 611 506 612 612 507 656 656 552 655 655 551 612 612 507 700 700 597 655 655 551 656 656 552 699 699 596 655 655 551 700 700 597 743 743 641 699 699 596 700 700 597 744 744 642 743 743 641 700 700 597 788 788 687 743 743 641 744 744 642 787 787 686 743 743 641 788 788 687 831 831 731 787 787 686 788 788 687 832 832 732 831 831 731 788 788 687 876 876 777 831 831 731 832 832 732 875 875 776 831 831 731 876 876 777 919 919 821 875 875 776 876 876 777 920 920 822 919 919 821 876 876 777 964 964 867 919 919 821 920 920 822 963 963 866 919 919 821 964 964 867 1007 1007 911 963 963 866 964 964 867 1008 1008 912 1007 1007 911 964 964 867 1052 1052 957 1007 1007 911 1008 1008 912 1051 1051 956 1007 1007 911 1052 1052 957 1095 1095 1001 1051 1051 956 1052 1052 957 1096 1096 1002 1095 1095 1001 1052 1052 957 1140 1140 1047 1095 1095 1001 1096 1096 1002 1097 1097 1003 1140 1140 1047 1096 1096 1002 1052 1052 957 1097 1097 1003 1096 1096 1002 1053 1053 958 1097 1097 1003 1052 1052 957 1009 1009 913 1053 1053 958 1052 1052 957 1008 1008 912 1009 1009 913 1052 1052 957 964 964 867 1009 1009 913 1008 1008 912 965 965 868 1009 1009 913 964 964 867 921 921 823 965 965 868 964 964 867 920 920 822 921 921 823 964 964 867 876 876 777 921 921 823 920 920 822 877 877 778 921 921 823 876 876 777 833 833 733 877 877 778 876 876 777 832 832 732 833 833 733 876 876 777 788 788 687 833 833 733 832 832 732 789 789 688 833 833 733 788 788 687 745 745 643 789 789 688 788 788 687 744 744 642 745 745 643 788 788 687 700 700 597 745 745 643 744 744 642 701 701 598 745 745 643 700 700 597 657 657 553 701 701 598 700 700 597 656 656 552 657 657 553 700 700 597 612 612 507 657 657 553 656 656 552 613 613 508 657 657 553 612 612 507 569 569 463 613 613 508 612 612 507 568 568 462 569 569 463 612 612 507 524 524 417 569 569 463 568 568 462 525 525 418 569 569 463 524 524 417 455 455 292 525 525 418 524 524 417 526 526 419 525 525 418 455 455 292 569 569 463 525 525 418 526 526 419 570 570 464 569 569 463 526 526 419 614 614 509 569 569 463 570 570 464 613 613 508 569 569 463 614 614 509 657 657 553 613 613 508 614 614 509 658 658 554 657 657 553 614 614 509 702 702 599 657 657 553 658 658 554 701 701 598 657 657 553 702 702 599 745 745 643 701 701 598 702 702 599 746 746 644 745 745 643 702 702 599 790 790 689 745 745 643 746 746 644 789 789 688 745 745 643 790 790 689 833 833 733 789 789 688 790 790 689 834 834 734 833 833 733 790 790 689 878 878 779 833 833 733 834 834 734 877 877 778 833 833 733 878 878 779 921 921 823 877 877 778 878 878 779 922 922 824 921 921 823 878 878 779 966 966 869 921 921 823 922 922 824 965 965 868 921 921 823 966 966 869 1009 1009 913 965 965 868 966 966 869 1010 1010 914 1009 1009 913 966 966 869 1054 1054 959 1009 1009 913 1010 1010 914 1053 1053 958 1009 1009 913 1054 1054 959 1097 1097 1003 1053 1053 958 1054 1054 959 1098 1098 1004 1097 1097 1003 1054 1054 959 1142 1142 1049 1097 1097 1003 1098 1098 1004 1099 1099 1005 1142 1142 1049 1098 1098 1004 1054 1054 959 1099 1099 1005 1098 1098 1004 1055 1055 960 1099 1099 1005 1054 1054 959 1056 1056 961 1099 1099 1005 1055 1055 960 1011 1011 915 1056 1056 961 1055 1055 960 1054 1054 959 1011 1011 915 1055 1055 960 1010 1010 914 1011 1011 915 1054 1054 959 966 966 869 1011 1011 915 1010 1010 914 967 967 870 1011 1011 915 966 966 869 968 968 871 1011 1011 915 967 967 870 923 923 825 968 968 871 967 967 870 966 966 869 923 923 825 967 967 870 922 922 824 923 923 825 966 966 869 878 878 779 923 923 825 922 922 824 879 879 780 923 923 825 878 878 779 880 880 781 923 923 825 879 879 780 835 835 735 880 880 781 879 879 780 878 878 779 835 835 735 879 879 780 834 834 734 835 835 735 878 878 779 790 790 689 835 835 735 834 834 734 791 791 690 835 835 735 790 790 689 792 792 691 835 835 735 791 791 690 747 747 645 792 792 691 791 791 690 790 790 689 747 747 645 791 791 690 746 746 644 747 747 645 790 790 689 702 702 599 747 747 645 746 746 644 703 703 600 747 747 645 702 702 599 704 704 601 747 747 645 703 703 600 659 659 555 704 704 601 703 703 600 702 702 599 659 659 555 703 703 600 658 658 554 659 659 555 702 702 599 614 614 509 659 659 555 658 658 554 615 615 510 659 659 555 614 614 509 616 616 511 659 659 555 615 615 510 571 571 465 616 616 511 615 615 510 614 614 509 571 571 465 615 615 510 570 570 464 571 571 465 614 614 509 526 526 419 571 571 465 570 570 464 527 527 420 571 571 465 526 526 419 528 528 421 571 571 465 527 527 420 459 459 300 528 528 421 527 527 420 461 461 304 528 528 421 459 459 300 418 418 305 461 461 304 459 459 300 423 423 228 425 425 232 510 510 403 418 418 233 425 425 232 423 423 228 425 425 232 427 427 236 510 510 403 418 418 237 427 427 236 425 425 232 526 526 419 459 459 300 527 527 420 457 457 296 459 459 300 526 526 419 418 418 301 459 459 300 457 457 296 455 455 292 457 457 296 526 526 419 418 418 297 457 457 296 455 455 292 427 427 236 429 429 240 512 512 405 418 418 241 429 429 240 427 427 236 429 429 240 431 431 244 512 512 405 418 418 245 431 431 244 429 429 240 431 431 244 433 433 248 514 514 407 418 418 249 433 433 248 431 431 244 433 433 248 435 435 252 514 514 407 418 418 253 435 435 252 433 433 248 435 435 252 437 437 256 516 516 409 418 418 257 437 437 256 435 435 252 437 437 256 439 439 260 516 516 409 418 418 261 439 439 260 437 437 256 439 439 260 441 441 264 518 518 411 418 418 265 441 441 264 439 439 260 441 441 264 443 443 268 518 518 411 418 418 269 443 443 268 441 441 264 443 443 268 445 445 272 520 520 413 418 418 273 445 445 272 443 443 268 445 445 272 447 447 276 520 520 413 418 418 277 447 447 276 445 445 272 447 447 276 449 449 280 522 522 415 418 418 281 449 449 280 447 447 276 449 449 280 451 451 284 522 522 415 418 418 285 451 451 284 449 449 280 451 451 284 453 453 288 524 524 417 418 418 289 453 453 288 451 451 284 453 453 288 455 455 292 524 524 417 418 418 293 455 455 292 453 453 288 465 465 312 467 467 316 530 530 423 418 418 317 467 467 316 465 465 312 463 463 308 465 465 312 530 530 423 418 418 313 465 465 312 463 463 308 531 531 424 530 530 423 467 467 316 575 575 469 530 530 423 531 531 424 532 532 425 575 575 469 531 531 424 467 467 316 532 532 425 531 531 424 469 469 320 532 532 425 467 467 316 418 418 321 469 469 320 467 467 316 574 574 468 530 530 423 575 575 469 573 573 467 530 530 423 574 574 468 618 618 513 573 573 467 574 574 468 575 575 469 618 618 513 574 574 468 619 619 514 618 618 513 575 575 469 620 620 515 619 619 514 575 575 469 663 663 559 619 619 514 620 620 515 618 618 513 619 619 514 663 663 559 662 662 558 618 618 513 663 663 559 661 661 557 618 618 513 662 662 558 706 706 603 661 661 557 662 662 558 663 663 559 706 706 603 662 662 558 707 707 604 706 706 603 663 663 559 708 708 605 707 707 604 663 663 559 751 751 649 707 707 604 708 708 605 706 706 603 707 707 604 751 751 649 750 750 648 706 706 603 751 751 649 749 749 647 706 706 603 750 750 648 794 794 693 749 749 647 750 750 648 751 751 649 794 794 693 750 750 648 795 795 694 794 794 693 751 751 649 796 796 695 795 795 694 751 751 649 839 839 739 795 795 694 796 796 695 794 794 693 795 795 694 839 839 739 838 838 738 794 794 693 839 839 739 837 837 737 794 794 693 838 838 738 882 882 783 837 837 737 838 838 738 839 839 739 882 882 783 838 838 738 883 883 784 882 882 783 839 839 739 884 884 785 883 883 784 839 839 739 927 927 829 883 883 784 884 884 785 882 882 783 883 883 784 927 927 829 926 926 828 882 882 783 927 927 829 925 925 827 882 882 783 926 926 828 970 970 873 925 925 827 926 926 828 927 927 829 970 970 873 926 926 828 971 971 874 970 970 873 927 927 829 972 972 875 971 971 874 927 927 829 1015 1015 919 971 971 874 972 972 875 970 970 873 971 971 874 1015 1015 919 1014 1014 918 970 970 873 1015 1015 919 1013 1013 917 970 970 873 1014 1014 918 1058 1058 963 1013 1013 917 1014 1014 918 1015 1015 919 1058 1058 963 1014 1014 918 1059 1059 964 1058 1058 963 1015 1015 919 1103 1103 1009 1058 1058 963 1059 1059 964 1060 1060 965 1103 1103 1009 1059 1059 964 1015 1015 919 1060 1060 965 1059 1059 964 1016 1016 920 1060 1060 965 1015 1015 919 972 972 875 1016 1016 920 1015 1015 919 1017 1017 921 1016 1016 920 972 972 875 1060 1060 965 1016 1016 920 1017 1017 921 1061 1061 966 1060 1060 965 1017 1017 921 1105 1105 1011 1060 1060 965 1061 1061 966 1062 1062 967 1105 1105 1011 1061 1061 966 1017 1017 921 1062 1062 967 1061 1061 966 1018 1018 922 1062 1062 967 1017 1017 921 974 974 877 1018 1018 922 1017 1017 921 1019 1019 923 1018 1018 922 974 974 877 1062 1062 967 1018 1018 922 1019 1019 923 1063 1063 968 1062 1062 967 1019 1019 923 1107 1107 1013 1062 1062 967 1063 1063 968 1064 1064 969 1107 1107 1013 1063 1063 968 1019 1019 923 1064 1064 969 1063 1063 968 1020 1020 924 1064 1064 969 1019 1019 923 976 976 879 1020 1020 924 1019 1019 923 1021 1021 925 1020 1020 924 976 976 879 1064 1064 969 1020 1020 924 1021 1021 925 1065 1065 970 1064 1064 969 1021 1021 925 1109 1109 1015 1064 1064 969 1065 1065 970 1066 1066 971 1109 1109 1015 1065 1065 970 1021 1021 925 1066 1066 971 1065 1065 970 1022 1022 926 1066 1066 971 1021 1021 925 978 978 881 1022 1022 926 1021 1021 925 1023 1023 927 1022 1022 926 978 978 881 1066 1066 971 1022 1022 926 1023 1023 927 1067 1067 972 1066 1066 971 1023 1023 927 1111 1111 1017 1066 1066 971 1067 1067 972 1068 1068 973 1111 1111 1017 1067 1067 972 1023 1023 927 1068 1068 973 1067 1067 972 1024 1024 928 1068 1068 973 1023 1023 927 980 980 883 1024 1024 928 1023 1023 927 1025 1025 929 1024 1024 928 980 980 883 1068 1068 973 1024 1024 928 1025 1025 929 1069 1069 974 1068 1068 973 1025 1025 929 1113 1113 1019 1068 1068 973 1069 1069 974 1070 1070 975 1113 1113 1019 1069 1069 974 1025 1025 929 1070 1070 975 1069 1069 974 1026 1026 930 1070 1070 975 1025 1025 929 982 982 885 1026 1026 930 1025 1025 929 1027 1027 931 1026 1026 930 982 982 885 1070 1070 975 1026 1026 930 1027 1027 931 1071 1071 976 1070 1070 975 1027 1027 931 1115 1115 1021 1070 1070 975 1071 1071 976 1072 1072 977 1115 1115 1021 1071 1071 976 1027 1027 931 1072 1072 977 1071 1071 976 1028 1028 932 1072 1072 977 1027 1027 931 984 984 887 1028 1028 932 1027 1027 931 1029 1029 933 1028 1028 932 984 984 887 1072 1072 977 1028 1028 932 1029 1029 933 1073 1073 978 1072 1072 977 1029 1029 933 1117 1117 1023 1072 1072 977 1073 1073 978 1074 1074 979 1117 1117 1023 1073 1073 978 1029 1029 933 1074 1074 979 1073 1073 978 1030 1030 934 1074 1074 979 1029 1029 933 986 986 889 1030 1030 934 1029 1029 933 1031 1031 935 1030 1030 934 986 986 889 1074 1074 979 1030 1030 934 1031 1031 935 1075 1075 980 1074 1074 979 1031 1031 935 1119 1119 1025 1074 1074 979 1075 1075 980 1076 1076 981 1119 1119 1025 1075 1075 980 1031 1031 935 1076 1076 981 1075 1075 980 1032 1032 936 1076 1076 981 1031 1031 935 988 988 891 1032 1032 936 1031 1031 935 1033 1033 937 1032 1032 936 988 988 891 1076 1076 981 1032 1032 936 1033 1033 937 1077 1077 982 1076 1076 981 1033 1033 937 1121 1121 1027 1076 1076 981 1077 1077 982 1078 1078 983 1121 1121 1027 1077 1077 982 1033 1033 937 1078 1078 983 1077 1077 982 1034 1034 938 1078 1078 983 1033 1033 937 990 990 893 1034 1034 938 1033 1033 937 989 989 892 990 990 893 1033 1033 937 988 988 891 989 989 892 1033 1033 937 945 945 847 989 989 892 988 988 891 990 990 893 989 989 892 945 945 847 946 946 848 990 990 893 945 945 847 902 902 803 946 946 848 945 945 847 901 901 802 902 902 803 945 945 847 857 857 757 902 902 803 901 901 802 858 858 758 902 902 803 857 857 757 814 814 713 858 858 758 857 857 757 813 813 712 814 814 713 857 857 757 769 769 667 814 814 713 813 813 712 770 770 668 814 814 713 769 769 667 726 726 623 770 770 668 769 769 667 725 725 622 726 726 623 769 769 667 681 681 577 726 726 623 725 725 622 682 682 578 726 726 623 681 681 577 638 638 533 682 682 578 681 681 577 637 637 532 638 638 533 681 681 577 593 593 487 638 638 533 637 637 532 594 594 488 638 638 533 593 593 487 550 550 443 594 594 488 593 593 487 549 549 442 550 550 443 593 593 487 503 503 388 550 550 443 549 549 442 505 505 392 550 550 443 503 503 388 418 418 393 505 505 392 503 503 388 575 575 469 576 576 470 620 620 515 532 532 425 576 576 470 575 575 469 577 577 471 576 576 470 532 532 425 620 620 515 576 576 470 577 577 471 621 621 516 620 620 515 577 577 471 665 665 561 620 620 515 621 621 516 622 622 517 665 665 561 621 621 516 577 577 471 622 622 517 621 621 516 578 578 472 622 622 517 577 577 471 534 534 427 578 578 472 577 577 471 579 579 473 578 578 472 534 534 427 622 622 517 578 578 472 579 579 473 623 623 518 622 622 517 579 579 473 667 667 563 622 622 517 623 623 518 624 624 519 667 667 563 623 623 518 579 579 473 624 624 519 623 623 518 580 580 474 624 624 519 579 579 473 536 536 429 580 580 474 579 579 473 581 581 475 580 580 474 536 536 429 624 624 519 580 580 474 581 581 475 625 625 520 624 624 519 581 581 475 669 669 565 624 624 519 625 625 520 626 626 521 669 669 565 625 625 520 581 581 475 626 626 521 625 625 520 582 582 476 626 626 521 581 581 475 538 538 431 582 582 476 581 581 475 583 583 477 582 582 476 538 538 431 626 626 521 582 582 476 583 583 477 627 627 522 626 626 521 583 583 477 671 671 567 626 626 521 627 627 522 628 628 523 671 671 567 627 627 522 583 583 477 628 628 523 627 627 522 584 584 478 628 628 523 583 583 477 540 540 433 584 584 478 583 583 477 585 585 479 584 584 478 540 540 433 628 628 523 584 584 478 585 585 479 629 629 524 628 628 523 585 585 479 673 673 569 628 628 523 629 629 524 630 630 525 673 673 569 629 629 524 585 585 479 630 630 525 629 629 524 586 586 480 630 630 525 585 585 479 542 542 435 586 586 480 585 585 479 587 587 481 586 586 480 542 542 435 630 630 525 586 586 480 587 587 481 631 631 526 630 630 525 587 587 481 675 675 571 630 630 525 631 631 526 632 632 527 675 675 571 631 631 526 587 587 481 632 632 527 631 631 526 588 588 482 632 632 527 587 587 481 544 544 437 588 588 482 587 587 481 589 589 483 588 588 482 544 544 437 632 632 527 588 588 482 589 589 483 633 633 528 632 632 527 589 589 483 677 677 573 632 632 527 633 633 528 634 634 529 677 677 573 633 633 528 589 589 483 634 634 529 633 633 528 590 590 484 634 634 529 589 589 483 546 546 439 590 590 484 589 589 483 591 591 485 590 590 484 546 546 439 634 634 529 590 590 484 591 591 485 635 635 530 634 634 529 591 591 485 679 679 575 634 634 529 635 635 530 636 636 531 679 679 575 635 635 530 591 591 485 636 636 531 635 635 530 592 592 486 636 636 531 591 591 485 548 548 441 592 592 486 591 591 485 593 593 487 592 592 486 548 548 441 549 549 442 593 593 487 548 548 441 503 503 388 549 549 442 548 548 441 501 501 384 503 503 388 548 548 441 418 418 389 503 503 388 501 501 384 533 533 426 577 577 471 532 532 425 534 534 427 577 577 471 533 533 426 471 471 324 534 534 427 533 533 426 532 532 425 471 471 324 533 533 426 469 469 320 471 471 324 532 532 425 418 418 325 471 471 324 469 469 320 471 471 324 473 473 328 534 534 427 418 418 329 473 473 328 471 471 324 473 473 328 475 475 332 534 534 427 418 418 333 475 475 332 473 473 328 535 535 428 534 534 427 475 475 332 579 579 473 534 534 427 535 535 428 536 536 429 579 579 473 535 535 428 475 475 332 536 536 429 535 535 428 477 477 336 536 536 429 475 475 332 418 418 337 477 477 336 475 475 332 477 477 336 479 479 340 536 536 429 418 418 341 479 479 340 477 477 336 537 537 430 536 536 429 479 479 340 581 581 475 536 536 429 537 537 430 538 538 431 581 581 475 537 537 430 479 479 340 538 538 431 537 537 430 481 481 344 538 538 431 479 479 340 418 418 345 481 481 344 479 479 340 481 481 344 483 483 348 538 538 431 418 418 349 483 483 348 481 481 344 539 539 432 538 538 431 483 483 348 583 583 477 538 538 431 539 539 432 540 540 433 583 583 477 539 539 432 483 483 348 540 540 433 539 539 432 485 485 352 540 540 433 483 483 348 418 418 353 485 485 352 483 483 348 485 485 352 487 487 356 540 540 433 418 418 357 487 487 356 485 485 352 541 541 434 540 540 433 487 487 356 585 585 479 540 540 433 541 541 434 542 542 435 585 585 479 541 541 434 487 487 356 542 542 435 541 541 434 489 489 360 542 542 435 487 487 356 418 418 361 489 489 360 487 487 356 489 489 360 491 491 364 542 542 435 418 418 365 491 491 364 489 489 360 543 543 436 542 542 435 491 491 364 587 587 481 542 542 435 543 543 436 544 544 437 587 587 481 543 543 436 491 491 364 544 544 437 543 543 436 493 493 368 544 544 437 491 491 364 418 418 369 493 493 368 491 491 364 493 493 368 495 495 372 544 544 437 418 418 373 495 495 372 493 493 368 545 545 438 544 544 437 495 495 372 589 589 483 544 544 437 545 545 438 546 546 439 589 589 483 545 545 438 495 495 372 546 546 439 545 545 438 497 497 376 546 546 439 495 495 372 418 418 377 497 497 376 495 495 372 497 497 376 499 499 380 546 546 439 418 418 381 499 499 380 497 497 376 547 547 440 546 546 439 499 499 380 591 591 485 546 546 439 547 547 440 548 548 441 591 591 485 547 547 440 499 499 380 548 548 441 547 547 440 501 501 384 548 548 441 499 499 380 418 418 385 501 501 384 499 499 380 636 636 531 681 681 577 680 680 576 637 637 532 681 681 577 636 636 531 593 593 487 637 637 532 636 636 531 592 592 486 593 593 487 636 636 531 680 680 576 679 679 575 636 636 531 724 724 621 679 679 575 680 680 576 681 681 577 724 724 621 680 680 576 725 725 622 724 724 621 681 681 577 769 769 667 724 724 621 725 725 622 768 768 666 724 724 621 769 769 667 812 812 711 768 768 666 769 769 667 813 813 712 812 812 711 769 769 667 857 857 757 812 812 711 813 813 712 856 856 756 812 812 711 857 857 757 900 900 801 856 856 756 857 857 757 901 901 802 900 900 801 857 857 757 945 945 847 900 900 801 901 901 802 944 944 846 900 900 801 945 945 847 988 988 891 944 944 846 945 945 847 943 943 845 944 944 846 988 988 891 900 900 801 944 944 846 943 943 845 899 899 800 900 900 801 943 943 845 855 855 755 900 900 801 899 899 800 856 856 756 900 900 801 855 855 755 812 812 711 856 856 756 855 855 755 811 811 710 812 812 711 855 855 755 767 767 665 812 812 711 811 811 710 768 768 666 812 812 711 767 767 665 724 724 621 768 768 666 767 767 665 723 723 620 724 724 621 767 767 665 679 679 575 724 724 621 723 723 620 722 722 619 679 679 575 723 723 620 767 767 665 722 722 619 723 723 620 766 766 664 722 722 619 767 767 665 810 810 709 766 766 664 767 767 665 811 811 710 810 810 709 767 767 665 855 855 755 810 810 709 811 811 710 854 854 754 810 810 709 855 855 755 898 898 799 854 854 754 855 855 755 899 899 800 898 898 799 855 855 755 943 943 845 898 898 799 899 899 800 942 942 844 898 898 799 943 943 845 986 986 889 942 942 844 943 943 845 941 941 843 942 942 844 986 986 889 898 898 799 942 942 844 941 941 843 897 897 798 898 898 799 941 941 843 853 853 753 898 898 799 897 897 798 854 854 754 898 898 799 853 853 753 810 810 709 854 854 754 853 853 753 809 809 708 810 810 709 853 853 753 765 765 663 810 810 709 809 809 708 766 766 664 810 810 709 765 765 663 722 722 619 766 766 664 765 765 663 721 721 618 722 722 619 765 765 663 677 677 573 722 722 619 721 721 618 720 720 617 677 677 573 721 721 618 765 765 663 720 720 617 721 721 618 764 764 662 720 720 617 765 765 663 808 808 707 764 764 662 765 765 663 809 809 708 808 808 707 765 765 663 853 853 753 808 808 707 809 809 708 852 852 752 808 808 707 853 853 753 896 896 797 852 852 752 853 853 753 897 897 798 896 896 797 853 853 753 941 941 843 896 896 797 897 897 798 940 940 842 896 896 797 941 941 843 984 984 887 940 940 842 941 941 843 939 939 841 940 940 842 984 984 887 896 896 797 940 940 842 939 939 841 895 895 796 896 896 797 939 939 841 851 851 751 896 896 797 895 895 796 852 852 752 896 896 797 851 851 751 808 808 707 852 852 752 851 851 751 807 807 706 808 808 707 851 851 751 763 763 661 808 808 707 807 807 706 764 764 662 808 808 707 763 763 661 720 720 617 764 764 662 763 763 661 719 719 616 720 720 617 763 763 661 675 675 571 720 720 617 719 719 616 718 718 615 675 675 571 719 719 616 763 763 661 718 718 615 719 719 616 762 762 660 718 718 615 763 763 661 806 806 705 762 762 660 763 763 661 807 807 706 806 806 705 763 763 661 851 851 751 806 806 705 807 807 706 850 850 750 806 806 705 851 851 751 894 894 795 850 850 750 851 851 751 895 895 796 894 894 795 851 851 751 939 939 841 894 894 795 895 895 796 938 938 840 894 894 795 939 939 841 982 982 885 938 938 840 939 939 841 937 937 839 938 938 840 982 982 885 894 894 795 938 938 840 937 937 839 893 893 794 894 894 795 937 937 839 849 849 749 894 894 795 893 893 794 850 850 750 894 894 795 849 849 749 806 806 705 850 850 750 849 849 749 805 805 704 806 806 705 849 849 749 761 761 659 806 806 705 805 805 704 762 762 660 806 806 705 761 761 659 718 718 615 762 762 660 761 761 659 717 717 614 718 718 615 761 761 659 673 673 569 718 718 615 717 717 614 716 716 613 673 673 569 717 717 614 761 761 659 716 716 613 717 717 614 760 760 658 716 716 613 761 761 659 804 804 703 760 760 658 761 761 659 805 805 704 804 804 703 761 761 659 849 849 749 804 804 703 805 805 704 848 848 748 804 804 703 849 849 749 892 892 793 848 848 748 849 849 749 893 893 794 892 892 793 849 849 749 937 937 839 892 892 793 893 893 794 936 936 838 892 892 793 937 937 839 980 980 883 936 936 838 937 937 839 935 935 837 936 936 838 980 980 883 892 892 793 936 936 838 935 935 837 891 891 792 892 892 793 935 935 837 847 847 747 892 892 793 891 891 792 848 848 748 892 892 793 847 847 747 804 804 703 848 848 748 847 847 747 803 803 702 804 804 703 847 847 747 759 759 657 804 804 703 803 803 702 760 760 658 804 804 703 759 759 657 716 716 613 760 760 658 759 759 657 715 715 612 716 716 613 759 759 657 671 671 567 716 716 613 715 715 612 714 714 611 671 671 567 715 715 612 759 759 657 714 714 611 715 715 612 758 758 656 714 714 611 759 759 657 802 802 701 758 758 656 759 759 657 803 803 702 802 802 701 759 759 657 847 847 747 802 802 701 803 803 702 846 846 746 802 802 701 847 847 747 890 890 791 846 846 746 847 847 747 891 891 792 890 890 791 847 847 747 935 935 837 890 890 791 891 891 792 934 934 836 890 890 791 935 935 837 978 978 881 934 934 836 935 935 837 933 933 835 934 934 836 978 978 881 890 890 791 934 934 836 933 933 835 889 889 790 890 890 791 933 933 835 845 845 745 890 890 791 889 889 790 846 846 746 890 890 791 845 845 745 802 802 701 846 846 746 845 845 745 801 801 700 802 802 701 845 845 745 757 757 655 802 802 701 801 801 700 758 758 656 802 802 701 757 757 655 714 714 611 758 758 656 757 757 655 713 713 610 714 714 611 757 757 655 669 669 565 714 714 611 713 713 610 712 712 609 669 669 565 713 713 610 757 757 655 712 712 609 713 713 610 756 756 654 712 712 609 757 757 655 800 800 699 756 756 654 757 757 655 801 801 700 800 800 699 757 757 655 845 845 745 800 800 699 801 801 700 844 844 744 800 800 699 845 845 745 888 888 789 844 844 744 845 845 745 889 889 790 888 888 789 845 845 745 933 933 835 888 888 789 889 889 790 932 932 834 888 888 789 933 933 835 976 976 879 932 932 834 933 933 835 931 931 833 932 932 834 976 976 879 888 888 789 932 932 834 931 931 833 887 887 788 888 888 789 931 931 833 843 843 743 888 888 789 887 887 788 844 844 744 888 888 789 843 843 743 800 800 699 844 844 744 843 843 743 799 799 698 800 800 699 843 843 743 755 755 653 800 800 699 799 799 698 756 756 654 800 800 699 755 755 653 712 712 609 756 756 654 755 755 653 711 711 608 712 712 609 755 755 653 667 667 563 712 712 609 711 711 608 710 710 607 667 667 563 711 711 608 755 755 653 710 710 607 711 711 608 754 754 652 710 710 607 755 755 653 798 798 697 754 754 652 755 755 653 799 799 698 798 798 697 755 755 653 843 843 743 798 798 697 799 799 698 842 842 742 798 798 697 843 843 743 886 886 787 842 842 742 843 843 743 887 887 788 886 886 787 843 843 743 931 931 833 886 886 787 887 887 788 930 930 832 886 886 787 931 931 833 974 974 877 930 930 832 931 931 833 929 929 831 930 930 832 974 974 877 886 886 787 930 930 832 929 929 831 885 885 786 886 886 787 929 929 831 841 841 741 886 886 787 885 885 786 842 842 742 886 886 787 841 841 741 798 798 697 842 842 742 841 841 741 797 797 696 798 798 697 841 841 741 753 753 651 798 798 697 797 797 696 754 754 652 798 798 697 753 753 651 710 710 607 754 754 652 753 753 651 709 709 606 710 710 607 753 753 651 665 665 561 710 710 607 709 709 606 708 708 605 665 665 561 709 709 606 753 753 651 708 708 605 709 709 606 752 752 650 708 708 605 753 753 651 751 751 649 708 708 605 752 752 650 796 796 695 751 751 649 752 752 650 753 753 651 796 796 695 752 752 650 797 797 696 796 796 695 753 753 651 841 841 741 796 796 695 797 797 696 840 840 740 796 796 695 841 841 741 839 839 739 796 796 695 840 840 740 884 884 785 839 839 739 840 840 740 841 841 741 884 884 785 840 840 740 885 885 786 884 884 785 841 841 741 929 929 831 884 884 785 885 885 786 928 928 830 884 884 785 929 929 831 927 927 829 884 884 785 928 928 830 972 972 875 927 927 829 928 928 830 929 929 831 972 972 875 928 928 830 973 973 876 972 972 875 929 929 831 974 974 877 973 973 876 929 929 831 1017 1017 921 973 973 876 974 974 877 972 972 875 973 973 876 1017 1017 921 987 987 890 943 943 845 988 988 891 986 986 889 943 943 845 987 987 890 1031 1031 935 986 986 889 987 987 890 988 988 891 1031 1031 935 987 987 890 975 975 878 974 974 877 931 931 833 1019 1019 923 974 974 877 975 975 878 976 976 879 1019 1019 923 975 975 878 931 931 833 976 976 879 975 975 878 977 977 880 976 976 879 933 933 835 1021 1021 925 976 976 879 977 977 880 978 978 881 1021 1021 925 977 977 880 933 933 835 978 978 881 977 977 880 979 979 882 978 978 881 935 935 837 1023 1023 927 978 978 881 979 979 882 980 980 883 1023 1023 927 979 979 882 935 935 837 980 980 883 979 979 882 981 981 884 980 980 883 937 937 839 1025 1025 929 980 980 883 981 981 884 982 982 885 1025 1025 929 981 981 884 937 937 839 982 982 885 981 981 884 983 983 886 982 982 885 939 939 841 1027 1027 931 982 982 885 983 983 886 984 984 887 1027 1027 931 983 983 886 939 939 841 984 984 887 983 983 886 985 985 888 984 984 887 941 941 843 1029 1029 933 984 984 887 985 985 888 986 986 889 1029 1029 933 985 985 888 941 941 843 986 986 889 985 985 888 1166 1166 1073 1167 1167 1119 1210 1210 1118 1124 1124 1074 1167 1167 1119 1166 1166 1073 1079 1079 1029 1124 1124 1074 1166 1166 1073 1122 1122 1028 1079 1079 1029 1166 1166 1073 1210 1210 1118 1209 1209 1117 1166 1166 1073 1254 1254 1163 1209 1209 1117 1210 1210 1118 1167 1167 1119 1254 1254 1163 1210 1210 1118 1212 1212 1164 1254 1254 1163 1167 1167 1119 1255 1255 1209 1254 1254 1163 1212 1212 1164 1298 1298 1208 1254 1254 1163 1255 1255 1209 1342 1342 1253 1298 1298 1208 1255 1255 1209 1300 1300 1254 1342 1342 1253 1255 1255 1209 1343 1343 1299 1342 1342 1253 1300 1300 1254 1386 1386 1298 1342 1342 1253 1343 1343 1299 1430 1430 1343 1386 1386 1298 1343 1343 1299 1388 1388 1344 1430 1430 1343 1343 1343 1299 1431 1431 1389 1430 1430 1343 1388 1388 1344 1474 1474 1388 1430 1430 1343 1431 1431 1389 1518 1518 1433 1474 1474 1388 1431 1431 1389 1476 1476 1434 1518 1518 1433 1431 1431 1389 1519 1519 1479 1518 1518 1433 1476 1476 1434 1562 1562 1478 1518 1518 1433 1519 1519 1479 1606 1606 1523 1562 1562 1478 1519 1519 1479 1564 1564 1524 1606 1606 1523 1519 1519 1479 1607 1607 1569 1606 1606 1523 1564 1564 1524 1650 1650 1568 1606 1606 1523 1607 1607 1569 1694 1694 1613 1650 1650 1568 1607 1607 1569 1652 1652 1614 1694 1694 1613 1607 1607 1569 1695 1695 1659 1694 1694 1613 1652 1652 1614 1738 1738 1658 1694 1694 1613 1695 1695 1659 1782 1782 1703 1738 1738 1658 1695 1695 1659 1740 1740 1704 1782 1782 1703 1695 1695 1659 420 420 399 1782 1782 1703 1740 1740 1704 506 506 395 1782 1782 1703 420 420 399 421 421 398 506 506 395 420 420 399 1253 1253 1162 1209 1209 1117 1254 1254 1163 1252 1252 1161 1209 1209 1117 1253 1253 1162 1297 1297 1207 1252 1252 1161 1253 1253 1162 1254 1254 1163 1297 1297 1207 1253 1253 1162 1298 1298 1208 1297 1297 1207 1254 1254 1163 1342 1342 1253 1297 1297 1207 1298 1298 1208 1341 1341 1252 1297 1297 1207 1342 1342 1253 1385 1385 1297 1341 1341 1252 1342 1342 1253 1386 1386 1298 1385 1385 1297 1342 1342 1253 1430 1430 1343 1385 1385 1297 1386 1386 1298 1429 1429 1342 1385 1385 1297 1430 1430 1343 1473 1473 1387 1429 1429 1342 1430 1430 1343 1474 1474 1388 1473 1473 1387 1430 1430 1343 1518 1518 1433 1473 1473 1387 1474 1474 1388 1517 1517 1432 1473 1473 1387 1518 1518 1433 1561 1561 1477 1517 1517 1432 1518 1518 1433 1562 1562 1478 1561 1561 1477 1518 1518 1433 1606 1606 1523 1561 1561 1477 1562 1562 1478 1605 1605 1522 1561 1561 1477 1606 1606 1523 1649 1649 1567 1605 1605 1522 1606 1606 1523 1650 1650 1568 1649 1649 1567 1606 1606 1523 1694 1694 1613 1649 1649 1567 1650 1650 1568 1693 1693 1612 1649 1649 1567 1694 1694 1613 1737 1737 1657 1693 1693 1612 1694 1694 1613 1738 1738 1658 1737 1737 1657 1694 1694 1613 1782 1782 1703 1737 1737 1657 1738 1738 1658 1781 1781 1702 1737 1737 1657 1782 1782 1703 504 504 391 1781 1781 1702 1782 1782 1703 506 506 395 504 504 391 1782 1782 1703 421 421 394 504 504 391 506 506 395 1208 1208 1116 1209 1209 1117 1252 1252 1161 1164 1164 1071 1209 1209 1117 1208 1208 1116 1207 1207 1115 1164 1164 1071 1208 1208 1116 1252 1252 1161 1207 1207 1115 1208 1208 1116 1251 1251 1160 1207 1207 1115 1252 1252 1161 1295 1295 1205 1251 1251 1160 1252 1252 1161 1250 1250 1159 1251 1251 1160 1295 1295 1205 1207 1207 1115 1251 1251 1160 1250 1250 1159 1206 1206 1114 1207 1207 1115 1250 1250 1159 1162 1162 1069 1207 1207 1115 1206 1206 1114 1205 1205 1113 1162 1162 1069 1206 1206 1114 1250 1250 1159 1205 1205 1113 1206 1206 1114 1249 1249 1158 1205 1205 1113 1250 1250 1159 1293 1293 1203 1249 1249 1158 1250 1250 1159 1248 1248 1157 1249 1249 1158 1293 1293 1203 1205 1205 1113 1249 1249 1158 1248 1248 1157 1204 1204 1112 1205 1205 1113 1248 1248 1157 1160 1160 1067 1205 1205 1113 1204 1204 1112 1203 1203 1111 1160 1160 1067 1204 1204 1112 1248 1248 1157 1203 1203 1111 1204 1204 1112 1247 1247 1156 1203 1203 1111 1248 1248 1157 1291 1291 1201 1247 1247 1156 1248 1248 1157 1246 1246 1155 1247 1247 1156 1291 1291 1201 1203 1203 1111 1247 1247 1156 1246 1246 1155 1202 1202 1110 1203 1203 1111 1246 1246 1155 1158 1158 1065 1203 1203 1111 1202 1202 1110 1201 1201 1109 1158 1158 1065 1202 1202 1110 1246 1246 1155 1201 1201 1109 1202 1202 1110 1245 1245 1154 1201 1201 1109 1246 1246 1155 1289 1289 1199 1245 1245 1154 1246 1246 1155 1244 1244 1153 1245 1245 1154 1289 1289 1199 1201 1201 1109 1245 1245 1154 1244 1244 1153 1200 1200 1108 1201 1201 1109 1244 1244 1153 1156 1156 1063 1201 1201 1109 1200 1200 1108 1199 1199 1107 1156 1156 1063 1200 1200 1108 1244 1244 1153 1199 1199 1107 1200 1200 1108 1243 1243 1152 1199 1199 1107 1244 1244 1153 1287 1287 1197 1243 1243 1152 1244 1244 1153 1242 1242 1151 1243 1243 1152 1287 1287 1197 1199 1199 1107 1243 1243 1152 1242 1242 1151 1198 1198 1106 1199 1199 1107 1242 1242 1151 1154 1154 1061 1199 1199 1107 1198 1198 1106 1197 1197 1105 1154 1154 1061 1198 1198 1106 1242 1242 1151 1197 1197 1105 1198 1198 1106 1241 1241 1150 1197 1197 1105 1242 1242 1151 1285 1285 1195 1241 1241 1150 1242 1242 1151 1240 1240 1149 1241 1241 1150 1285 1285 1195 1197 1197 1105 1241 1241 1150 1240 1240 1149 1196 1196 1104 1197 1197 1105 1240 1240 1149 1152 1152 1059 1197 1197 1105 1196 1196 1104 1195 1195 1103 1152 1152 1059 1196 1196 1104 1240 1240 1149 1195 1195 1103 1196 1196 1104 1239 1239 1148 1195 1195 1103 1240 1240 1149 1283 1283 1193 1239 1239 1148 1240 1240 1149 1238 1238 1147 1239 1239 1148 1283 1283 1193 1195 1195 1103 1239 1239 1148 1238 1238 1147 1194 1194 1102 1195 1195 1103 1238 1238 1147 1150 1150 1057 1195 1195 1103 1194 1194 1102 1193 1193 1101 1150 1150 1057 1194 1194 1102 1238 1238 1147 1193 1193 1101 1194 1194 1102 1237 1237 1146 1193 1193 1101 1238 1238 1147 1281 1281 1191 1237 1237 1146 1238 1238 1147 1236 1236 1145 1237 1237 1146 1281 1281 1191 1193 1193 1101 1237 1237 1146 1236 1236 1145 1192 1192 1100 1193 1193 1101 1236 1236 1145 1148 1148 1055 1193 1193 1101 1192 1192 1100 1191 1191 1099 1148 1148 1055 1192 1192 1100 1236 1236 1145 1191 1191 1099 1192 1192 1100 1235 1235 1144 1191 1191 1099 1236 1236 1145 1234 1234 1143 1191 1191 1099 1235 1235 1144 1279 1279 1189 1234 1234 1143 1235 1235 1144 1236 1236 1145 1279 1279 1189 1235 1235 1144 1280 1280 1190 1279 1279 1189 1236 1236 1145 1281 1281 1191 1280 1280 1190 1236 1236 1145 1324 1324 1235 1280 1280 1190 1281 1281 1191 1279 1279 1189 1280 1280 1190 1324 1324 1235 1323 1323 1234 1279 1279 1189 1324 1324 1235 1322 1322 1233 1279 1279 1189 1323 1323 1234 1367 1367 1279 1322 1322 1233 1323 1323 1234 1324 1324 1235 1367 1367 1279 1323 1323 1234 1368 1368 1280 1367 1367 1279 1324 1324 1235 1369 1369 1281 1368 1368 1280 1324 1324 1235 1412 1412 1325 1368 1368 1280 1369 1369 1281 1367 1367 1279 1368 1368 1280 1412 1412 1325 1411 1411 1324 1367 1367 1279 1412 1412 1325 1410 1410 1323 1367 1367 1279 1411 1411 1324 1455 1455 1369 1410 1410 1323 1411 1411 1324 1412 1412 1325 1455 1455 1369 1411 1411 1324 1456 1456 1370 1455 1455 1369 1412 1412 1325 1457 1457 1371 1456 1456 1370 1412 1412 1325 1500 1500 1415 1456 1456 1370 1457 1457 1371 1455 1455 1369 1456 1456 1370 1500 1500 1415 1499 1499 1414 1455 1455 1369 1500 1500 1415 1498 1498 1413 1455 1455 1369 1499 1499 1414 1543 1543 1459 1498 1498 1413 1499 1499 1414 1500 1500 1415 1543 1543 1459 1499 1499 1414 1544 1544 1460 1543 1543 1459 1500 1500 1415 1545 1545 1461 1544 1544 1460 1500 1500 1415 1588 1588 1505 1544 1544 1460 1545 1545 1461 1543 1543 1459 1544 1544 1460 1588 1588 1505 1587 1587 1504 1543 1543 1459 1588 1588 1505 1586 1586 1503 1543 1543 1459 1587 1587 1504 1631 1631 1549 1586 1586 1503 1587 1587 1504 1588 1588 1505 1631 1631 1549 1587 1587 1504 1632 1632 1550 1631 1631 1549 1588 1588 1505 1633 1633 1551 1632 1632 1550 1588 1588 1505 1676 1676 1595 1632 1632 1550 1633 1633 1551 1631 1631 1549 1632 1632 1550 1676 1676 1595 1675 1675 1594 1631 1631 1549 1676 1676 1595 1674 1674 1593 1631 1631 1549 1675 1675 1594 1719 1719 1639 1674 1674 1593 1675 1675 1594 1676 1676 1595 1719 1719 1639 1675 1675 1594 1720 1720 1640 1719 1719 1639 1676 1676 1595 1721 1721 1641 1720 1720 1640 1676 1676 1595 1764 1764 1685 1720 1720 1640 1721 1721 1641 1719 1719 1639 1720 1720 1640 1764 1764 1685 1763 1763 1684 1719 1719 1639 1764 1764 1685 1762 1762 1683 1719 1719 1639 1763 1763 1684 468 468 319 1762 1762 1683 1763 1763 1684 466 466 315 1762 1762 1683 468 468 319 421 421 318 466 466 315 468 468 319 1252 1252 1161 1296 1296 1206 1295 1295 1205 1297 1297 1207 1296 1296 1206 1252 1252 1161 1340 1340 1251 1296 1296 1206 1297 1297 1207 1341 1341 1252 1340 1340 1251 1297 1297 1207 1385 1385 1297 1340 1340 1251 1341 1341 1252 1384 1384 1296 1340 1340 1251 1385 1385 1297 1428 1428 1341 1384 1384 1296 1385 1385 1297 1429 1429 1342 1428 1428 1341 1385 1385 1297 1473 1473 1387 1428 1428 1341 1429 1429 1342 1472 1472 1386 1428 1428 1341 1473 1473 1387 1516 1516 1431 1472 1472 1386 1473 1473 1387 1517 1517 1432 1516 1516 1431 1473 1473 1387 1561 1561 1477 1516 1516 1431 1517 1517 1432 1560 1560 1476 1516 1516 1431 1561 1561 1477 1604 1604 1521 1560 1560 1476 1561 1561 1477 1605 1605 1522 1604 1604 1521 1561 1561 1477 1649 1649 1567 1604 1604 1521 1605 1605 1522 1648 1648 1566 1604 1604 1521 1649 1649 1567 1692 1692 1611 1648 1648 1566 1649 1649 1567 1693 1693 1612 1692 1692 1611 1649 1649 1567 1737 1737 1657 1692 1692 1611 1693 1693 1612 1736 1736 1656 1692 1692 1611 1737 1737 1657 1780 1780 1701 1736 1736 1656 1737 1737 1657 1781 1781 1702 1780 1780 1701 1737 1737 1657 504 504 391 1780 1780 1701 1781 1781 1702 502 502 387 1780 1780 1701 504 504 391 421 421 390 502 502 387 504 504 391 1340 1340 1251 1295 1295 1205 1296 1296 1206 1339 1339 1250 1295 1295 1205 1340 1340 1251 1383 1383 1295 1339 1339 1250 1340 1340 1251 1384 1384 1296 1383 1383 1295 1340 1340 1251 1428 1428 1341 1383 1383 1295 1384 1384 1296 1427 1427 1340 1383 1383 1295 1428 1428 1341 1471 1471 1385 1427 1427 1340 1428 1428 1341 1472 1472 1386 1471 1471 1385 1428 1428 1341 1516 1516 1431 1471 1471 1385 1472 1472 1386 1515 1515 1430 1471 1471 1385 1516 1516 1431 1559 1559 1475 1515 1515 1430 1516 1516 1431 1560 1560 1476 1559 1559 1475 1516 1516 1431 1604 1604 1521 1559 1559 1475 1560 1560 1476 1603 1603 1520 1559 1559 1475 1604 1604 1521 1647 1647 1565 1603 1603 1520 1604 1604 1521 1648 1648 1566 1647 1647 1565 1604 1604 1521 1692 1692 1611 1647 1647 1565 1648 1648 1566 1691 1691 1610 1647 1647 1565 1692 1692 1611 1735 1735 1655 1691 1691 1610 1692 1692 1611 1736 1736 1656 1735 1735 1655 1692 1692 1611 1780 1780 1701 1735 1735 1655 1736 1736 1656 1779 1779 1700 1735 1735 1655 1780 1780 1701 500 500 383 1779 1779 1700 1780 1780 1701 502 502 387 500 500 383 1780 1780 1701 421 421 386 500 500 383 502 502 387 1339 1339 1250 1338 1338 1249 1295 1295 1205 1383 1383 1295 1338 1338 1249 1339 1339 1250 1382 1382 1294 1338 1338 1249 1383 1383 1295 1426 1426 1339 1382 1382 1294 1383 1383 1295 1427 1427 1340 1426 1426 1339 1383 1383 1295 1471 1471 1385 1426 1426 1339 1427 1427 1340 1470 1470 1384 1426 1426 1339 1471 1471 1385 1514 1514 1429 1470 1470 1384 1471 1471 1385 1515 1515 1430 1514 1514 1429 1471 1471 1385 1559 1559 1475 1514 1514 1429 1515 1515 1430 1558 1558 1474 1514 1514 1429 1559 1559 1475 1602 1602 1519 1558 1558 1474 1559 1559 1475 1603 1603 1520 1602 1602 1519 1559 1559 1475 1647 1647 1565 1602 1602 1519 1603 1603 1520 1646 1646 1564 1602 1602 1519 1647 1647 1565 1690 1690 1609 1646 1646 1564 1647 1647 1565 1691 1691 1610 1690 1690 1609 1647 1647 1565 1735 1735 1655 1690 1690 1609 1691 1691 1610 1734 1734 1654 1690 1690 1609 1735 1735 1655 1778 1778 1699 1734 1734 1654 1735 1735 1655 1779 1779 1700 1778 1778 1699 1735 1735 1655 500 500 383 1778 1778 1699 1779 1779 1700 498 498 379 1778 1778 1699 500 500 383 421 421 382 498 498 379 500 500 383 1294 1294 1204 1295 1295 1205 1338 1338 1249 1250 1250 1159 1295 1295 1205 1294 1294 1204 1293 1293 1203 1250 1250 1159 1294 1294 1204 1338 1338 1249 1293 1293 1203 1294 1294 1204 1337 1337 1248 1293 1293 1203 1338 1338 1249 1381 1381 1293 1337 1337 1248 1338 1338 1249 1382 1382 1294 1381 1381 1293 1338 1338 1249 1426 1426 1339 1381 1381 1293 1382 1382 1294 1425 1425 1338 1381 1381 1293 1426 1426 1339 1469 1469 1383 1425 1425 1338 1426 1426 1339 1470 1470 1384 1469 1469 1383 1426 1426 1339 1514 1514 1429 1469 1469 1383 1470 1470 1384 1513 1513 1428 1469 1469 1383 1514 1514 1429 1557 1557 1473 1513 1513 1428 1514 1514 1429 1558 1558 1474 1557 1557 1473 1514 1514 1429 1602 1602 1519 1557 1557 1473 1558 1558 1474 1601 1601 1518 1557 1557 1473 1602 1602 1519 1645 1645 1563 1601 1601 1518 1602 1602 1519 1646 1646 1564 1645 1645 1563 1602 1602 1519 1690 1690 1609 1645 1645 1563 1646 1646 1564 1689 1689 1608 1645 1645 1563 1690 1690 1609 1733 1733 1653 1689 1689 1608 1690 1690 1609 1734 1734 1654 1733 1733 1653 1690 1690 1609 1778 1778 1699 1733 1733 1653 1734 1734 1654 1777 1777 1698 1733 1733 1653 1778 1778 1699 496 496 375 1777 1777 1698 1778 1778 1699 498 498 379 496 496 375 1778 1778 1699 421 421 378 496 496 375 498 498 379 1337 1337 1248 1336 1336 1247 1293 1293 1203 1381 1381 1293 1336 1336 1247 1337 1337 1248 1380 1380 1292 1336 1336 1247 1381 1381 1293 1424 1424 1337 1380 1380 1292 1381 1381 1293 1425 1425 1338 1424 1424 1337 1381 1381 1293 1469 1469 1383 1424 1424 1337 1425 1425 1338 1468 1468 1382 1424 1424 1337 1469 1469 1383 1512 1512 1427 1468 1468 1382 1469 1469 1383 1513 1513 1428 1512 1512 1427 1469 1469 1383 1557 1557 1473 1512 1512 1427 1513 1513 1428 1556 1556 1472 1512 1512 1427 1557 1557 1473 1600 1600 1517 1556 1556 1472 1557 1557 1473 1601 1601 1518 1600 1600 1517 1557 1557 1473 1645 1645 1563 1600 1600 1517 1601 1601 1518 1644 1644 1562 1600 1600 1517 1645 1645 1563 1688 1688 1607 1644 1644 1562 1645 1645 1563 1689 1689 1608 1688 1688 1607 1645 1645 1563 1733 1733 1653 1688 1688 1607 1689 1689 1608 1732 1732 1652 1688 1688 1607 1733 1733 1653 1776 1776 1697 1732 1732 1652 1733 1733 1653 1777 1777 1698 1776 1776 1697 1733 1733 1653 496 496 375 1776 1776 1697 1777 1777 1698 494 494 371 1776 1776 1697 496 496 375 421 421 374 494 494 371 496 496 375 1292 1292 1202 1293 1293 1203 1336 1336 1247 1248 1248 1157 1293 1293 1203 1292 1292 1202 1291 1291 1201 1248 1248 1157 1292 1292 1202 1336 1336 1247 1291 1291 1201 1292 1292 1202 1335 1335 1246 1291 1291 1201 1336 1336 1247 1379 1379 1291 1335 1335 1246 1336 1336 1247 1380 1380 1292 1379 1379 1291 1336 1336 1247 1424 1424 1337 1379 1379 1291 1380 1380 1292 1423 1423 1336 1379 1379 1291 1424 1424 1337 1467 1467 1381 1423 1423 1336 1424 1424 1337 1468 1468 1382 1467 1467 1381 1424 1424 1337 1512 1512 1427 1467 1467 1381 1468 1468 1382 1511 1511 1426 1467 1467 1381 1512 1512 1427 1555 1555 1471 1511 1511 1426 1512 1512 1427 1556 1556 1472 1555 1555 1471 1512 1512 1427 1600 1600 1517 1555 1555 1471 1556 1556 1472 1599 1599 1516 1555 1555 1471 1600 1600 1517 1643 1643 1561 1599 1599 1516 1600 1600 1517 1644 1644 1562 1643 1643 1561 1600 1600 1517 1688 1688 1607 1643 1643 1561 1644 1644 1562 1687 1687 1606 1643 1643 1561 1688 1688 1607 1731 1731 1651 1687 1687 1606 1688 1688 1607 1732 1732 1652 1731 1731 1651 1688 1688 1607 1776 1776 1697 1731 1731 1651 1732 1732 1652 1775 1775 1696 1731 1731 1651 1776 1776 1697 492 492 367 1775 1775 1696 1776 1776 1697 494 494 371 492 492 367 1776 1776 1697 421 421 370 492 492 367 494 494 371 1335 1335 1246 1334 1334 1245 1291 1291 1201 1379 1379 1291 1334 1334 1245 1335 1335 1246 1378 1378 1290 1334 1334 1245 1379 1379 1291 1422 1422 1335 1378 1378 1290 1379 1379 1291 1423 1423 1336 1422 1422 1335 1379 1379 1291 1467 1467 1381 1422 1422 1335 1423 1423 1336 1466 1466 1380 1422 1422 1335 1467 1467 1381 1510 1510 1425 1466 1466 1380 1467 1467 1381 1511 1511 1426 1510 1510 1425 1467 1467 1381 1555 1555 1471 1510 1510 1425 1511 1511 1426 1554 1554 1470 1510 1510 1425 1555 1555 1471 1598 1598 1515 1554 1554 1470 1555 1555 1471 1599 1599 1516 1598 1598 1515 1555 1555 1471 1643 1643 1561 1598 1598 1515 1599 1599 1516 1642 1642 1560 1598 1598 1515 1643 1643 1561 1686 1686 1605 1642 1642 1560 1643 1643 1561 1687 1687 1606 1686 1686 1605 1643 1643 1561 1731 1731 1651 1686 1686 1605 1687 1687 1606 1730 1730 1650 1686 1686 1605 1731 1731 1651 1774 1774 1695 1730 1730 1650 1731 1731 1651 1775 1775 1696 1774 1774 1695 1731 1731 1651 492 492 367 1774 1774 1695 1775 1775 1696 490 490 363 1774 1774 1695 492 492 367 421 421 366 490 490 363 492 492 367 1290 1290 1200 1291 1291 1201 1334 1334 1245 1246 1246 1155 1291 1291 1201 1290 1290 1200 1289 1289 1199 1246 1246 1155 1290 1290 1200 1334 1334 1245 1289 1289 1199 1290 1290 1200 1333 1333 1244 1289 1289 1199 1334 1334 1245 1377 1377 1289 1333 1333 1244 1334 1334 1245 1378 1378 1290 1377 1377 1289 1334 1334 1245 1422 1422 1335 1377 1377 1289 1378 1378 1290 1421 1421 1334 1377 1377 1289 1422 1422 1335 1465 1465 1379 1421 1421 1334 1422 1422 1335 1466 1466 1380 1465 1465 1379 1422 1422 1335 1510 1510 1425 1465 1465 1379 1466 1466 1380 1509 1509 1424 1465 1465 1379 1510 1510 1425 1553 1553 1469 1509 1509 1424 1510 1510 1425 1554 1554 1470 1553 1553 1469 1510 1510 1425 1598 1598 1515 1553 1553 1469 1554 1554 1470 1597 1597 1514 1553 1553 1469 1598 1598 1515 1641 1641 1559 1597 1597 1514 1598 1598 1515 1642 1642 1560 1641 1641 1559 1598 1598 1515 1686 1686 1605 1641 1641 1559 1642 1642 1560 1685 1685 1604 1641 1641 1559 1686 1686 1605 1729 1729 1649 1685 1685 1604 1686 1686 1605 1730 1730 1650 1729 1729 1649 1686 1686 1605 1774 1774 1695 1729 1729 1649 1730 1730 1650 1773 1773 1694 1729 1729 1649 1774 1774 1695 488 488 359 1773 1773 1694 1774 1774 1695 490 490 363 488 488 359 1774 1774 1695 421 421 362 488 488 359 490 490 363 1333 1333 1244 1332 1332 1243 1289 1289 1199 1377 1377 1289 1332 1332 1243 1333 1333 1244 1376 1376 1288 1332 1332 1243 1377 1377 1289 1420 1420 1333 1376 1376 1288 1377 1377 1289 1421 1421 1334 1420 1420 1333 1377 1377 1289 1465 1465 1379 1420 1420 1333 1421 1421 1334 1464 1464 1378 1420 1420 1333 1465 1465 1379 1508 1508 1423 1464 1464 1378 1465 1465 1379 1509 1509 1424 1508 1508 1423 1465 1465 1379 1553 1553 1469 1508 1508 1423 1509 1509 1424 1552 1552 1468 1508 1508 1423 1553 1553 1469 1596 1596 1513 1552 1552 1468 1553 1553 1469 1597 1597 1514 1596 1596 1513 1553 1553 1469 1641 1641 1559 1596 1596 1513 1597 1597 1514 1640 1640 1558 1596 1596 1513 1641 1641 1559 1684 1684 1603 1640 1640 1558 1641 1641 1559 1685 1685 1604 1684 1684 1603 1641 1641 1559 1729 1729 1649 1684 1684 1603 1685 1685 1604 1728 1728 1648 1684 1684 1603 1729 1729 1649 1772 1772 1693 1728 1728 1648 1729 1729 1649 1773 1773 1694 1772 1772 1693 1729 1729 1649 488 488 359 1772 1772 1693 1773 1773 1694 486 486 355 1772 1772 1693 488 488 359 421 421 358 486 486 355 488 488 359 1288 1288 1198 1289 1289 1199 1332 1332 1243 1244 1244 1153 1289 1289 1199 1288 1288 1198 1287 1287 1197 1244 1244 1153 1288 1288 1198 1332 1332 1243 1287 1287 1197 1288 1288 1198 1331 1331 1242 1287 1287 1197 1332 1332 1243 1375 1375 1287 1331 1331 1242 1332 1332 1243 1376 1376 1288 1375 1375 1287 1332 1332 1243 1420 1420 1333 1375 1375 1287 1376 1376 1288 1419 1419 1332 1375 1375 1287 1420 1420 1333 1463 1463 1377 1419 1419 1332 1420 1420 1333 1464 1464 1378 1463 1463 1377 1420 1420 1333 1508 1508 1423 1463 1463 1377 1464 1464 1378 1507 1507 1422 1463 1463 1377 1508 1508 1423 1551 1551 1467 1507 1507 1422 1508 1508 1423 1552 1552 1468 1551 1551 1467 1508 1508 1423 1596 1596 1513 1551 1551 1467 1552 1552 1468 1595 1595 1512 1551 1551 1467 1596 1596 1513 1639 1639 1557 1595 1595 1512 1596 1596 1513 1640 1640 1558 1639 1639 1557 1596 1596 1513 1684 1684 1603 1639 1639 1557 1640 1640 1558 1683 1683 1602 1639 1639 1557 1684 1684 1603 1727 1727 1647 1683 1683 1602 1684 1684 1603 1728 1728 1648 1727 1727 1647 1684 1684 1603 1772 1772 1693 1727 1727 1647 1728 1728 1648 1771 1771 1692 1727 1727 1647 1772 1772 1693 484 484 351 1771 1771 1692 1772 1772 1693 486 486 355 484 484 351 1772 1772 1693 421 421 354 484 484 351 486 486 355 1331 1331 1242 1330 1330 1241 1287 1287 1197 1375 1375 1287 1330 1330 1241 1331 1331 1242 1374 1374 1286 1330 1330 1241 1375 1375 1287 1418 1418 1331 1374 1374 1286 1375 1375 1287 1419 1419 1332 1418 1418 1331 1375 1375 1287 1463 1463 1377 1418 1418 1331 1419 1419 1332 1462 1462 1376 1418 1418 1331 1463 1463 1377 1506 1506 1421 1462 1462 1376 1463 1463 1377 1507 1507 1422 1506 1506 1421 1463 1463 1377 1551 1551 1467 1506 1506 1421 1507 1507 1422 1550 1550 1466 1506 1506 1421 1551 1551 1467 1594 1594 1511 1550 1550 1466 1551 1551 1467 1595 1595 1512 1594 1594 1511 1551 1551 1467 1639 1639 1557 1594 1594 1511 1595 1595 1512 1638 1638 1556 1594 1594 1511 1639 1639 1557 1682 1682 1601 1638 1638 1556 1639 1639 1557 1683 1683 1602 1682 1682 1601 1639 1639 1557 1727 1727 1647 1682 1682 1601 1683 1683 1602 1726 1726 1646 1682 1682 1601 1727 1727 1647 1770 1770 1691 1726 1726 1646 1727 1727 1647 1771 1771 1692 1770 1770 1691 1727 1727 1647 484 484 351 1770 1770 1691 1771 1771 1692 482 482 347 1770 1770 1691 484 484 351 421 421 350 482 482 347 484 484 351 1286 1286 1196 1287 1287 1197 1330 1330 1241 1242 1242 1151 1287 1287 1197 1286 1286 1196 1285 1285 1195 1242 1242 1151 1286 1286 1196 1330 1330 1241 1285 1285 1195 1286 1286 1196 1329 1329 1240 1285 1285 1195 1330 1330 1241 1373 1373 1285 1329 1329 1240 1330 1330 1241 1374 1374 1286 1373 1373 1285 1330 1330 1241 1418 1418 1331 1373 1373 1285 1374 1374 1286 1417 1417 1330 1373 1373 1285 1418 1418 1331 1461 1461 1375 1417 1417 1330 1418 1418 1331 1462 1462 1376 1461 1461 1375 1418 1418 1331 1506 1506 1421 1461 1461 1375 1462 1462 1376 1505 1505 1420 1461 1461 1375 1506 1506 1421 1549 1549 1465 1505 1505 1420 1506 1506 1421 1550 1550 1466 1549 1549 1465 1506 1506 1421 1594 1594 1511 1549 1549 1465 1550 1550 1466 1593 1593 1510 1549 1549 1465 1594 1594 1511 1637 1637 1555 1593 1593 1510 1594 1594 1511 1638 1638 1556 1637 1637 1555 1594 1594 1511 1682 1682 1601 1637 1637 1555 1638 1638 1556 1681 1681 1600 1637 1637 1555 1682 1682 1601 1725 1725 1645 1681 1681 1600 1682 1682 1601 1726 1726 1646 1725 1725 1645 1682 1682 1601 1770 1770 1691 1725 1725 1645 1726 1726 1646 1769 1769 1690 1725 1725 1645 1770 1770 1691 480 480 343 1769 1769 1690 1770 1770 1691 482 482 347 480 480 343 1770 1770 1691 421 421 346 480 480 343 482 482 347 1329 1329 1240 1328 1328 1239 1285 1285 1195 1373 1373 1285 1328 1328 1239 1329 1329 1240 1372 1372 1284 1328 1328 1239 1373 1373 1285 1416 1416 1329 1372 1372 1284 1373 1373 1285 1417 1417 1330 1416 1416 1329 1373 1373 1285 1461 1461 1375 1416 1416 1329 1417 1417 1330 1460 1460 1374 1416 1416 1329 1461 1461 1375 1504 1504 1419 1460 1460 1374 1461 1461 1375 1505 1505 1420 1504 1504 1419 1461 1461 1375 1549 1549 1465 1504 1504 1419 1505 1505 1420 1548 1548 1464 1504 1504 1419 1549 1549 1465 1592 1592 1509 1548 1548 1464 1549 1549 1465 1593 1593 1510 1592 1592 1509 1549 1549 1465 1637 1637 1555 1592 1592 1509 1593 1593 1510 1636 1636 1554 1592 1592 1509 1637 1637 1555 1680 1680 1599 1636 1636 1554 1637 1637 1555 1681 1681 1600 1680 1680 1599 1637 1637 1555 1725 1725 1645 1680 1680 1599 1681 1681 1600 1724 1724 1644 1680 1680 1599 1725 1725 1645 1768 1768 1689 1724 1724 1644 1725 1725 1645 1769 1769 1690 1768 1768 1689 1725 1725 1645 480 480 343 1768 1768 1689 1769 1769 1690 478 478 339 1768 1768 1689 480 480 343 421 421 342 478 478 339 480 480 343 1284 1284 1194 1285 1285 1195 1328 1328 1239 1240 1240 1149 1285 1285 1195 1284 1284 1194 1283 1283 1193 1240 1240 1149 1284 1284 1194 1328 1328 1239 1283 1283 1193 1284 1284 1194 1327 1327 1238 1283 1283 1193 1328 1328 1239 1371 1371 1283 1327 1327 1238 1328 1328 1239 1372 1372 1284 1371 1371 1283 1328 1328 1239 1416 1416 1329 1371 1371 1283 1372 1372 1284 1415 1415 1328 1371 1371 1283 1416 1416 1329 1459 1459 1373 1415 1415 1328 1416 1416 1329 1460 1460 1374 1459 1459 1373 1416 1416 1329 1504 1504 1419 1459 1459 1373 1460 1460 1374 1503 1503 1418 1459 1459 1373 1504 1504 1419 1547 1547 1463 1503 1503 1418 1504 1504 1419 1548 1548 1464 1547 1547 1463 1504 1504 1419 1592 1592 1509 1547 1547 1463 1548 1548 1464 1591 1591 1508 1547 1547 1463 1592 1592 1509 1635 1635 1553 1591 1591 1508 1592 1592 1509 1636 1636 1554 1635 1635 1553 1592 1592 1509 1680 1680 1599 1635 1635 1553 1636 1636 1554 1679 1679 1598 1635 1635 1553 1680 1680 1599 1723 1723 1643 1679 1679 1598 1680 1680 1599 1724 1724 1644 1723 1723 1643 1680 1680 1599 1768 1768 1689 1723 1723 1643 1724 1724 1644 1767 1767 1688 1723 1723 1643 1768 1768 1689 476 476 335 1767 1767 1688 1768 1768 1689 478 478 339 476 476 335 1768 1768 1689 421 421 338 476 476 335 478 478 339 1327 1327 1238 1326 1326 1237 1283 1283 1193 1371 1371 1283 1326 1326 1237 1327 1327 1238 1370 1370 1282 1326 1326 1237 1371 1371 1283 1414 1414 1327 1370 1370 1282 1371 1371 1283 1415 1415 1328 1414 1414 1327 1371 1371 1283 1459 1459 1373 1414 1414 1327 1415 1415 1328 1458 1458 1372 1414 1414 1327 1459 1459 1373 1502 1502 1417 1458 1458 1372 1459 1459 1373 1503 1503 1418 1502 1502 1417 1459 1459 1373 1547 1547 1463 1502 1502 1417 1503 1503 1418 1546 1546 1462 1502 1502 1417 1547 1547 1463 1590 1590 1507 1546 1546 1462 1547 1547 1463 1591 1591 1508 1590 1590 1507 1547 1547 1463 1635 1635 1553 1590 1590 1507 1591 1591 1508 1634 1634 1552 1590 1590 1507 1635 1635 1553 1678 1678 1597 1634 1634 1552 1635 1635 1553 1679 1679 1598 1678 1678 1597 1635 1635 1553 1723 1723 1643 1678 1678 1597 1679 1679 1598 1722 1722 1642 1678 1678 1597 1723 1723 1643 1766 1766 1687 1722 1722 1642 1723 1723 1643 1767 1767 1688 1766 1766 1687 1723 1723 1643 476 476 335 1766 1766 1687 1767 1767 1688 474 474 331 1766 1766 1687 476 476 335 421 421 334 474 474 331 476 476 335 1282 1282 1192 1283 1283 1193 1326 1326 1237 1238 1238 1147 1283 1283 1193 1282 1282 1192 1281 1281 1191 1238 1238 1147 1282 1282 1192 1326 1326 1237 1281 1281 1191 1282 1282 1192 1325 1325 1236 1281 1281 1191 1326 1326 1237 1324 1324 1235 1281 1281 1191 1325 1325 1236 1369 1369 1281 1324 1324 1235 1325 1325 1236 1326 1326 1237 1369 1369 1281 1325 1325 1236 1370 1370 1282 1369 1369 1281 1326 1326 1237 1414 1414 1327 1369 1369 1281 1370 1370 1282 1413 1413 1326 1369 1369 1281 1414 1414 1327 1412 1412 1325 1369 1369 1281 1413 1413 1326 1457 1457 1371 1412 1412 1325 1413 1413 1326 1414 1414 1327 1457 1457 1371 1413 1413 1326 1458 1458 1372 1457 1457 1371 1414 1414 1327 1502 1502 1417 1457 1457 1371 1458 1458 1372 1501 1501 1416 1457 1457 1371 1502 1502 1417 1500 1500 1415 1457 1457 1371 1501 1501 1416 1545 1545 1461 1500 1500 1415 1501 1501 1416 1502 1502 1417 1545 1545 1461 1501 1501 1416 1546 1546 1462 1545 1545 1461 1502 1502 1417 1590 1590 1507 1545 1545 1461 1546 1546 1462 1589 1589 1506 1545 1545 1461 1590 1590 1507 1588 1588 1505 1545 1545 1461 1589 1589 1506 1633 1633 1551 1588 1588 1505 1589 1589 1506 1590 1590 1507 1633 1633 1551 1589 1589 1506 1634 1634 1552 1633 1633 1551 1590 1590 1507 1678 1678 1597 1633 1633 1551 1634 1634 1552 1677 1677 1596 1633 1633 1551 1678 1678 1597 1676 1676 1595 1633 1633 1551 1677 1677 1596 1721 1721 1641 1676 1676 1595 1677 1677 1596 1678 1678 1597 1721 1721 1641 1677 1677 1596 1722 1722 1642 1721 1721 1641 1678 1678 1597 1766 1766 1687 1721 1721 1641 1722 1722 1642 1765 1765 1686 1721 1721 1641 1766 1766 1687 1764 1764 1685 1721 1721 1641 1765 1765 1686 472 472 327 1764 1764 1685 1765 1765 1686 1766 1766 1687 472 472 327 1765 1765 1686 474 474 331 472 472 327 1766 1766 1687 421 421 330 472 472 327 474 474 331 472 472 327 470 470 323 1764 1764 1685 421 421 326 470 470 323 472 472 327 468 468 319 1764 1764 1685 470 470 323 1763 1763 1684 1764 1764 1685 468 468 319 470 470 323 421 421 322 468 468 319 664 664 560 663 663 559 620 620 515 708 708 605 663 663 559 664 664 560 665 665 561 708 708 605 664 664 560 620 620 515 665 665 561 664 664 560 666 666 562 665 665 561 622 622 517 710 710 607 665 665 561 666 666 562 667 667 563 710 710 607 666 666 562 622 622 517 667 667 563 666 666 562 668 668 564 667 667 563 624 624 519 712 712 609 667 667 563 668 668 564 669 669 565 712 712 609 668 668 564 624 624 519 669 669 565 668 668 564 670 670 566 669 669 565 626 626 521 714 714 611 669 669 565 670 670 566 671 671 567 714 714 611 670 670 566 626 626 521 671 671 567 670 670 566 672 672 568 671 671 567 628 628 523 716 716 613 671 671 567 672 672 568 673 673 569 716 716 613 672 672 568 628 628 523 673 673 569 672 672 568 674 674 570 673 673 569 630 630 525 718 718 615 673 673 569 674 674 570 675 675 571 718 718 615 674 674 570 630 630 525 675 675 571 674 674 570 676 676 572 675 675 571 632 632 527 720 720 617 675 675 571 676 676 572 677 677 573 720 720 617 676 676 572 632 632 527 677 677 573 676 676 572 678 678 574 677 677 573 634 634 529 722 722 619 677 677 573 678 678 574 679 679 575 722 722 619 678 678 574 634 634 529 679 679 575 678 678 574 438 438 259 440 440 263 421 421 262 1748 1748 1669 440 440 263 438 438 259 442 442 267 444 444 271 421 421 270 1750 1750 1671 444 444 271 442 442 267 446 446 275 448 448 279 421 421 278 1752 1752 1673 448 448 279 446 446 275 450 450 283 452 452 287 421 421 286 1754 1754 1675 452 452 287 450 450 283 454 454 291 456 456 295 421 421 294 1756 1756 1677 456 456 295 454 454 291 458 458 299 460 460 303 421 421 302 1758 1758 1679 460 460 303 458 458 299 462 462 307 464 464 311 421 421 310 1760 1760 1681 464 464 311 462 462 307 
                    </p>
                </triangles>
            </mesh>
        </geometry>
        <extra>
            <technique profile="OpenCOLLADAMaya">
                <originalMayaNodeId sid="originalMayaNodeId">Track_Sky</originalMayaNodeId>
                <double_sided sid="double_sided">1</double_sided>
                <param sid="colladaId" type="string">Track_Sky-mesh</param>
            </technique>
        </extra>
    </library_geometries>
    <library_visual_scenes>
        <visual_scene id="RootNode" name="RootNode">
            <node id="Track_Sky" name="Track_Sky" type="NODE">
                <instance_geometry url="#Track_Sky-mesh" name="Track_Sky">
                    <bind_material>
                        <technique_common>
                            <instance_material symbol="sky-material" target="#sky-material">
                                <bind_vertex_input semantic="UVMap" input_semantic="TEXCOORD" input_set="0" />
                            </instance_material>
                            <instance_material symbol="sphere3-material" target="#sphere3-material">
                                <bind_vertex_input semantic="UVMap" input_semantic="TEXCOORD" input_set="0" />
                            </instance_material>
                        </technique_common>
                    </bind_material>
                </instance_geometry>
                <extra>
                    <technique profile="OpenCOLLADA">
                        <cast_shadows sid="cast_shadows" type="bool">1</cast_shadows>
                        <receive_shadows sid="receive_shadows" type="bool">1</receive_shadows>
                        <primary_visibility sid="primary_visibility" type="int">1</primary_visibility>
                        <secondary_visibility sid="secondary_visibility" type="int">1</secondary_visibility>
                    </technique>
                </extra>
                <extra>
                    <technique profile="OpenCOLLADAMaya">
                        <originalMayaNodeId sid="originalMayaNodeId" type="string">Track_Sky</originalMayaNodeId>
                        <param sid="colladaId" type="string">Track_Sky</param>
                    </technique>
                </extra>
            </node>
        </visual_scene>
    </library_visual_scenes>
    <scene>
        <instance_visual_scene url="#RootNode" />
    </scene>
</COLLADA>
