# Blender 4.3.0
# www.blender.org
mtllib pcarrier.mtl
o Object
o Object.002
v 816.500488 -223.152512 -383.743927
v 816.593750 -223.081009 -383.379944
v 816.593750 -223.149399 -383.744720
v 815.823303 -223.175079 -383.738281
v 815.837097 -223.164795 -383.686005
v 816.062439 -223.167114 -383.740265
v 809.820312 -223.375183 -383.688263
v 809.786682 -223.349564 -383.545410
v 809.738159 -223.312592 -383.339172
v 815.879761 -223.133087 -383.524841
v 809.416626 -223.362106 -383.543396
v 809.373962 -223.323227 -383.328156
v 809.500305 -223.359268 -383.543854
v 809.447998 -223.321075 -383.330383
v 809.093750 -223.399399 -383.682220
v 809.093750 -223.373032 -383.541626
v 809.093750 -223.312500 -383.218750
v 809.352661 -223.303864 -383.220917
v 809.443115 -219.772217 -383.734558
v 816.170837 -220.601074 -383.637543
v 809.631714 -222.250000 -383.375061
v 816.012146 -222.350113 -383.382751
v 809.685974 -222.962601 -383.271667
v 809.901306 -222.941757 -383.275452
v 809.373962 -218.863464 -383.866394
v 809.396851 -218.500000 -383.919312
v 809.863953 -218.500000 -383.920929
v 816.361511 -218.500000 -383.943604
v 809.369690 -222.993225 -383.266113
v 809.382080 -222.768036 -383.298889
v 809.398438 -222.990448 -383.266632
v 815.958801 -222.938339 -383.297089
v 809.343933 -222.250000 -383.374054
v 809.245178 -220.907852 -383.568787
v 816.735352 -220.534546 -384.126190
v 816.758240 -220.537369 -384.125854
v 816.812805 -219.670807 -384.252319
v 809.402344 -218.500000 -384.397125
v 809.331604 -219.622284 -384.233368
v 816.886597 -218.500000 -384.423157
v 816.609924 -220.519089 -384.127991
v 816.824890 -219.479431 -384.280243
v 809.297852 -220.158432 -384.155121
v 809.399658 -218.500000 -384.166351
v 809.286987 -220.313248 -384.033997
v 809.329041 -219.647232 -384.141174
v 809.401489 -218.500000 -384.325775
v 816.755371 -220.565048 -384.023560
v 816.886169 -218.500000 -384.389496
v 816.337708 -217.999924 -384.305023
v 816.338318 -218.000000 -384.305176
v 816.350037 -218.000000 -384.253540
v 821.000000 -226.642715 -361.822266
v 821.100952 -226.655884 -361.845062
v 821.000000 -226.640503 -361.841888
v 821.101257 -226.653259 -361.868713
v 820.587158 -226.547638 -362.093750
v 820.629883 -226.554291 -362.093750
v 820.568176 -226.534958 -362.179657
v 821.022156 -226.615479 -362.093750
v 821.001282 -226.601318 -362.190186
v 816.430847 -223.500000 -383.311493
v 816.028687 -223.500000 -382.756958
v 817.913574 -224.506104 -376.459442
v 816.527039 -223.500000 -383.444183
v 820.666138 -226.333771 -364.093750
v 821.093933 -226.626663 -362.093750
v 816.449463 -223.446884 -383.806946
v 816.016235 -223.390549 -383.707550
v 816.472656 -223.462738 -383.698639
v 815.817749 -223.364746 -383.662048
v 815.838257 -223.378418 -383.569366
v 815.987305 -223.477905 -382.895233
v 821.103760 -226.633392 -362.047821
v 821.145020 -226.661636 -361.855011
v 821.687500 -222.000000 -362.000000
v 821.384338 -224.406250 -361.919922
v 821.101257 -226.653259 -361.845154
v 822.028076 -218.500000 -362.093750
v 822.094788 -218.500000 -362.108856
v 822.038269 -218.985825 -362.093750
v 822.076416 -218.657822 -362.103943
v 821.000000 -226.640503 -361.822266
v 821.620422 -218.500000 -362.001434
v 821.622070 -218.500000 -362.001831
v 821.581909 -218.825958 -361.991180
v 816.833923 -219.435715 -384.286621
v 816.923584 -218.500000 -384.398529
v 816.337708 -218.000000 -384.305023
v 820.490723 -223.500000 -364.093750
v 820.179749 -225.974884 -364.093750
v 820.191101 -223.500000 -365.343750
v 816.739563 -223.500000 -379.745087
v 817.135315 -223.500000 -378.093750
v 820.791382 -221.106918 -364.093750
v 820.828430 -220.812210 -364.093750
v 820.972229 -221.375000 -363.198608
v 820.852478 -220.906250 -363.944183
v 821.118958 -218.500000 -364.093750
v 821.319702 -218.500000 -363.256165
v 820.915344 -220.120316 -364.093750
v 820.984375 -219.843750 -363.950775
v 820.348206 -222.250000 -365.343750
v 818.850220 -222.250000 -371.593750
v 820.500000 -221.041702 -365.343750
v 819.000000 -221.058029 -371.593750
v 817.292358 -222.250000 -378.093750
v 817.761902 -218.512970 -378.093750
v 817.881348 -218.758514 -377.466614
v 817.763550 -218.500000 -378.093750
v 821.598267 -218.500000 -362.093750
v 821.577271 -218.667023 -362.093750
v 821.530518 -219.039139 -362.093750
v 821.579712 -218.843750 -361.990997
v 821.537842 -219.031250 -362.067505
v 821.559509 -219.007736 -361.989319
v 817.898376 -218.500000 -377.531250
v 820.751953 -221.420837 -364.093750
v 821.195496 -221.705902 -362.093750
v 820.742004 -221.500000 -364.093750
v 821.194580 -221.713104 -362.093750
v 820.500000 -223.426132 -364.093750
v 820.656738 -225.993744 -362.093750
v 820.609253 -226.283844 -362.139801
v 820.500000 -221.500000 -365.103485
v 815.839600 -223.370438 -383.567902
v 820.852112 -220.623703 -364.093750
v 821.204163 -221.718750 -362.050842
v 821.224121 -221.730499 -361.961426
v 820.624573 -226.250000 -362.093750
v 821.202454 -221.906250 -361.959625
v 820.667358 -226.250000 -361.915100
v 820.894470 -224.406250 -361.933990
v 821.557922 -219.020935 -361.989197
v 821.220581 -219.375000 -363.211029
v 821.822815 -218.500000 -363.281311
v 821.495483 -219.843750 -363.976349
v 821.725098 -219.375000 -363.236267
v 820.880859 -222.250000 -365.343750
v 820.973572 -221.500000 -365.343750
v 819.430847 -222.250000 -371.593750
v 819.461731 -222.000000 -371.593750
v 817.922852 -222.250000 -378.093750
v 818.270874 -222.250000 -376.593750
v 818.386292 -218.500000 -378.093750
v 818.336426 -221.250000 -376.843750
v 818.516846 -218.500000 -377.531250
v 821.016357 -223.500000 -364.093750
v 821.263550 -221.500000 -364.093750
v 820.726379 -223.500000 -365.343750
v 821.701172 -221.713394 -362.093750
v 821.480774 -221.375000 -363.224030
v 821.311157 -221.114624 -364.093750
v 817.768372 -223.500000 -378.093750
v 816.566833 -223.500000 -383.272766
v 821.634338 -218.500000 -364.093750
v 821.440186 -220.070755 -364.093750
v 821.346558 -220.828369 -364.093750
v 821.365662 -220.906250 -363.969849
v 821.365845 -220.672226 -364.093750
v 822.032593 -219.031693 -362.093750
v 821.000000 -226.640503 -318.062500
v 821.000000 -226.640503 -318.093750
v 820.997253 -226.640152 -318.062500
v 821.090759 -226.651932 -318.062500
v 821.093872 -226.652328 -318.094971
v 821.101257 -226.653259 -318.171478
v 821.101257 -226.653259 -335.093750
v 821.101257 -226.653259 -362.093750
v 821.090820 -226.651947 -362.093750
v 821.101257 -226.653259 -362.048004
v 821.000000 -226.640503 -362.093750
v 821.101257 -226.653259 -318.094269
v 821.093750 -226.250000 -318.062500
v 820.997253 -226.250000 -318.062500
v 821.500000 -223.488281 -318.062500
v 821.427429 -224.064453 -318.062500
v 821.500000 -222.250000 -318.062500
v 821.427429 -222.406647 -318.062500
v 821.500000 -219.522125 -318.062500
v 821.427429 -220.111374 -318.062500
v 820.671204 -226.250000 -318.062500
v 821.120544 -222.602402 -318.062500
v 821.668091 -222.153946 -318.062500
v 821.406982 -224.226562 -318.062500
v 821.406982 -222.406662 -318.062500
v 821.481079 -219.648972 -355.593750
v 821.443970 -219.950180 -355.593750
v 821.514771 -219.375000 -356.519501
v 821.457092 -219.843750 -355.765045
v 821.579834 -218.843750 -360.627441
v 821.144714 -222.406250 -318.298065
v 821.144714 -222.406250 -318.248016
v 821.123596 -222.577698 -318.092163
v 821.144714 -222.406250 -318.247803
v 821.144653 -222.406662 -318.090179
v 820.669739 -226.250000 -335.093750
v 820.896851 -224.406250 -335.093750
v 820.671204 -226.250000 -318.093750
v 821.143188 -222.406250 -335.093750
v 820.895020 -224.406250 -355.593750
v 821.203003 -221.906250 -355.593750
v 821.202942 -221.906250 -356.281738
v 821.202576 -221.906250 -360.608582
v 821.202881 -221.906250 -357.355652
v 821.202698 -221.906250 -359.105438
v 821.202759 -221.906250 -358.295654
v 821.580261 -218.843750 -355.593750
v 821.523804 -219.302399 -355.593750
v 821.579956 -218.843750 -359.124298
v 821.557007 -219.031250 -357.680969
v 821.326172 -220.906250 -355.758484
v 821.268372 -221.375000 -356.507172
v 821.500000 -219.495438 -355.593750
v 821.500000 -219.521530 -318.900574
v 821.441040 -220.000443 -318.220123
v 821.225952 -221.718750 -357.664429
v 821.622620 -218.500000 -355.593750
v 821.622070 -218.500000 -361.994507
v 821.364990 -220.591400 -355.593750
v 821.144714 -222.406250 -318.248016
v 820.895264 -224.406250 -353.321503
v 821.391663 -220.375000 -355.480530
v 821.500000 -219.510010 -335.093750
v 821.417664 -220.163574 -355.593750
v 821.427490 -224.063797 -318.063446
v 821.407227 -224.224594 -318.065369
v 821.699341 -221.906250 -360.633392
v 821.722961 -221.718750 -362.076782
v 821.699341 -221.906250 -362.003113
v 821.723206 -221.716537 -362.093750
v 821.699341 -221.906250 -362.093750
v 822.085144 -218.843750 -362.093750
v 822.061523 -219.031265 -362.093750
v 822.085144 -218.843750 -361.462494
v 822.061523 -219.031250 -362.093689
v 822.026917 -219.305664 -355.593750
v 822.061523 -219.031250 -357.706207
v 821.982727 -219.656418 -355.593750
v 822.018188 -219.375000 -356.544647
v 821.943787 -219.965759 -355.593750
v 821.959167 -219.843750 -355.790131
v 821.912964 -220.210358 -355.593750
v 821.699341 -221.906250 -355.593750
v 821.870972 -220.543610 -355.593750
v 821.699341 -221.906250 -356.306580
v 821.825317 -220.906250 -355.783447
v 821.384338 -224.406250 -355.593750
v 821.668091 -222.153946 -355.593750
v 821.699341 -221.906250 -357.380493
v 821.699341 -221.906250 -358.320465
v 821.699341 -221.906250 -359.130280
v 821.766235 -221.375000 -356.532074
v 821.722961 -221.718750 -357.689270
v 822.128418 -218.500000 -355.593750
v 822.128418 -218.500000 -362.093750
v 822.085144 -218.843750 -355.593750
v 822.085144 -218.843750 -359.149567
v 822.085144 -218.843750 -360.652679
v 821.384338 -224.406250 -335.093750
v 821.500000 -223.488281 -335.093750
v 821.668091 -222.153946 -335.093750
v 821.723572 -221.713730 -362.093750
v 821.500000 -223.488281 -318.900574
v 809.035583 -217.998978 -382.730011
v 808.894470 -218.000000 -382.076324
v 809.031494 -218.000000 -382.749084
v 805.501038 -226.586899 -362.093750
v 805.519470 -226.573273 -362.185730
v 805.339783 -226.610626 -362.093750
v 805.029785 -226.644043 -362.196960
v 805.008118 -226.659470 -362.093750
v 809.791260 -223.412537 -383.535278
v 809.507019 -223.455215 -383.528412
v 809.161255 -223.878677 -380.386719
v 807.903992 -224.596909 -375.891144
v 805.308533 -226.250000 -361.826569
v 804.961975 -222.250000 -361.907349
v 805.402710 -226.250000 -361.806061
v 804.789612 -220.260788 -361.947540
v 809.160034 -218.500000 -384.325775
v 809.788513 -223.374680 -383.541351
v 809.501343 -223.374680 -383.541351
v 804.983582 -226.428757 -362.093750
v 804.997498 -226.417160 -362.160950
v 809.367004 -222.780594 -383.226166
v 806.951294 -224.791077 -371.580200
v 809.391602 -222.944550 -383.257782
v 804.500000 -219.446487 -363.241058
v 804.593750 -220.574356 -363.125000
v 804.500000 -219.120712 -363.394531
v 804.539124 -222.250000 -362.093750
v 804.733032 -222.250000 -362.952545
v 809.122803 -222.250000 -382.394562
v 809.067993 -218.500000 -383.918152
v 808.737366 -218.500000 -382.453857
v 808.800476 -218.500000 -382.733337
v 809.460693 -223.405777 -383.346710
v 804.500000 -221.882156 -362.093750
v 809.486816 -223.617111 -382.023926
v 809.751831 -223.404160 -383.356812
v 809.632568 -223.500000 -382.756958
v 805.464844 -226.250000 -362.093750
v 805.437317 -225.993744 -362.093750
v 805.034973 -222.250000 -362.093750
v 804.658264 -218.744400 -362.093750
v 809.035645 -218.000000 -382.729767
v 809.579712 -222.250000 -383.134277
v 809.683044 -222.942947 -383.267883
v 809.410400 -222.250000 -382.350311
v 808.981995 -223.500000 -379.745087
v 809.380737 -222.250000 -382.213104
v 808.633545 -223.776871 -377.994110
v 805.117615 -222.250000 -362.476379
v 807.841431 -224.406250 -374.013885
v 805.478394 -226.283844 -362.139801
v 804.631958 -218.500000 -362.093750
v 804.799683 -218.500000 -362.870056
v 804.697571 -218.500000 -362.397491
v 809.346252 -218.500000 -383.919128
v 809.250000 -220.707870 -382.375000
v 809.020386 -218.500000 -382.410339
v 805.000000 -226.686020 -318.093750
v 805.000000 -226.686020 -362.093750
v 804.838745 -226.699997 -318.093750
v 804.838745 -226.699997 -362.093750
v 804.838745 -226.699997 -335.093750
v 804.152832 -218.718750 -321.031250
v 804.201172 -219.281250 -321.031250
v 804.152832 -218.718750 -325.343750
v 804.168945 -218.906250 -323.906250
v 804.800049 -226.250000 -318.143829
v 804.715637 -225.268082 -318.131073
v 804.800049 -226.250000 -318.102448
v 804.718628 -225.302338 -318.095459
v 804.416016 -221.781250 -324.536926
v 804.416016 -221.781250 -325.343750
v 804.399902 -221.593750 -323.906250
v 804.416016 -221.781250 -323.635406
v 804.370361 -221.250000 -322.750000
v 804.416016 -221.781250 -322.439331
v 804.330078 -220.781250 -321.968750
v 804.800049 -226.250000 -335.093750
v 804.835938 -226.667831 -335.093750
v 804.834961 -226.656250 -318.105438
v 804.416016 -221.781250 -321.031250
v 804.409973 -221.710938 -321.031250
v 804.284424 -220.250000 -321.718750
v 804.242371 -219.760986 -321.031250
v 804.198486 -219.250000 -322.750000
v 804.416016 -221.781250 -318.093750
v 804.308899 -220.534637 -321.031250
v 804.308899 -220.534637 -318.093750
v 804.152832 -218.718750 -327.650574
v 804.152832 -218.718750 -326.843750
v 804.168945 -218.906250 -328.281250
v 804.456299 -222.250000 -335.093750
v 804.416016 -221.781250 -335.093750
v 804.416016 -221.781250 -326.843750
v 804.469727 -222.406250 -318.093842
v 804.469116 -222.399429 -318.093750
v 804.718750 -225.303970 -318.093750
v 804.469727 -222.406250 -318.093750
v 804.834961 -226.656250 -318.093750
v 804.134033 -218.500000 -335.093750
v 804.134033 -218.500000 -321.031250
v 804.152832 -218.718750 -335.093750
v 804.152832 -218.718750 -333.656250
v 804.152832 -218.718750 -331.189331
v 804.152832 -218.718750 -329.748169
v 804.152832 -218.718750 -328.552094
v 804.198486 -219.250000 -329.437500
v 804.323547 -220.705170 -335.093750
v 804.399902 -221.593750 -328.281250
v 804.225830 -219.568405 -335.093750
v 804.370361 -221.250000 -329.437500
v 804.238770 -219.718750 -330.218750
v 804.330078 -220.781250 -330.218750
v 804.287109 -220.281250 -321.031250
v 804.238770 -219.718750 -321.968750
v 804.284424 -220.250000 -330.468750
v 804.456299 -222.250000 -362.093750
v 805.306885 -226.250000 -335.093750
v 805.305847 -226.250000 -318.093750
v 804.960327 -222.250000 -335.093750
v 805.126465 -224.179718 -318.093750
v 804.919678 -221.781250 -335.093750
v 805.123352 -224.143509 -318.130219
v 804.919189 -221.781250 -326.843750
v 805.120605 -224.112091 -318.161865
v 804.919128 -221.781250 -325.343750
v 804.918823 -221.781250 -320.510162
v 804.919067 -221.781250 -324.536926
v 804.918823 -221.781250 -321.031250
v 804.919006 -221.781250 -323.635406
v 804.918945 -221.781250 -322.439331
v 804.902771 -221.593750 -323.906250
v 804.961975 -222.250000 -361.755707
v 804.912720 -221.710938 -321.031250
v 804.918640 -221.781250 -318.131409
v 804.837769 -220.845749 -321.031250
v 804.837585 -220.845642 -318.119171
v 805.308533 -226.250000 -361.370026
v 804.872925 -221.250000 -322.750000
v 804.826477 -220.705170 -335.093750
v 804.903015 -221.593750 -328.281250
v 804.727966 -219.568405 -335.093750
v 804.873352 -221.250000 -329.437500
v 804.702209 -219.281250 -321.031250
v 804.669922 -218.906250 -323.906250
v 804.743774 -219.760986 -321.031250
v 804.699646 -219.250000 -322.750000
v 804.653931 -218.718750 -327.650574
v 804.670166 -218.906250 -328.281250
v 804.653870 -218.718750 -326.843750
v 804.653931 -218.718750 -328.552094
v 804.700012 -219.250000 -329.437500
v 804.654053 -218.718750 -329.748169
v 804.740723 -219.718750 -330.218750
v 804.832275 -220.781250 -321.968750
v 804.786194 -220.250000 -321.718750
v 804.635437 -218.500000 -335.093750
v 804.654358 -218.718750 -335.093750
v 804.634521 -218.500000 -321.031250
v 804.654297 -218.718750 -333.656250
v 804.653503 -218.718750 -321.031250
v 804.654114 -218.718750 -331.189331
v 804.653748 -218.718750 -325.343750
v 804.972778 -222.406204 -318.139587
v 804.972839 -222.406265 -318.117279
v 804.972839 -222.406250 -318.121765
v 804.832764 -220.781250 -330.218750
v 804.788879 -220.281250 -321.031250
v 804.740173 -219.718750 -321.968750
v 804.786743 -220.250000 -330.468750
v 804.637085 -218.500000 -362.093750
v 804.636169 -218.500000 -347.593750
v 820.805115 -222.415390 -314.774567
v 821.122009 -222.406738 -318.062500
v 821.125000 -222.406250 -318.250000
v 821.124817 -222.406662 -318.092041
v 821.139893 -222.406250 -318.248352
v 817.341125 -222.530655 -270.884491
v 819.504211 -222.464401 -296.093750
v 817.320862 -222.530655 -270.886261
v 817.320984 -222.531265 -270.651581
v 816.969788 -222.530670 -270.916809
v 816.970581 -222.531250 -270.692810
v 816.997253 -218.710693 -266.914368
v 821.441162 -218.500000 -318.221161
v 821.151489 -218.500000 -318.250153
v 816.812500 -218.500000 -271.101074
v 816.812500 -222.353561 -271.384827
v 819.112488 -218.500000 -296.093750
v 816.812500 -222.406250 -271.388702
v 819.848694 -218.500000 -304.093750
v 820.805054 -222.406250 -314.773346
v 820.400879 -218.500000 -310.093750
v 816.484009 -218.500000 -267.531250
v 816.456665 -218.500000 -267.234375
v 816.763733 -221.781250 -270.812500
v 816.756104 -221.881882 -270.737030
v 821.427429 -218.500000 -318.062500
v 820.737183 -218.500000 -310.093750
v 820.217529 -218.500000 -304.093750
v 819.526550 -218.500000 -296.116089
v 819.466370 -218.500000 -295.421692
v 816.997986 -218.500000 -266.922577
v 819.526550 -218.468750 -296.116089
v 819.466370 -218.031250 -295.421692
v 819.526550 -218.031250 -296.116089
v 821.407227 -226.656250 -318.065369
v 821.100891 -226.656250 -318.094299
v 819.504211 -226.641144 -296.093750
v 821.093872 -226.656250 -318.094971
v 817.491455 -226.625168 -272.856049
v 821.090759 -226.656235 -318.062500
v 817.048157 -226.625168 -272.894592
v 820.081177 -226.649017 -307.584473
v 817.439331 -225.374557 -272.254395
v 816.995422 -225.370880 -272.291229
v 817.032410 -226.250000 -272.714111
v 816.812500 -225.099258 -272.175476
v 816.679626 -225.045364 -272.160919
v 816.812500 -223.048523 -271.181488
v 816.601318 -223.038956 -271.195221
v 816.812500 -223.003326 -271.159576
v 816.967224 -223.024017 -271.156158
v 816.968628 -222.752029 -271.024200
v 816.812500 -222.742340 -271.033081
v 816.812500 -225.369354 -272.306396
v 816.818115 -225.369400 -272.305939
v 817.338989 -222.965134 -271.095276
v 816.860413 -226.250000 -272.729065
v 816.821899 -225.448105 -272.343750
v 821.407227 -226.250000 -318.065369
v 820.826111 -226.250000 -315.285126
v 816.812500 -222.406250 -273.338501
v 816.713623 -222.406250 -272.312500
v 816.812500 -223.557053 -273.426331
v 816.662720 -222.781250 -271.812500
v 816.720215 -223.968750 -272.500000
v 816.629333 -222.406250 -271.437500
v 816.664185 -224.218750 -271.937500
v 816.611755 -223.156250 -271.312500
v 816.812500 -225.244492 -273.555084
v 816.746460 -225.312500 -272.875000
v 819.000854 -222.990631 -296.093750
v 819.005127 -222.406250 -296.093750
v 820.052429 -226.250000 -307.255768
v 818.976868 -226.250000 -296.093750
v 816.739563 -226.250000 -272.875000
v 819.504211 -226.250000 -296.093750
v 821.406982 -226.250000 -318.062500
v 816.812500 -222.406250 -271.437500
v 808.625000 -222.406250 -270.843750
v 808.559814 -222.406250 -271.631927
v 808.629211 -222.406250 -270.844177
v 808.458984 -226.625168 -272.852234
v 808.808838 -226.625168 -272.887207
v 806.537537 -226.641129 -296.093750
v 808.951233 -226.625168 -272.901459
v 804.718750 -226.656250 -318.093750
v 805.000000 -226.656235 -318.093750
v 804.718628 -226.656250 -318.095459
v 808.812500 -226.598953 -272.875000
v 808.953552 -226.569580 -272.875000
v 809.000000 -223.019226 -271.175476
v 809.155945 -223.049210 -271.205475
v 809.000000 -225.106796 -272.177521
v 809.073181 -225.071899 -272.168091
v 808.508179 -225.374329 -272.256744
v 808.984375 -225.369781 -272.302185
v 808.620117 -222.530273 -270.902802
v 808.623535 -222.530273 -270.903137
v 809.000000 -225.369629 -272.303680
v 809.000000 -222.890259 -271.113586
v 809.000000 -222.530228 -270.940765
v 805.123352 -222.406250 -318.130219
v 805.119629 -222.406250 -318.129913
v 804.718628 -226.250000 -318.095459
v 808.567444 -222.528595 -271.539612
v 804.718750 -226.250000 -318.093750
v 806.537537 -226.250000 -296.093750
v 806.537537 -222.464081 -296.093750
v 804.718750 -222.406281 -318.093750
v 806.500000 -218.031250 -296.093750
v 806.600281 -218.031250 -294.087860
v 806.404419 -218.031250 -296.312195
v 819.500000 -218.031250 -296.093750
v 804.468750 -222.406250 -318.093750
v 806.405701 -222.464066 -296.093750
v 806.250000 -222.459427 -297.861938
v 809.000000 -222.530701 -270.757690
v 808.640015 -222.530762 -270.715393
v 805.121338 -222.406189 -318.153076
v 805.123352 -222.406250 -318.130127
v 809.000000 -222.239120 -270.469086
v 808.651306 -222.406250 -270.593475
v 809.000000 -218.543472 -266.811188
v 809.007629 -218.500000 -266.769043
v 809.137512 -222.229828 -270.476074
v 809.003906 -218.500000 -266.768616
v 804.567017 -220.686478 -318.093750
v 804.476685 -220.633347 -318.085266
v 804.471558 -221.781250 -318.090759
v 805.122009 -221.012924 -318.145905
v 805.121643 -221.781250 -318.149872
v 804.503174 -220.707092 -317.781250
v 804.503418 -220.649063 -317.781250
v 804.666504 -221.251709 -315.901337
v 804.505676 -220.081451 -317.781250
v 804.597839 -220.752136 -316.703857
v 805.406006 -219.273453 -307.593750
v 805.404175 -219.734695 -307.593750
v 805.164307 -218.913254 -310.355194
v 805.263123 -219.251740 -309.217285
v 804.651184 -218.718750 -316.191559
v 804.751282 -218.718750 -315.055115
v 804.606262 -219.716064 -316.656250
v 804.676453 -219.233429 -315.881409
v 806.421753 -218.500000 -296.093750
v 806.602783 -218.500000 -294.037842
v 806.405884 -222.406250 -296.093750
v 809.000000 -218.500000 -266.813202
v 804.834961 -218.718750 -314.104797
v 804.774902 -218.913742 -314.777893
v 805.395813 -221.781250 -307.593750
v 805.396973 -221.500000 -307.593750
v 805.717773 -221.781250 -303.937500
v 804.498779 -221.781250 -317.781250
v 804.501221 -221.189789 -317.781250
v 806.402039 -218.500000 -296.317627
v 806.250000 -218.500000 -298.044495
v 806.250000 -222.247849 -297.871704
v 804.889465 -221.781250 -313.344818
v 805.272034 -221.781250 -309.000031
v 805.024170 -221.781250 -311.814911
v 805.177673 -221.781250 -310.071716
v 805.092529 -221.781250 -311.038330
v 805.409180 -218.500000 -307.593750
v 805.408264 -218.718750 -307.593750
v 805.189026 -218.500000 -310.093750
v 805.033813 -218.718750 -311.846283
v 804.512146 -218.500000 -317.781250
v 804.904480 -218.718750 -313.315460
v 804.511230 -218.718750 -317.781250
v 804.522339 -218.718750 -317.655090
v 804.771301 -221.601303 -314.694580
v 805.257080 -221.232895 -309.194977
v 805.146667 -221.600815 -310.431763
v 804.580566 -220.286087 -316.921875
v 805.401978 -220.266678 -307.593750
v 805.322815 -219.687897 -308.519592
v 806.402222 -218.468750 -296.317261
v 805.322937 -220.778381 -308.468292
v 805.397278 -221.432709 -307.593750
v 805.348145 -220.281311 -308.204712
v 806.028809 -219.279510 -307.593750
v 805.785095 -218.909653 -310.429443
v 806.028809 -219.753113 -307.593750
v 805.883667 -219.250839 -309.282379
v 805.153320 -218.718750 -317.781250
v 805.153320 -220.122437 -317.781250
v 805.160034 -218.718750 -317.702911
v 805.242371 -220.767578 -316.744934
v 805.222290 -220.267288 -316.978851
v 805.153320 -221.781250 -317.781250
v 805.530457 -221.781250 -313.392914
v 805.660583 -221.781250 -311.878571
v 805.126465 -222.406250 -318.093750
v 805.728699 -221.781250 -311.086029
v 806.250000 -222.406250 -305.019897
v 805.810425 -221.781250 -310.135010
v 806.250000 -221.781250 -305.019897
v 805.902405 -221.781250 -309.064697
v 806.028809 -221.781250 -307.593750
v 805.884583 -221.241745 -309.272034
v 805.781860 -221.597153 -310.467041
v 809.000000 -225.298004 -273.019897
v 809.012451 -225.312500 -272.875000
v 809.000000 -223.737686 -273.019897
v 809.044678 -223.968750 -272.500000
v 809.471680 -218.500000 -267.531250
v 809.189697 -221.781250 -270.812500
v 809.497192 -218.500000 -267.234375
v 809.196167 -221.881882 -270.737030
v 807.017090 -222.990631 -296.093750
v 809.000000 -222.524796 -273.019897
v 807.017090 -222.464157 -296.093750
v 807.017090 -218.500000 -296.093750
v 807.017090 -222.406250 -296.093750
v 809.135986 -222.406250 -271.437500
v 809.074646 -222.527069 -272.151398
v 809.125488 -222.528625 -271.559875
v 807.017090 -226.250000 -296.093750
v 805.129150 -226.250000 -318.062500
v 805.126465 -226.250000 -318.093750
v 805.153320 -221.196274 -317.781250
v 805.153320 -221.031372 -317.781250
v 809.093018 -224.218750 -271.937500
v 809.146729 -223.156250 -271.312500
v 809.103760 -222.781250 -271.812500
v 806.028809 -220.306519 -307.593750
v 805.945984 -219.703812 -308.557831
v 806.028809 -221.500000 -307.593750
v 805.971558 -220.265228 -308.260040
v 806.028809 -221.521439 -307.593750
v 805.153320 -220.725769 -317.781250
v 805.309082 -221.250824 -315.968658
v 805.465210 -218.718750 -314.152069
v 805.408508 -218.909866 -314.811951
v 805.531738 -218.718750 -313.378174
v 805.382202 -218.718750 -315.118225
v 805.309937 -219.241959 -315.958588
v 805.284363 -218.718750 -316.256500
v 805.244324 -219.717484 -316.722382
v 809.012451 -226.250000 -272.875000
v 806.250000 -221.697983 -305.019897
v 806.028809 -218.718750 -307.593750
v 805.659302 -218.718750 -311.893188
v 805.411926 -221.597366 -314.772369
v 806.028809 -218.500000 -307.593750
v 805.813965 -218.500000 -310.093750
v 805.312500 -218.500000 -315.928986
v 805.153320 -218.500000 -317.781250
v 805.948059 -220.779861 -308.533203
v 806.329590 -218.500000 -304.093750
v 806.250000 -218.500000 -305.019897
v 808.531250 -212.937500 -334.593750
v 808.500000 -212.937500 -334.593750
v 808.531250 -212.937500 -334.458984
v 801.500000 -212.937500 -334.593750
v 801.468750 -212.937500 -334.458984
v 801.468750 -212.937500 -334.593750
v 805.311279 -211.000000 -342.668549
v 805.192871 -211.000000 -342.708008
v 805.311279 -211.000000 -343.063110
v 805.280029 -211.000000 -342.969360
v 807.500000 -211.000000 -342.581879
v 807.500000 -211.000000 -342.185944
v 805.124390 -211.000000 -343.373749
v 805.186890 -211.000000 -343.342499
v 807.500000 -211.000000 -346.593750
v 807.500000 -211.000000 -346.029388
v 806.407837 -211.000000 -346.593750
v 804.813110 -211.000000 -343.342499
v 804.751221 -211.000000 -343.280640
v 804.688721 -211.000000 -346.593750
v 805.845215 -211.000000 -346.593750
v 804.688721 -211.000000 -343.124390
v 804.719971 -211.000000 -343.218140
v 804.750000 -211.000000 -343.278137
v 805.603516 -211.000000 -342.571136
v 805.482422 -211.000000 -342.611481
v 805.280640 -211.000000 -343.216888
v 805.311279 -211.000000 -343.125000
v 803.750000 -211.000000 -334.593750
v 802.500000 -211.000000 -334.593750
v 803.750000 -211.000000 -336.093750
v 802.500000 -211.000000 -343.605621
v 803.750000 -211.000000 -338.593750
v 803.750000 -211.000000 -343.188965
v 805.155518 -211.000000 -342.720459
v 805.248779 -211.000000 -342.906860
v 805.250000 -211.000000 -342.909363
v 805.085632 -211.000000 -342.743744
v 805.186890 -211.000000 -342.845001
v 805.024902 -211.000000 -342.764008
v 805.123108 -211.000000 -342.813110
v 805.000305 -211.000000 -342.772186
v 805.031250 -211.000000 -342.782501
v 804.969360 -211.000000 -342.782501
v 806.135620 -211.000000 -342.393738
v 805.248779 -211.000000 -343.280640
v 805.250000 -211.000000 -343.278137
v 806.250000 -211.000000 -336.093750
v 806.250000 -211.000000 -334.593750
v 802.500000 -211.000000 -344.001556
v 802.500000 -211.000000 -345.158112
v 804.813110 -211.000000 -342.845001
v 804.751221 -211.000000 -342.906860
v 809.031250 -211.000000 -334.593750
v 809.031250 -211.000000 -333.802734
v 807.500000 -211.000000 -334.593750
v 800.968750 -211.000000 -333.802734
v 800.968750 -211.000000 -334.593750
v 804.875610 -211.000000 -342.813751
v 807.500000 -211.000000 -344.685944
v 807.500000 -211.000000 -344.248749
v 804.876892 -211.000000 -343.374390
v 804.968750 -211.000000 -343.404999
v 802.907837 -211.000000 -346.593750
v 803.511658 -211.000000 -346.593750
v 804.719360 -211.000000 -342.970612
v 804.688721 -211.000000 -343.062500
v 807.500000 -211.000000 -343.404999
v 805.030640 -211.000000 -343.404999
v 802.500000 -211.000000 -346.593750
v 804.750000 -211.000000 -342.909363
v 806.250000 -211.000000 -338.593750
v 806.250000 -211.000000 -342.355621
v 807.500000 -211.000000 -341.938965
v 807.750000 -211.500000 -347.343750
v 807.750000 -211.500000 -335.843750
v 807.500000 -211.500000 -347.343750
v 807.500000 -211.500000 -335.843750
v 807.500000 -211.500000 -346.593750
v 802.250000 -211.500000 -347.343750
v 802.500000 -211.500000 -347.343750
v 802.250000 -211.500000 -335.843750
v 802.500000 -211.500000 -346.593750
v 802.500000 -211.500000 -335.843750
v 814.187500 -223.500000 -379.745087
v 814.202087 -223.776871 -377.994110
v 811.437500 -223.500000 -379.745087
v 811.422913 -223.776871 -377.994110
v 814.317749 -225.974884 -364.093750
v 813.396179 -225.974884 -364.093750
v 814.235168 -224.406250 -374.013885
v 813.315063 -224.406250 -374.013885
v 815.307251 -225.974884 -364.093750
v 813.412170 -226.283844 -362.139801
v 810.202087 -223.776871 -377.994110
v 810.187500 -223.500000 -379.745087
v 815.437500 -223.500000 -379.745087
v 815.422913 -223.776871 -377.994110
v 812.343079 -224.406250 -374.013885
v 809.369080 -222.944672 -383.256989
v 812.192932 -226.283844 -362.139801
v 815.437500 -223.500000 -382.756958
v 816.017700 -223.500000 -382.756958
v 810.193665 -223.617111 -382.023926
v 815.431335 -223.617111 -382.023926
v 811.431335 -223.617111 -382.023926
v 814.193665 -223.617111 -382.023926
v 820.593628 -226.481689 -364.093750
v 815.280579 -226.481689 -364.093750
v 815.398682 -224.237579 -378.140289
v 808.504700 -224.406250 -377.084503
v 805.921753 -226.481689 -364.093750
v 812.407410 -224.406250 -377.084503
v 812.244324 -226.481689 -364.093750
v 812.390015 -224.627487 -375.699738
v 813.264343 -224.406250 -377.084503
v 813.275574 -224.627487 -375.699738
v 812.220764 -226.781250 -362.218750
v 813.384705 -226.781250 -362.218750
v 812.222229 -226.763184 -362.331787
v 813.383789 -226.763184 -362.331787
v 814.226318 -224.237579 -378.140289
v 811.398682 -224.237579 -378.140289
v 808.714600 -224.237579 -378.140289
v 810.226318 -224.237579 -378.140289
v 814.344421 -226.481689 -364.093750
v 814.235168 -224.406250 -377.084503
v 805.388306 -226.481689 -364.093750
v 805.000000 -226.781250 -362.218750
v 805.440796 -226.481689 -364.093750
v 805.049255 -226.781250 -362.218750
v 805.548950 -226.781250 -362.218750
v 809.345764 -223.428787 -383.202728
v 809.375000 -223.406250 -383.343750
v 813.369507 -226.481689 -364.093750
v 821.000000 -226.781250 -362.218750
v 820.527832 -226.781250 -362.218750
v 813.385742 -226.762695 -362.215820
v 812.219727 -226.762695 -362.215820
v 804.500000 -222.250000 -362.093750
v 805.343750 -226.656250 -362.093750
v 805.010803 -226.685089 -362.093750
v 813.388428 -226.750000 -362.093750
v 820.561707 -226.750000 -362.093750
v 813.414734 -226.250000 -362.093750
v 821.000000 -226.750000 -362.093750
v 820.605774 -226.750000 -362.093750
v 820.625061 -226.593262 -362.093750
v 822.039246 -219.031601 -362.093750
v 808.000000 -226.250000 -362.093750
v 808.000000 -226.426178 -362.093750
v 805.506958 -226.642120 -362.093750
v 822.098328 -218.500000 -362.093750
v 812.190186 -226.250000 -362.093750
v 812.216492 -226.750000 -362.093750
v 808.000000 -226.750000 -362.093750
v 805.000000 -226.750000 -362.093750
v 805.000000 -226.750000 -335.093750
v 805.000000 -226.750000 -318.093750
v 821.000000 -226.750000 -361.821747
v 821.000000 -226.750000 -318.093750
v 821.000000 -226.750000 -335.093750
v 808.000000 -226.250000 -335.093750
v 808.000000 -226.250000 -361.843750
v 812.184937 -226.250000 -361.843750
v 813.860291 -226.250000 -335.093750
v 813.418823 -226.250000 -361.843750
v 817.000000 -226.250000 -272.343750
v 816.821899 -226.250000 -272.343750
v 808.000000 -226.750000 -335.093750
v 813.833984 -226.750000 -335.093750
v 808.000000 -226.750000 -361.843750
v 813.392517 -226.750000 -361.843750
v 812.211304 -226.750000 -361.843750
v 809.000000 -226.750000 -272.343750
v 817.000000 -226.750000 -272.343750
v 808.898926 -226.750000 -273.500000
v 817.101074 -226.750000 -273.500000
v 820.088440 -226.750000 -307.667664
v 820.997253 -226.750000 -318.062500
v 817.000000 -226.634369 -272.343750
v 816.821899 -226.634369 -272.343750
v 809.000000 -226.634369 -272.343750
v 804.475952 -220.632904 -318.093750
v 808.948425 -226.693390 -272.933929
v 808.953552 -226.687500 -272.875000
v 817.051025 -226.692703 -272.927094
v 816.812500 -222.828522 -270.954071
v 816.812500 -222.812500 -270.968750
v 809.156250 -222.828522 -270.954071
v 816.581177 -222.812500 -270.968750
v 809.156250 -222.812500 -270.968750
v 809.176270 -222.812500 -270.968750
v 816.968628 -222.828522 -270.954071
v 816.968628 -222.811340 -270.969818
v 816.999512 -218.500000 -266.479645
v 816.996582 -218.912949 -266.906494
v 809.002380 -218.500000 -266.479645
v 809.005615 -218.500000 -266.656250
v 809.137695 -222.281250 -270.437500
v 809.007019 -218.500000 -266.733582
v 809.000000 -225.375000 -272.250000
v 809.000000 -226.625000 -272.250000
v 808.971863 -226.634369 -272.343750
v 808.812500 -226.687500 -272.875000
v 816.812500 -225.375000 -272.250000
v 816.812500 -226.625000 -272.250000
v 809.066162 -225.375000 -272.250000
v 816.685791 -225.375000 -272.250000
v 809.000000 -222.281250 -270.437500
v 809.162048 -222.978134 -271.134369
v 801.468750 -212.000000 -334.458984
v 808.531250 -212.000000 -334.458984
v 801.468750 -212.000000 -333.843750
v 808.531250 -212.000000 -333.843750
v 807.750000 -212.000000 -347.343750
v 802.250000 -212.000000 -347.343750
v 807.750000 -212.000000 -348.093750
v 802.250000 -212.000000 -348.093750
v 801.468750 -212.000000 -334.593750
v 801.000000 -212.000000 -334.593750
v 801.000000 -212.000000 -333.843750
v 802.250000 -212.000000 -335.843750
v 802.500000 -212.000000 -335.843750
v 802.250000 -212.000000 -334.593750
v 802.500000 -212.000000 -334.593750
v 801.500000 -212.000000 -334.593750
v 801.500000 -212.000000 -348.093750
v 808.531250 -212.000000 -334.593750
v 809.000000 -212.000000 -334.593750
v 809.000000 -212.000000 -333.843750
v 807.500000 -212.000000 -335.843750
v 807.750000 -212.000000 -335.843750
v 807.500000 -212.000000 -334.593750
v 807.750000 -212.000000 -334.593750
v 808.500000 -212.000000 -334.593750
v 808.500000 -212.000000 -348.093750
v 807.500000 -211.500000 -334.593750
v 802.500000 -211.500000 -334.593750
v 801.500000 -216.500000 -334.593750
v 802.000000 -216.500000 -334.593750
v 801.500000 -216.500000 -348.093750
v 802.000000 -216.500000 -335.093750
v 802.000000 -216.500000 -348.093750
v 802.000000 -216.500000 -347.593750
v 808.500000 -216.500000 -334.593750
v 808.500000 -216.500000 -348.093750
v 808.000000 -216.500000 -334.593750
v 808.000000 -216.500000 -348.093750
v 808.000000 -216.500000 -335.093750
v 808.000000 -216.500000 -347.593750
v 804.883545 -218.000000 -386.335236
v 803.000000 -218.000000 -386.093750
v 804.883545 -218.468750 -386.335236
v 803.000000 -218.468750 -386.093750
v 805.897400 -218.000000 -386.465210
v 805.897400 -218.468750 -386.465210
v 811.129333 -218.000000 -387.135986
v 811.129333 -218.468750 -387.135986
v 811.646240 -218.000000 -387.202240
v 811.646240 -218.468750 -387.202240
v 817.850281 -218.000000 -387.997620
v 817.850281 -218.468750 -387.997620
v 817.850281 -218.500000 -387.997620
v 803.000000 -218.500000 -386.093750
v 805.000000 -218.000000 -378.093750
v 805.000000 -218.500000 -378.093750
v 803.429321 -218.500000 -384.376373
v 818.699829 -218.500000 -384.429443
v 820.208313 -218.500000 -378.093750
v 820.208313 -218.000000 -378.093750
v 817.908081 -218.000000 -387.754761
v 817.961670 -218.000000 -387.529694
v 802.500000 -218.000000 -378.093750
v 802.500000 -218.500000 -378.093750
v 823.375000 -218.000000 -378.093750
v 823.375000 -218.500000 -378.093750
v 823.000000 -218.500000 -378.093750
v 802.500000 -218.000000 -372.093750
v 802.500000 -218.500000 -372.093750
v 823.375000 -218.500000 -372.093750
v 823.375000 -218.000000 -372.093750
v 826.000000 -218.000000 -372.093750
v 826.000000 -218.500000 -372.093750
v 825.500000 -218.500000 -372.093750
v 801.500000 -218.500000 -372.093750
v 801.500000 -218.000000 -372.093750
v 801.500000 -218.500000 -364.093750
v 801.500000 -218.000000 -364.093750
v 826.000000 -218.000000 -364.093750
v 826.000000 -218.500000 -364.093750
v 800.000000 -218.000000 -364.093750
v 800.000000 -218.500000 -364.093750
v 829.000000 -218.500000 -364.093750
v 829.000000 -218.000000 -364.093750
v 828.000000 -218.000000 -364.093750
v 828.375000 -218.000000 -364.093750
v 800.000000 -218.500000 -310.093750
v 800.000000 -218.500000 -317.781250
v 800.000000 -218.000000 -310.093750
v 800.000000 -218.500000 -321.031250
v 800.000000 -218.000000 -317.781250
v 800.000000 -218.500000 -335.093750
v 800.000000 -218.000000 -321.031250
v 800.000000 -218.500000 -363.593750
v 800.000000 -218.000000 -363.593750
v 829.000000 -218.500000 -310.093750
v 829.000000 -218.468750 -310.093750
v 829.000000 -218.500000 -311.486603
v 829.000000 -218.000000 -310.093750
v 829.000000 -218.500000 -355.593750
v 829.000000 -218.000000 -355.593750
v 829.000000 -218.500000 -362.093750
v 828.593750 -218.468750 -310.093750
v 827.875000 -218.500000 -310.093750
v 827.875000 -218.468750 -310.093750
v 828.593750 -218.000000 -310.093750
v 800.750000 -218.500000 -310.093750
v 800.750000 -218.000000 -310.093750
v 801.687500 -218.500000 -307.593750
v 801.187500 -218.000000 -308.927094
v 803.000000 -218.500000 -304.093750
v 801.562500 -218.000000 -307.927094
v 803.000000 -218.468750 -304.093750
v 803.000000 -218.000000 -304.093750
v 827.879333 -218.468750 -310.070709
v 829.000000 -218.500000 -304.093750
v 829.000000 -218.468750 -304.093750
v 829.000000 -218.000000 -304.093750
v 828.655518 -218.000000 -305.930847
v 827.879333 -218.000000 -310.070709
v 806.250000 -218.500000 -296.665192
v 805.843750 -218.468750 -297.593750
v 805.843750 -218.000000 -297.593750
v 806.500000 -218.000000 -296.093750
v 805.843750 -218.031250 -297.593750
v 805.187500 -218.000000 -299.093750
v 823.495544 -218.000000 -299.458405
v 823.495544 -218.468750 -299.458405
v 823.062500 -218.000000 -299.093750
v 821.281250 -218.468750 -297.593750
v 821.281250 -218.000000 -297.593750
v 821.281250 -218.031250 -297.593750
v 819.500000 -218.000000 -296.093750
v 824.346436 -218.000000 -300.174957
v 824.027344 -218.468750 -299.906250
v 824.027344 -218.000000 -299.906250
v 815.500000 -218.000000 -266.093750
v 815.500000 -218.000000 -267.093750
v 816.500000 -218.000000 -266.093750
v 816.500000 -218.000000 -267.093750
v 801.500000 -218.000000 -317.781250
v 801.187500 -218.000000 -317.781250
v 801.500000 -218.000000 -321.031250
v 801.125000 -218.000000 -321.031250
v 823.510437 -218.000000 -304.093750
v 824.343750 -218.000000 -300.187500
v 828.515503 -218.000000 -305.901672
v 826.437500 -218.000000 -305.468750
v 823.354126 -218.000000 -304.826385
v 825.680237 -218.000000 -305.310974
v 809.125000 -218.000000 -329.218750
v 808.750000 -218.000000 -329.593750
v 809.125000 -218.000000 -335.093750
v 808.750000 -218.000000 -335.093750
v 809.125000 -218.000000 -350.968750
v 808.750000 -218.000000 -350.593750
v 816.897278 -218.000000 -335.093750
v 815.773010 -218.000000 -340.363708
v 819.226929 -218.000000 -335.093750
v 817.991821 -218.000000 -340.842987
v 819.180237 -218.000000 -335.310974
v 813.750000 -218.000000 -299.093750
v 813.750000 -218.000000 -297.593750
v 811.000000 -218.000000 -299.093750
v 811.000000 -218.000000 -297.593750
v 809.187500 -218.000000 -335.093750
v 809.125000 -218.000000 -358.218750
v 815.861206 -218.000000 -335.093750
v 809.125000 -218.000000 -364.093750
v 809.648438 -218.000000 -364.093750
v 821.500000 -218.000000 -314.882812
v 823.533020 -218.000000 -315.306366
v 821.500000 -218.000000 -313.517883
v 824.491821 -218.000000 -310.842987
v 822.230469 -218.000000 -310.093750
v 824.652771 -218.000000 -310.093750
v 820.750000 -218.000000 -335.093750
v 820.750000 -218.000000 -341.438751
v 822.267700 -218.000000 -335.093750
v 820.750000 -218.000000 -342.184906
v 826.375916 -218.000000 -315.898621
v 824.312500 -218.000000 -315.468750
v 825.187317 -218.000000 -321.452209
v 823.117188 -218.000000 -321.005066
v 823.149719 -218.000000 -321.012085
v 822.187500 -218.000000 -325.468750
v 822.366821 -218.000000 -320.842987
v 821.500000 -218.000000 -325.325531
v 821.500000 -218.000000 -320.655762
v 821.500000 -218.000000 -324.986237
v 827.618286 -218.000000 -310.093750
v 825.438904 -218.000000 -310.093750
v 825.242188 -218.000000 -311.005066
v 824.279846 -218.000000 -315.461945
v 816.060974 -218.000000 -364.093750
v 818.763062 -218.000000 -351.468567
v 813.825256 -218.000000 -364.093750
v 816.649719 -218.000000 -351.012085
v 814.492188 -218.000000 -361.005066
v 815.687500 -218.000000 -355.468750
v 810.710754 -218.000000 -364.093750
v 812.941711 -218.000000 -364.093750
v 813.640076 -218.000000 -350.362000
v 813.043518 -218.000000 -364.093750
v 815.866821 -218.000000 -350.842987
v 813.741821 -218.000000 -360.842987
v 815.889038 -218.000000 -350.847778
v 814.930237 -218.000000 -355.310974
v 801.500000 -218.000000 -335.093750
v 801.500000 -218.000000 -347.593750
v 802.000000 -218.000000 -335.093750
v 802.000000 -218.000000 -347.593750
v 808.000000 -218.000000 -347.593750
v 808.000000 -218.000000 -350.593750
v 801.500000 -218.000000 -350.593750
v 813.734375 -218.000000 -364.093750
v 816.617188 -218.000000 -351.005066
v 818.774719 -218.000000 -341.012085
v 817.812500 -218.000000 -345.468750
v 818.014038 -218.000000 -340.847778
v 817.055237 -218.000000 -345.310974
v 818.742188 -218.000000 -341.005066
v 820.109375 -218.000000 -335.093750
v 820.018494 -218.000000 -335.093750
v 819.937500 -218.000000 -335.468750
v 819.328674 -218.000000 -335.093750
v 823.555237 -218.000000 -315.310974
v 817.111389 -218.000000 -364.093750
v 820.375000 -218.000000 -364.093750
v 820.375000 -218.000000 -348.745361
v 820.375000 -218.000000 -363.218750
v 820.375000 -218.000000 -355.968750
v 820.750000 -218.000000 -346.981781
v 820.750000 -218.000000 -355.593750
v 820.750000 -218.000000 -364.093750
v 820.750000 -218.000000 -363.593750
v 808.750000 -218.000000 -364.093750
v 808.750000 -218.000000 -358.593750
v 828.375000 -218.000000 -355.593750
v 828.375000 -218.000000 -363.218750
v 828.375000 -218.000000 -355.968750
v 828.000000 -218.000000 -363.593750
v 820.992188 -218.000000 -331.005066
v 811.116882 -218.000000 -376.743164
v 810.771790 -218.000000 -374.647919
v 811.100281 -218.000000 -376.820068
v 810.337952 -218.000000 -376.667572
v 810.351074 -218.000000 -372.093750
v 809.004089 -218.000000 -372.093750
v 810.031555 -218.000000 -378.093750
v 807.724121 -218.000000 -378.093750
v 808.034241 -218.000000 -378.093750
v 811.223145 -218.000000 -372.093750
v 812.007080 -218.000000 -372.093750
v 812.120728 -218.000000 -372.093750
v 807.934509 -218.000000 -372.093750
v 806.649109 -218.000000 -378.093750
v 813.064575 -218.000000 -378.093750
v 814.348755 -218.000000 -372.093750
v 810.825256 -218.000000 -378.093750
v 815.410278 -218.000000 -372.093750
v 814.134460 -218.000000 -378.093750
v 817.745667 -218.000000 -378.093750
v 801.500000 -218.000000 -363.593750
v 801.125000 -218.000000 -363.593750
v 801.500000 -218.000000 -329.593750
v 801.125000 -218.000000 -329.218750
v 801.125000 -218.000000 -350.968750
v 808.812500 -218.000000 -304.093750
v 808.812500 -218.000000 -308.593750
v 801.562500 -218.000000 -308.593750
v 809.187500 -218.000000 -304.093750
v 809.187500 -218.000000 -308.968750
v 827.625000 -218.000000 -310.062500
v 822.502441 -218.000000 -304.093750
v 809.187500 -218.000000 -310.093750
v 821.217041 -218.000000 -310.093750
v 801.187500 -218.000000 -308.968750
v 801.187500 -218.000000 -310.093750
v 820.241821 -218.000000 -330.842987
v 821.430237 -218.000000 -325.310974
v 801.500000 -218.000000 -321.593750
v 801.125000 -218.000000 -321.968750
v 801.125000 -218.000000 -358.218750
v 818.250000 -218.000000 -297.593750
v 818.250000 -218.000000 -299.093750
v 806.500000 -218.000000 -297.593750
v 806.500000 -218.000000 -299.093750
v 815.500000 -218.000000 -297.593750
v 816.500000 -218.000000 -297.593750
v 815.500000 -218.000000 -297.093750
v 816.500000 -218.000000 -297.093750
v 808.000000 -218.000000 -335.093750
v 828.000000 -218.000000 -355.593750
v 815.653870 -218.000000 -387.326080
v 816.295532 -218.000000 -384.493958
v 812.235474 -218.000000 -387.024445
v 816.292419 -218.000000 -384.493927
v 812.776123 -218.000000 -384.481720
v 809.187500 -218.000000 -316.218750
v 808.812500 -218.000000 -316.593750
v 808.812500 -218.000000 -317.781250
v 809.125000 -218.000000 -316.281250
v 808.812500 -218.000000 -321.656250
v 809.125000 -218.000000 -321.968750
v 812.242188 -218.000000 -371.005066
v 813.437500 -218.000000 -365.468750
v 811.491821 -218.000000 -370.842987
v 812.680237 -218.000000 -365.310974
v 801.187500 -218.000000 -316.218750
v 801.500000 -218.000000 -358.593750
v 801.562500 -218.000000 -317.781250
v 801.562500 -218.000000 -316.593750
v 818.000000 -218.000000 -266.093750
v 816.500000 -218.000000 -296.093750
v 815.500000 -218.000000 -296.093750
v 809.198730 -218.000000 -296.093750
v 809.116699 -218.000000 -297.593750
v 809.142761 -218.000000 -297.116943
v 810.783386 -218.000000 -267.117279
v 810.839355 -218.000000 -266.093750
v 808.750000 -218.000000 -317.781250
v 808.750000 -218.000000 -321.593750
v 812.187500 -218.000000 -387.250000
v 811.173279 -218.000000 -386.930725
v 805.937500 -218.000000 -386.468750
v 811.271790 -218.000000 -386.470459
v 809.117188 -218.000000 -386.005066
v 806.172119 -218.000000 -385.368927
v 808.366821 -218.000000 -385.842987
v 809.107117 -218.000000 -382.396973
v 809.835938 -218.000000 -266.093750
v 809.782532 -218.000000 -267.070374
v 808.000000 -218.000000 -266.093750
v 808.195312 -218.000000 -296.093750
v 808.113281 -218.000000 -297.593750
v 808.142334 -218.000000 -297.062225
v 808.000000 -218.500000 -335.093750
v 808.000000 -218.500000 -347.593750
v 805.312500 -218.500000 -335.093750
v 818.000000 -218.500000 -266.093750
v 809.000000 -218.500000 -266.093750
v 818.000000 -218.031250 -266.093750
v 808.000000 -218.500000 -266.093750
v 808.000000 -218.031250 -266.093750
v 818.019287 -218.500000 -266.479645
v 812.217163 -226.762177 -362.093750
v 812.211853 -226.761124 -361.843750
v 813.387756 -226.762177 -362.093750
v 813.391968 -226.761124 -361.843750
v 812.468750 -226.812500 -373.968750
v 813.189148 -226.812500 -373.968750
v 812.093140 -224.406250 -362.093750
v 813.511780 -224.406250 -362.093750
v 812.087952 -224.406250 -361.843750
v 813.515869 -224.406250 -361.843750
v 813.428223 -225.993744 -362.093750
v 812.176697 -225.993744 -362.093750
v 811.266418 -226.750000 -378.937500
v 811.266418 -226.750000 -381.828125
v 811.437500 -223.500000 -377.906250
v 810.187500 -223.500000 -377.906250
v 810.358582 -226.750000 -378.937500
v 810.358582 -226.750000 -381.828125
v 814.187500 -223.500000 -377.906250
v 815.437500 -223.500000 -377.906250
v 814.358582 -226.750000 -381.828125
v 815.266418 -226.750000 -381.828125
v 814.358582 -226.750000 -378.937500
v 815.266418 -226.750000 -378.937500
v 806.250000 -221.500000 -307.593750
v 806.250000 -222.250000 -297.843750
v 802.250000 -221.500000 -307.593750
v 806.250000 -218.500000 -307.593750
v 802.250000 -218.500000 -307.593750
v 806.250000 -218.500000 -297.843750
v 803.685913 -218.500000 -304.093750
v 823.000000 -221.250000 -376.843750
v 823.000000 -222.000000 -371.593750
v 817.869019 -218.500000 -377.531250
v 823.000000 -218.500000 -377.531250
v 823.000000 -218.500000 -372.093750
v 823.000000 -218.500000 -371.593750
v 819.000000 -218.500000 -371.593750
v 818.904785 -218.500000 -372.093750
v 825.500000 -221.500000 -365.343750
v 825.000000 -222.000000 -371.593750
v 825.000000 -218.500000 -371.593750
v 825.500000 -218.500000 -365.343750
v 820.500000 -218.500000 -365.343750
v 820.500000 -221.500000 -364.093750
v 825.500000 -221.500000 -364.093750
v 822.004883 -221.500000 -364.093750
v 825.500000 -218.500000 -364.093750
v 820.500000 -218.500000 -364.093750
v 801.062500 -218.625000 -321.031250
v 801.062500 -218.625000 -318.093750
v 804.874023 -220.867065 -321.031250
v 805.312500 -221.125000 -321.031250
v 805.312500 -221.125000 -317.781250
v 801.062500 -218.625000 -317.781250
v 805.312500 -218.500000 -321.031250
v 801.000000 -218.500000 -321.031250
v 805.312500 -218.500000 -317.781250
v 801.000000 -218.500000 -317.781250
v 810.093750 -222.250000 -370.531250
v 810.093750 -218.500000 -370.531250
v 810.531250 -222.250000 -373.187500
v 810.351074 -218.500000 -372.093750
v 810.531250 -218.500000 -373.187500
v 810.718750 -222.250000 -375.781250
v 810.718750 -218.500000 -375.781250
v 810.687500 -222.250000 -378.156250
v 810.688293 -218.500000 -378.093750
v 810.687500 -218.500000 -378.156250
v 810.406250 -222.250000 -380.125000
v 810.406250 -218.500000 -380.125000
v 809.906250 -222.250000 -381.562500
v 809.906250 -218.500000 -381.562500
v 809.250000 -218.500000 -382.375000
v 808.437500 -222.250000 -382.500000
v 808.437500 -218.500000 -382.500000
v 807.562500 -218.500000 -381.937500
v 807.562500 -222.250000 -381.937500
v 806.656250 -222.250000 -380.718750
v 806.656250 -218.500000 -380.718750
v 805.781250 -222.250000 -378.937500
v 805.781250 -218.500000 -378.937500
v 805.031250 -222.250000 -376.687500
v 805.500000 -218.500000 -378.093750
v 805.031250 -218.500000 -376.687500
v 804.406250 -218.500000 -374.156250
v 804.406250 -222.250000 -374.156250
v 803.968750 -222.250000 -371.500000
v 804.066528 -218.500000 -372.093750
v 803.968750 -218.500000 -371.500000
v 803.781250 -218.500000 -368.906250
v 803.781250 -222.250000 -368.906250
v 803.812500 -218.500000 -366.531250
v 803.812500 -222.250000 -366.531250
v 804.093750 -222.250000 -364.562500
v 803.982117 -218.500000 -365.343750
v 804.093750 -218.500000 -364.562500
v 804.500000 -222.250000 -363.394531
v 804.593750 -222.250000 -363.125000
v 804.430725 -222.250000 -363.593750
v 804.256775 -218.500000 -364.093750
v 804.430725 -218.500000 -363.593750
v 805.250000 -222.250000 -362.312500
v 805.250000 -218.500000 -362.312500
v 806.062500 -222.250000 -362.187500
v 806.062500 -218.500000 -362.187500
v 806.937500 -222.250000 -362.750000
v 806.937500 -218.500000 -362.750000
v 807.843750 -222.250000 -363.968750
v 807.843750 -218.500000 -363.968750
v 808.718750 -222.250000 -365.750000
v 807.905151 -218.500000 -364.093750
v 808.718750 -218.500000 -365.750000
v 808.519165 -218.500000 -365.343750
v 809.468750 -222.250000 -368.000000
v 809.468750 -218.500000 -368.000000
v 805.125000 -208.000000 -339.593750
v 805.125000 -206.500000 -339.593750
v 804.875000 -208.000000 -339.593750
v 804.875000 -206.500000 -339.593750
v 805.125000 -206.500000 -344.593750
v 805.125000 -206.500000 -344.343750
v 804.875000 -206.500000 -344.593750
v 804.875000 -206.500000 -344.343750
v 805.125000 -206.500000 -339.343750
v 804.875000 -206.500000 -339.343750
v 805.125000 -204.500000 -344.593750
v 805.125000 -204.500000 -344.343750
v 804.875000 -204.500000 -344.593750
v 804.875000 -204.500000 -344.343750
v 805.125000 -207.250000 -344.343750
v 804.875000 -207.250000 -344.343750
v 805.125000 -205.000000 -344.343750
v 804.875000 -205.000000 -344.343750
v 805.125000 -203.500000 -339.343750
v 805.125000 -203.500000 -339.093750
v 804.875000 -203.500000 -339.343750
v 804.875000 -203.500000 -339.093750
v 804.875000 -208.000000 -339.343750
v 804.875000 -205.000000 -344.593750
v 804.875000 -207.250000 -344.593750
v 804.875000 -205.000000 -339.343750
v 804.875000 -205.000000 -339.093750
v 805.125000 -205.000000 -339.343750
v 805.125000 -205.000000 -339.093750
v 805.125000 -205.000000 -344.593750
v 805.125000 -208.000000 -339.343750
v 805.125000 -207.250000 -344.593750
v 806.000000 -208.030151 -338.421967
v 806.000000 -208.012512 -338.170990
v 805.250000 -208.030151 -338.421967
v 805.250000 -208.012512 -338.170990
v 804.750000 -208.030151 -338.421967
v 804.750000 -208.012512 -338.170990
v 804.000000 -208.030151 -338.421967
v 804.000000 -208.012512 -338.170990
v 804.750000 -210.000153 -338.283447
v 804.000000 -210.000153 -338.283447
v 804.750000 -209.982376 -338.032501
v 804.000000 -209.982376 -338.032501
v 806.000000 -210.000153 -338.283447
v 805.250000 -210.000153 -338.283447
v 806.000000 -209.982376 -338.032501
v 805.250000 -209.982376 -338.032501
v 805.250000 -209.677902 -338.306091
v 804.750000 -209.677902 -338.306091
v 805.250000 -207.250000 -343.223114
v 805.250000 -207.250000 -343.184387
v 805.211243 -207.250000 -343.261871
v 805.250000 -207.250000 -343.264069
v 805.168152 -207.250000 -343.304993
v 805.134094 -207.250000 -342.771332
v 805.076233 -207.250000 -342.790619
v 805.211243 -207.250000 -342.925629
v 805.168152 -207.250000 -342.882507
v 805.021118 -207.250000 -342.808990
v 805.066895 -207.250000 -342.831879
v 805.250000 -207.250000 -342.732697
v 805.166626 -207.250000 -342.760498
v 805.250000 -207.250000 -343.010620
v 805.242493 -207.250000 -342.988129
v 805.250000 -207.250000 -343.461243
v 805.250000 -207.250000 -343.367493
v 804.968750 -207.250000 -343.367493
v 805.011902 -207.250000 -343.367493
v 805.250000 -207.250000 -344.184387
v 804.788757 -207.250000 -343.261871
v 805.250000 -207.250000 -344.593750
v 804.757507 -207.250000 -343.199371
v 805.222290 -207.250000 -344.593750
v 805.138977 -207.250000 -344.343750
v 804.750000 -207.250000 -344.593750
v 804.750000 -207.250000 -344.343750
v 805.250000 -207.250000 -343.723114
v 805.250000 -207.250000 -343.514069
v 804.831848 -207.250000 -343.304993
v 804.933105 -207.250000 -343.355621
v 805.250000 -207.250000 -343.288116
v 805.105652 -207.250000 -343.336243
v 805.009705 -207.250000 -342.812805
v 805.031250 -207.250000 -342.820007
v 804.988098 -207.250000 -342.820007
v 804.750000 -207.250000 -343.176880
v 804.750000 -207.250000 -342.964386
v 804.750000 -207.250000 -343.003113
v 804.788757 -207.250000 -342.925629
v 805.250000 -207.250000 -340.593750
v 804.750000 -207.250000 -340.593750
v 804.750000 -207.250000 -342.899384
v 804.894348 -207.250000 -342.851257
v 804.750000 -207.250000 -342.923431
v 804.831848 -207.250000 -342.882507
v 805.250000 -207.500000 -342.729797
v 805.250000 -207.500000 -343.001862
v 805.168396 -207.500000 -342.756989
v 805.244995 -207.500000 -342.986877
v 804.750000 -207.500000 -340.593750
v 805.250000 -207.500000 -340.593750
v 804.750000 -207.500000 -342.896454
v 804.893127 -207.500000 -342.848755
v 804.986877 -207.500000 -342.817505
v 805.135559 -207.500000 -342.767944
v 805.009033 -207.500000 -342.810089
v 805.076904 -207.500000 -342.787506
v 805.021362 -207.500000 -342.806000
v 805.250000 -207.500000 -344.593750
v 805.219360 -207.500000 -344.593750
v 805.250000 -207.500000 -344.190613
v 804.755005 -207.500000 -343.200623
v 804.786255 -207.500000 -343.263123
v 805.250000 -207.500000 -343.369995
v 805.013123 -207.500000 -343.369995
v 805.250000 -207.500000 -343.291046
v 805.106873 -207.500000 -343.338745
v 805.250000 -207.500000 -343.517181
v 804.929382 -207.500000 -343.356873
v 805.250000 -207.500000 -343.463745
v 804.968750 -207.500000 -343.369995
v 804.750000 -207.500000 -342.960632
v 804.786255 -207.500000 -342.924377
v 804.750000 -207.500000 -342.996887
v 805.250000 -207.500000 -343.267181
v 805.169373 -207.500000 -343.307495
v 805.213745 -207.500000 -342.924377
v 805.169373 -207.500000 -342.880005
v 805.250000 -207.500000 -343.226868
v 805.213745 -207.500000 -343.263123
v 805.250000 -207.500000 -343.190613
v 805.070618 -207.500000 -342.830627
v 805.031250 -207.500000 -342.817505
v 805.250000 -207.500000 -343.726868
v 804.830627 -207.500000 -343.307495
v 804.750000 -207.500000 -342.920319
v 804.830627 -207.500000 -342.880005
v 804.750000 -207.500000 -344.593750
v 804.750000 -207.500000 -343.185638
v 805.250000 -209.850983 -342.702362
v 804.750000 -209.857544 -342.868958
v 805.148987 -209.852310 -342.736023
v 804.834473 -209.856430 -342.840820
v 805.082764 -209.853180 -342.758087
v 804.881348 -209.855820 -342.825195
v 805.023743 -209.853943 -342.777740
v 804.975098 -209.854584 -342.793945
v 805.003174 -209.854218 -342.784607
v 805.250000 -209.875244 -343.318756
v 805.250000 -209.873032 -343.262482
v 805.165649 -209.876358 -343.346893
v 805.237488 -209.873520 -343.274994
v 805.181274 -209.875732 -343.331268
v 804.750000 -209.859756 -342.925232
v 804.762634 -209.859253 -342.912567
v 804.818848 -209.857040 -342.856415
v 805.250000 -209.860245 -342.937866
v 805.237366 -209.859253 -342.912567
v 805.250000 -209.877106 -343.366150
v 805.118774 -209.876968 -343.362518
v 805.107910 -209.877106 -343.366150
v 804.750000 -209.872543 -343.249939
v 804.750000 -209.877106 -343.366150
v 804.762512 -209.873520 -343.274994
v 804.808044 -209.877106 -343.366150
v 805.031250 -209.854584 -342.793945
v 805.105957 -209.855560 -342.818848
v 805.181152 -209.857040 -342.856415
v 804.818726 -209.875732 -343.331268
v 804.853638 -209.877106 -343.366150
v 805.250000 -209.660614 -337.867065
v 804.750000 -209.660614 -337.867065
v 805.250000 -209.667999 -338.054596
v 804.750000 -209.667999 -338.054596
v 804.888489 -209.877106 -343.366150
v 805.250000 -209.872543 -343.249939
v 804.750000 -209.860245 -342.937866
v 804.757507 -210.372406 -343.277496
v 804.816223 -210.374710 -343.336243
v 804.794006 -210.375259 -343.350586
v 804.830566 -210.375259 -343.350586
v 804.750000 -210.356232 -342.863129
v 804.831970 -210.355164 -342.835815
v 804.750000 -210.358353 -342.917755
v 804.816345 -210.355774 -342.851440
v 804.757690 -210.358063 -342.910095
v 804.750000 -210.371826 -343.262421
v 804.750000 -210.375259 -343.350586
v 805.250000 -210.375259 -343.350586
v 805.171997 -210.375259 -343.350586
v 805.250000 -210.372116 -343.269958
v 805.169434 -210.375259 -343.350586
v 805.242493 -210.372406 -343.277496
v 805.183777 -210.374710 -343.336243
v 805.151855 -210.350998 -342.729248
v 805.242310 -210.358063 -342.910095
v 805.083984 -210.351883 -342.751862
v 805.183655 -210.355774 -342.851440
v 805.250000 -210.349716 -342.696533
v 805.250000 -210.176849 -338.271027
v 805.250000 -210.167023 -338.019501
v 805.024231 -210.352661 -342.771759
v 805.250000 -210.160461 -337.851440
v 805.001953 -210.352951 -342.779205
v 804.750000 -210.160461 -337.851440
v 804.972595 -210.353333 -342.788971
v 804.750000 -210.167023 -338.019501
v 804.878845 -210.354553 -342.820190
v 804.750000 -210.176849 -338.271027
v 804.844910 -210.375259 -343.350586
v 805.113464 -210.354401 -342.816345
v 805.155090 -210.375259 -343.350586
v 805.250000 -210.371826 -343.262421
v 804.750000 -210.358658 -342.925415
v 805.250000 -210.358658 -342.925415
v 805.031250 -210.353333 -342.788971
v 805.119202 -209.964966 -343.363403
v 805.250000 -208.000000 -343.273438
v 805.250000 -208.000000 -343.234375
v 805.171875 -208.000000 -343.312500
v 805.218750 -208.000000 -343.265625
v 804.750000 -208.000000 -342.914062
v 804.750000 -208.000000 -342.953125
v 804.828125 -208.000000 -342.875000
v 804.781250 -208.000000 -342.921875
v 804.875000 -208.000000 -340.593750
v 804.750000 -208.000000 -340.593750
v 804.750000 -208.000000 -339.343750
v 805.250000 -208.000000 -343.734375
v 805.250000 -208.000000 -343.523438
v 804.828125 -208.000000 -343.312500
v 804.921875 -208.000000 -343.359375
v 805.021851 -208.000000 -342.799988
v 805.007812 -208.000000 -342.804688
v 805.078125 -208.000000 -342.828125
v 805.031250 -208.000000 -342.812500
v 805.250000 -208.000000 -343.468750
v 804.968750 -208.000000 -343.375000
v 804.750000 -208.000000 -342.890625
v 804.890625 -208.000000 -342.843750
v 805.250000 -208.000000 -340.593750
v 805.125000 -208.000000 -340.593750
v 805.250000 -208.000000 -342.723969
v 805.138367 -208.000000 -342.761169
v 805.078125 -208.000000 -342.781250
v 804.984375 -208.000000 -342.812500
v 805.250000 -208.000000 -343.375000
v 805.250000 -208.000000 -343.296875
v 805.015625 -208.000000 -343.375000
v 805.109375 -208.000000 -343.343750
v 805.250000 -208.000000 -344.843750
v 805.250000 -208.000000 -344.203125
v 804.750000 -208.000000 -344.843750
v 804.781250 -208.000000 -343.265625
v 804.750000 -208.000000 -343.203125
v 805.250000 -208.000000 -343.203125
v 805.250000 -208.000000 -339.343750
v 804.750000 -208.000000 -342.984375
v 805.250000 -208.000000 -342.984375
v 805.218750 -208.000000 -342.921875
v 805.171875 -208.000000 -342.875000
v 805.250000 -208.250000 -343.471252
v 804.968750 -208.250000 -343.377502
v 805.250000 -208.250000 -343.377502
v 805.016846 -208.250000 -343.377502
v 805.250000 -208.250000 -339.343750
v 805.250000 -208.250000 -342.721039
v 804.750000 -208.250000 -339.343750
v 805.139832 -208.250000 -342.757782
v 804.750000 -208.250000 -342.887695
v 805.078735 -208.250000 -342.778137
v 804.889404 -208.250000 -342.841248
v 805.022095 -208.250000 -342.796997
v 804.983154 -208.250000 -342.809998
v 805.007202 -208.250000 -342.801971
v 804.750000 -208.250000 -342.949371
v 804.778748 -208.250000 -342.920624
v 804.750000 -208.250000 -342.978119
v 804.750000 -208.250000 -342.910950
v 804.826904 -208.250000 -342.872498
v 805.250000 -208.250000 -343.299805
v 805.110596 -208.250000 -343.346252
v 805.250000 -208.250000 -343.276550
v 805.173096 -208.250000 -343.315002
v 805.250000 -208.250000 -343.238129
v 805.221252 -208.250000 -343.266876
v 805.250000 -208.250000 -344.209381
v 804.778748 -208.250000 -343.266876
v 805.250000 -208.250000 -343.738129
v 804.826904 -208.250000 -343.315002
v 805.250000 -208.250000 -343.209381
v 805.250000 -208.250000 -342.978119
v 805.221252 -208.250000 -342.920624
v 805.173096 -208.250000 -342.872498
v 805.081848 -208.250000 -342.826874
v 805.031250 -208.250000 -342.809998
v 805.250000 -208.250000 -343.526550
v 804.918152 -208.250000 -343.360626
v 805.250000 -208.250000 -344.843750
v 804.750000 -208.250000 -344.843750
v 804.750000 -208.250000 -343.209381
v 805.015320 -205.000000 -342.837189
v 804.999390 -205.000000 -342.842499
v 805.031250 -205.000000 -342.842499
v 805.250000 -205.000000 -343.189362
v 805.188721 -205.000000 -343.250610
v 805.250000 -205.000000 -343.261871
v 805.156860 -205.000000 -343.282501
v 805.141235 -205.000000 -343.298126
v 805.204346 -205.000000 -342.952515
v 805.188721 -205.000000 -342.936890
v 805.219971 -205.000000 -342.999390
v 805.165222 -205.000000 -344.343750
v 804.780029 -205.000000 -343.188110
v 804.750000 -205.000000 -343.098114
v 804.750000 -205.000000 -344.343750
v 805.250000 -205.000000 -342.758972
v 805.150879 -205.000000 -342.791992
v 805.250000 -205.000000 -343.089386
v 805.070618 -205.000000 -342.818756
v 805.156860 -205.000000 -342.904999
v 805.250000 -205.000000 -344.128113
v 804.811279 -205.000000 -343.250610
v 805.250000 -205.000000 -344.593750
v 805.248535 -205.000000 -344.593750
v 805.250000 -205.000000 -343.485931
v 805.250000 -205.000000 -343.438751
v 804.966858 -205.000000 -343.344360
v 804.968750 -205.000000 -343.345001
v 804.750000 -205.000000 -344.593750
v 805.250000 -205.000000 -343.689362
v 804.843140 -205.000000 -343.282501
v 804.858765 -205.000000 -342.889374
v 804.843140 -205.000000 -342.904999
v 804.905640 -205.000000 -342.873749
v 805.018860 -205.000000 -342.835999
v 805.033142 -205.000000 -342.843140
v 805.250000 -205.000000 -343.128113
v 804.750000 -205.000000 -342.998138
v 804.750000 -205.000000 -343.059387
v 804.811279 -205.000000 -342.936890
v 805.250000 -205.000000 -339.343750
v 805.250000 -205.000000 -339.093750
v 805.250000 -205.000000 -343.345001
v 805.000610 -205.000000 -343.345001
v 805.094360 -205.000000 -343.313751
v 804.750000 -205.000000 -342.925629
v 804.750000 -205.000000 -339.343750
v 804.750000 -205.000000 -339.093750
v 805.250000 -205.250000 -343.264801
v 805.142517 -205.250000 -343.300629
v 805.250000 -205.250000 -343.193115
v 805.158142 -205.250000 -343.285004
v 805.191223 -205.250000 -343.251862
v 805.250000 -205.250000 -339.093750
v 805.250000 -205.250000 -342.756042
v 804.750000 -205.250000 -339.093750
v 805.152649 -205.250000 -342.788513
v 804.750000 -205.250000 -342.922699
v 805.071228 -205.250000 -342.815613
v 804.857483 -205.250000 -342.886871
v 805.019104 -205.250000 -342.833008
v 804.904358 -205.250000 -342.871246
v 805.014709 -205.250000 -342.834473
v 804.998108 -205.250000 -342.839996
v 805.031250 -205.250000 -342.839996
v 805.250000 -205.250000 -344.134369
v 804.808777 -205.250000 -343.251862
v 805.250000 -205.250000 -343.693115
v 804.841858 -205.250000 -343.285004
v 805.250000 -205.250000 -343.489075
v 804.963135 -205.250000 -343.345612
v 805.250000 -205.250000 -343.441254
v 804.968750 -205.250000 -343.347504
v 805.206848 -205.250000 -342.951263
v 805.191223 -205.250000 -342.935638
v 805.158142 -205.250000 -342.902496
v 805.036865 -205.250000 -342.841888
v 804.841858 -205.250000 -342.902496
v 804.750000 -205.250000 -342.994385
v 804.808777 -205.250000 -342.935638
v 804.750000 -205.250000 -343.053131
v 805.222473 -205.250000 -342.998138
v 805.095642 -205.250000 -343.316254
v 805.250000 -205.250000 -343.080627
v 805.250000 -205.250000 -343.134369
v 805.250000 -205.250000 -344.593750
v 805.245605 -205.250000 -344.593750
v 804.777527 -205.250000 -343.189362
v 805.250000 -205.250000 -343.347504
v 805.001892 -205.250000 -343.347504
v 804.750000 -205.250000 -344.593750
v 804.750000 -205.250000 -343.106873
v 805.000000 -204.875000 -342.843750
v 805.031250 -204.875000 -342.843750
v 805.156250 -204.875000 -342.906250
v 805.187500 -204.875000 -342.937500
v 805.218750 -204.875000 -343.000000
v 805.251221 -205.000000 -343.093140
v 805.250000 -204.875000 -343.093750
v 805.250000 -204.875000 -343.125000
v 805.250610 -205.000000 -343.126862
v 805.187500 -204.875000 -343.250000
v 805.156250 -204.875000 -343.281250
v 805.185486 -210.722534 -343.339722
v 805.093750 -204.875000 -343.312500
v 805.021667 -209.207382 -343.387085
v 805.000000 -204.875000 -343.343750
v 804.968750 -204.875000 -343.343750
v 804.894775 -209.804962 -343.368408
v 804.843750 -204.875000 -343.281250
v 804.814514 -210.722534 -343.339722
v 804.812500 -204.875000 -343.250000
v 804.781250 -204.875000 -343.187500
v 804.726257 -207.250000 -343.105621
v 804.750000 -204.875000 -343.093750
v 804.748779 -205.000000 -343.094360
v 804.746277 -205.250000 -343.095612
v 804.750000 -204.875000 -343.062500
v 804.738098 -207.250000 -343.026886
v 804.748108 -205.250000 -343.056885
v 804.749390 -205.000000 -343.060638
v 804.812500 -204.875000 -342.937500
v 804.843750 -204.875000 -342.906250
v 804.906250 -204.875000 -342.875000
v 828.062500 -218.500000 -318.062500
v 828.062500 -218.500000 -310.750000
v 821.500000 -222.250000 -305.593750
v 828.062500 -218.500000 -355.593750
v 822.403320 -221.733810 -355.593750
v 822.403320 -218.500000 -355.593750
v 822.403320 -220.256668 -355.593750
v 822.403320 -220.493332 -355.593750
v 821.500000 -218.500000 -355.593750
v 821.500000 -218.500000 -305.593750
v 827.227295 -218.500000 -310.093750
v 821.500000 -218.500000 -318.062500
v 821.500000 -218.500000 -318.900574
v 821.500000 -218.500000 -322.037262
v 821.500000 -218.500000 -335.093750
v 821.500000 -218.500000 -310.093750
v 802.000000 -222.250000 -363.593750
v 801.750000 -222.250000 -363.593750
v 802.000000 -222.250000 -362.093750
v 801.750000 -222.250000 -335.093750
v 802.000000 -222.250000 -335.093750
v 800.578125 -218.500000 -363.593750
v 800.578125 -218.500000 -335.093750
v 822.004883 -220.732574 -364.093750
v 822.004883 -218.500000 -364.093750
v 822.004883 -220.017426 -364.093750
v 820.751953 -218.500000 -364.093750
v 820.751953 -220.135757 -364.093750
v 820.751953 -220.614243 -364.093750
v 802.500000 -218.500000 -364.093750
v 802.500000 -218.500000 -365.343750
v 803.822021 -218.500000 -365.343750
v 817.761902 -218.500000 -378.093750
v 810.696411 -218.500000 -378.093750
v 810.103577 -218.500000 -382.243683
v 810.264221 -218.500000 -381.119324
v 803.017883 -218.500000 -372.093750
v 805.054810 -218.500000 -378.093750
v 803.739319 -218.500000 -372.093750
v 804.011658 -218.500000 -372.093750
v 808.000000 -218.500000 -355.593750
v 808.000000 -218.500000 -362.093750
v 806.922668 -218.500000 -362.093750
v 805.916687 -218.500000 -362.093750
v 806.449524 -218.500000 -362.093750
v 825.500000 -218.500000 -371.593750
v 809.175964 -218.500000 -384.396332
v 816.917847 -218.500000 -384.423248
v 809.000000 -218.500000 -266.479645
v 808.461548 -218.500000 -384.393860
v 808.226440 -218.500000 -383.915222
v 809.035217 -218.500000 -383.918030
v 810.479553 -218.500000 -372.093750
v 810.356079 -218.500000 -371.593750
v 810.767273 -218.500000 -372.093750
v 807.599060 -218.500000 -384.390869
v 805.378479 -218.500000 -378.093750
v 821.500000 -218.500000 -304.093750
v 806.250000 -218.500000 -310.093750
v 810.452209 -218.500000 -372.093750
v 808.812866 -218.500000 -365.343750
v 808.583313 -218.500000 -365.343750
v 808.000000 -218.500000 -364.093750
v 820.986267 -221.906250 -359.094635
v 820.916016 -221.906250 -360.594238
v 822.166016 -221.906250 -360.656738
v 822.236267 -221.906250 -359.157135
v 822.303711 -221.718750 -357.718323
v 821.053711 -221.718750 -357.655823
v 821.107971 -221.375000 -356.499146
v 822.357971 -221.375000 -356.561646
v 822.393127 -220.906250 -355.811829
v 821.143127 -220.906250 -355.749329
v 821.156250 -220.375000 -355.468750
v 821.143127 -219.843750 -355.749329
v 822.393127 -219.843750 -355.811829
v 822.357971 -219.375000 -356.561646
v 821.107971 -219.375000 -356.499146
v 822.303711 -219.031250 -357.718323
v 821.053711 -219.031250 -357.655823
v 820.986267 -218.843750 -359.094635
v 822.236267 -218.843750 -359.157135
v 822.166016 -218.843750 -360.656738
v 820.916016 -218.843750 -360.594238
v 820.848572 -219.031250 -362.033051
v 822.098572 -219.031250 -362.095551
v 822.062500 -219.031250 -362.093750
v 820.794312 -219.375000 -363.189728
v 822.044312 -219.375000 -363.252228
v 820.759155 -219.843750 -363.939514
v 822.009155 -219.843750 -364.002014
v 822.009155 -220.906250 -364.002014
v 820.759155 -220.906250 -363.939514
v 820.794312 -221.375000 -363.189728
v 822.044312 -221.375000 -363.252228
v 822.062500 -221.718750 -362.093750
v 822.098572 -221.718750 -362.095551
v 820.848572 -221.718750 -362.033051
v 805.001221 -221.781250 -311.812622
v 805.120972 -221.600952 -310.430328
v 806.250977 -221.781250 -311.937592
v 806.374512 -221.593750 -310.499969
v 805.228271 -221.232483 -309.191437
v 806.473816 -221.250076 -309.344360
v 805.291199 -220.778305 -308.464996
v 806.538269 -220.781265 -308.594482
v 806.562500 -220.250000 -308.312500
v 805.313965 -220.282181 -308.201691
v 805.286621 -219.686981 -308.517365
v 806.538269 -219.718933 -308.594177
v 806.473816 -219.250000 -309.344269
v 805.226318 -219.251785 -309.213440
v 805.127808 -218.913452 -310.350830
v 806.374512 -218.906250 -310.499939
v 804.998535 -218.718750 -311.843628
v 806.250977 -218.718750 -311.937561
v 806.122070 -218.718750 -313.437195
v 806.001221 -218.906250 -314.843811
v 804.871338 -218.718750 -313.312134
v 804.744507 -218.913925 -314.776245
v 805.899231 -219.249908 -316.030396
v 804.649109 -219.233063 -315.878082
v 804.581909 -219.716003 -316.653748
v 805.834534 -219.718796 -316.783539
v 804.558838 -220.286713 -316.919952
v 805.813232 -220.249985 -317.031311
v 804.577698 -220.751648 -316.702576
v 805.834595 -220.781784 -316.782654
v 804.647278 -221.251740 -315.899323
v 805.899231 -221.250015 -316.030518
v 806.001221 -221.593750 -314.843903
v 804.751831 -221.601425 -314.692230
v 806.122070 -221.781250 -313.437286
v 804.868652 -221.781250 -313.343262
v 804.125000 -221.781250 -326.843750
v 804.125000 -221.781250 -325.343750
v 805.375000 -221.781250 -326.843750
v 805.375000 -221.781250 -325.343750
v 804.125000 -221.593750 -323.906250
v 805.375000 -221.593750 -323.906250
v 805.375000 -221.250000 -322.750000
v 804.125000 -221.250000 -322.750000
v 804.125000 -220.781250 -321.968750
v 805.375000 -220.781250 -321.968750
v 804.125000 -220.250000 -321.718750
v 805.375000 -220.250000 -321.718750
v 805.375000 -219.718750 -321.968750
v 804.125000 -219.718750 -321.968750
v 805.375000 -219.250000 -322.750000
v 804.125000 -219.250000 -322.750000
v 805.375000 -218.906250 -323.906250
v 804.125000 -218.906250 -323.906250
v 805.375000 -218.718750 -325.343750
v 804.125000 -218.718750 -325.343750
v 804.125000 -218.718750 -326.843750
v 805.375000 -218.718750 -326.843750
v 805.375000 -218.906250 -328.281250
v 804.125000 -218.906250 -328.281250
v 804.125000 -219.250000 -329.437500
v 805.375000 -219.250000 -329.437500
v 805.375000 -219.718750 -330.218750
v 804.125000 -219.718750 -330.218750
v 805.375000 -220.250000 -330.468750
v 804.125000 -220.250000 -330.468750
v 804.125000 -220.781250 -330.218750
v 805.375000 -220.781250 -330.218750
v 805.375000 -221.250000 -329.437500
v 804.125000 -221.250000 -329.437500
v 805.375000 -221.593750 -328.281250
v 804.125000 -221.593750 -328.281250
v 806.500000 -217.968750 -299.093750
v 806.500000 -217.968750 -297.593750
v 811.000000 -217.968750 -299.093750
v 811.000000 -217.968750 -297.593750
v 813.750000 -217.968750 -297.593750
v 818.250000 -217.968750 -297.593750
v 813.750000 -217.968750 -299.093750
v 818.250000 -217.968750 -299.093750
v 810.783386 -217.968750 -267.117279
v 809.782532 -217.968750 -267.070374
v 809.142761 -217.968750 -297.116943
v 808.142334 -217.968750 -297.062225
v 815.500000 -217.968750 -297.093750
v 816.500000 -217.968750 -297.093750
v 815.500000 -217.968750 -267.093750
v 816.500000 -217.968750 -267.093750
v 824.343750 -217.968750 -300.187500
v 823.500000 -217.968750 -299.437500
v 823.500000 -218.000000 -299.437500
v 823.500000 -218.468750 -299.437500
v 805.897400 -217.968750 -386.465210
v 805.937500 -217.968750 -386.468750
v 804.875000 -217.968750 -386.375000
v 804.875000 -218.468750 -386.375000
v 804.883545 -217.968750 -386.335236
v 828.593750 -217.968750 -310.093750
v 827.625000 -217.968750 -310.062500
v 811.125000 -218.000000 -387.156250
v 811.125000 -218.468750 -387.156250
v 812.187500 -217.968750 -387.250000
v 811.125000 -217.968750 -387.156250
v 811.100281 -217.968750 -376.820068
v 810.337952 -217.968750 -376.667572
v 808.366821 -217.968750 -385.842987
v 809.117188 -217.968750 -386.005066
v 809.107117 -217.968750 -382.396973
v 809.107117 -217.981125 -382.396973
v 812.680237 -217.968750 -365.310974
v 813.437500 -217.968750 -365.468750
v 811.491821 -217.968750 -370.842987
v 812.242188 -217.968750 -371.005066
v 815.687500 -217.968750 -355.468750
v 814.930237 -217.968750 -355.310974
v 814.492188 -217.968750 -361.005066
v 813.741821 -217.968750 -360.842987
v 817.812500 -217.968750 -345.468750
v 817.055237 -217.968750 -345.310974
v 816.617188 -217.968750 -351.005066
v 815.866821 -217.968750 -350.842987
v 819.937500 -217.968750 -335.468750
v 819.180237 -217.968750 -335.310974
v 818.742188 -217.968750 -341.005066
v 817.991821 -217.968750 -340.842987
v 822.187500 -217.968750 -325.468750
v 821.430237 -217.968750 -325.310974
v 820.241821 -217.968750 -330.842987
v 820.992188 -217.968750 -331.005066
v 824.312500 -217.968750 -315.468750
v 823.555237 -217.968750 -315.310974
v 822.366821 -217.968750 -320.842987
v 823.117188 -217.968750 -321.005066
v 826.437500 -217.968750 -305.468750
v 825.680237 -217.968750 -305.310974
v 825.242188 -217.968750 -311.005066
v 824.491821 -217.968750 -310.842987
v 806.250000 -210.250000 -336.343750
v 803.750000 -210.250000 -336.343750
v 806.250000 -210.250000 -338.343750
v 803.750000 -210.250000 -338.343750
v 801.500000 -217.968750 -358.218750
v 808.750000 -217.968750 -358.218750
v 801.500000 -217.968750 -350.968750
v 808.750000 -217.968750 -350.968750
v 808.812500 -217.968750 -308.968750
v 801.562500 -217.968750 -308.968750
v 808.812500 -217.968750 -316.218750
v 801.562500 -217.968750 -316.218750
v 808.750000 -217.968750 -321.968750
v 801.500000 -217.968750 -321.968750
v 808.750000 -217.968750 -329.218750
v 801.500000 -217.968750 -329.218750
v 828.000000 -217.968750 -355.968750
v 820.750000 -217.968750 -355.968750
v 828.000000 -217.968750 -363.218750
v 820.750000 -217.968750 -363.218750
v 801.500000 -217.968750 -350.593750
v 808.750000 -217.968750 -350.593750
v 801.500000 -217.968750 -358.593750
v 808.750000 -217.968750 -358.593750
v 801.125000 -217.968750 -358.218750
v 801.125000 -217.968750 -350.968750
v 809.125000 -217.968750 -350.968750
v 809.125000 -217.968750 -358.218750
v 801.500000 -217.968750 -321.593750
v 808.750000 -217.968750 -321.593750
v 801.500000 -217.968750 -329.593750
v 808.750000 -217.968750 -329.593750
v 801.125000 -217.968750 -329.218750
v 801.125000 -217.968750 -321.968750
v 809.125000 -217.968750 -321.968750
v 809.125000 -217.968750 -329.218750
v 808.812500 -217.968750 -308.593750
v 801.562500 -217.968750 -308.593750
v 808.812500 -217.968750 -316.593750
v 801.562500 -217.968750 -316.593750
v 801.187500 -217.968750 -316.218750
v 801.187500 -217.968750 -308.968750
v 809.187500 -217.968750 -308.968750
v 809.187500 -217.968750 -316.218750
v 820.750000 -217.968750 -363.593750
v 820.375000 -217.968750 -363.218750
v 820.750000 -217.968750 -355.593750
v 820.375000 -217.968750 -355.968750
v 828.000000 -217.968750 -355.593750
v 828.375000 -217.968750 -355.968750
v 828.000000 -217.968750 -363.593750
v 828.375000 -217.968750 -363.218750
v 819.500000 -218.500000 -296.093750
v 806.500000 -218.500000 -296.093750
v 827.875000 -218.000000 -310.093750
v 816.500000 -218.468750 -297.093750
v 816.500000 -218.468750 -267.093750
v 815.500000 -218.468750 -297.093750
v 815.500000 -218.468750 -267.093750
v 812.187500 -218.468750 -387.250000
v 827.625000 -218.468750 -310.062500
v 805.937500 -218.468750 -386.468750
v 824.343750 -218.468750 -300.187500
v 825.242188 -218.468750 -311.005066
v 826.437500 -218.468750 -305.468750
v 824.491821 -218.468750 -310.842987
v 825.680237 -218.468750 -305.310974
v 823.117188 -218.468750 -321.005066
v 824.312500 -218.468750 -315.468750
v 822.366821 -218.468750 -320.842987
v 823.555237 -218.468750 -315.310974
v 820.992188 -218.468750 -331.005066
v 822.187500 -218.468750 -325.468750
v 820.241821 -218.468750 -330.842987
v 821.430237 -218.468750 -325.310974
v 818.742188 -218.468750 -341.005066
v 819.937500 -218.468750 -335.468750
v 817.991821 -218.468750 -340.842987
v 819.180237 -218.468750 -335.310974
v 816.617188 -218.468750 -351.005066
v 817.812500 -218.468750 -345.468750
v 815.866821 -218.468750 -350.842987
v 817.055237 -218.468750 -345.310974
v 814.492188 -218.468750 -361.005066
v 815.687500 -218.468750 -355.468750
v 813.741821 -218.468750 -360.842987
v 814.930237 -218.468750 -355.310974
v 812.242188 -218.468750 -371.005066
v 813.437500 -218.468750 -365.468750
v 811.491821 -218.468750 -370.842987
v 812.680237 -218.468750 -365.310974
v 809.117188 -218.468750 -386.005066
v 811.100281 -218.468750 -376.820068
v 808.366821 -218.468750 -385.842987
v 810.337952 -218.468750 -376.667572
v 809.142761 -218.468750 -297.116943
v 810.783386 -218.468750 -267.117279
v 808.142334 -218.468750 -297.062225
v 809.782532 -218.468750 -267.070374
v 818.250000 -218.468750 -299.093750
v 818.250000 -218.468750 -297.593750
v 813.750000 -218.468750 -299.093750
v 813.750000 -218.468750 -297.593750
v 811.000000 -218.468750 -299.093750
v 811.000000 -218.468750 -297.593750
v 806.500000 -218.468750 -299.093750
v 806.500000 -218.468750 -297.593750
v 802.000000 -218.500000 -347.593750
v 802.000000 -218.500000 -335.093750
v 809.000000 -221.781250 -270.812500
v 809.000000 -222.781250 -271.812500
v 816.812500 -222.781250 -271.812500
v 816.812500 -221.781250 -270.812500
v 809.000000 -223.156250 -271.312500
v 816.812500 -223.156250 -271.312500
v 816.812500 -222.281250 -270.437500
v 809.000000 -223.968750 -272.500000
v 816.812500 -223.968750 -272.500000
v 809.000000 -224.218750 -271.937500
v 816.812500 -224.218750 -271.937500
v 809.000000 -225.312500 -272.875000
v 816.812500 -225.312500 -272.875000
v 808.812500 -225.312500 -272.875000
v 816.875000 -226.687500 -272.875000
v 816.875000 -225.312500 -272.875000
v 817.000061 -218.425583 -266.402710
v 817.000122 -218.046814 -266.765015
v 816.968750 -222.437500 -271.312500
v 808.999756 -218.425583 -266.402710
v 809.000000 -218.046814 -266.765015
v 809.156250 -222.437500 -271.312500
v 821.000000 -226.250000 -318.093750
v 809.000000 -226.250000 -272.343750
v 805.000000 -226.250000 -318.093750
v 821.000000 -226.250000 -362.093750
v 805.000000 -226.250000 -362.093750
v 821.003540 -226.283844 -362.139801
v 816.375000 -222.906250 -383.500000
v 816.368896 -223.367508 -383.586273
v 804.996582 -226.283844 -362.139801
v 802.500000 -212.000000 -346.593750
v 807.500000 -212.000000 -346.593750
v 809.571350 -218.031250 -266.371399
v 805.123291 -218.031250 -318.130524
v 809.192444 -222.530670 -270.780304
v 809.046265 -218.031250 -266.309631
v 804.488342 -218.031250 -318.072815
v 809.182251 -222.406250 -270.899475
v 805.123352 -226.656250 -318.130219
v 809.009705 -226.625168 -272.907288
v 804.718628 -222.406250 -318.095459
v 817.315674 -222.406250 -270.826416
v 821.407227 -222.406250 -318.065369
v 816.576660 -222.406250 -270.890686
v 821.124817 -222.406250 -318.092041
v 816.741272 -226.625168 -272.921265
v 816.939697 -218.031250 -266.249756
v 821.441162 -218.031250 -318.221497
v 821.440918 -222.406235 -318.218414
v 816.375305 -218.031250 -266.316132
v 821.154663 -218.031250 -318.250153
v 816.750000 -222.531250 -270.718750
v 804.601807 -218.124542 -318.093750
v 804.601807 -218.093246 -362.093750
v 805.341064 -226.656479 -318.093750
v 804.104431 -218.155624 -318.093750
v 804.101746 -218.124496 -362.093750
v 804.561401 -218.031387 -362.000183
v 809.397461 -217.996353 -384.406830
v 805.441650 -226.630814 -361.797058
v 804.098633 -218.093307 -362.100952
v 809.127136 -218.030838 -384.401276
v 804.967529 -226.688385 -361.900299
v 822.175842 -218.123611 -318.062500
v 822.179749 -218.092773 -362.093750
v 821.101257 -226.653259 -318.062500
v 821.679932 -218.061615 -318.062500
v 821.679932 -218.030304 -362.093750
v 820.628845 -226.593750 -318.062500
v 822.142273 -218.092010 -362.121552
v 816.964050 -218.077881 -384.449005
v 821.675415 -218.033951 -362.016113
v 820.663940 -226.598892 -361.746399
v 816.744751 -220.664780 -383.630280
v 816.906250 -218.100281 -384.003601
v 816.906250 -218.187500 -384.468750
v 816.757751 -220.545364 -384.124695
v 809.307251 -219.922272 -383.712250
v 809.406250 -218.350281 -383.941101
v 809.406250 -218.437500 -384.406250
v 809.320251 -219.802780 -384.207031
v 816.744324 -220.671722 -383.629272
v 816.593750 -223.062500 -383.281250
v 809.317688 -219.756760 -383.736359
v 800.500000 -218.250000 -363.593750
v 800.500000 -218.250000 -335.093750
v 804.500000 -222.250000 -363.593750
v 804.500000 -218.250000 -363.593750
v 804.500000 -218.250000 -335.093750
v 804.500000 -222.250000 -335.093750
v 821.500000 -222.250000 -355.593750
v 821.500000 -218.250000 -355.593750
v 821.500000 -218.250000 -305.593750
v 828.500000 -218.250000 -355.593750
v 828.500000 -218.250000 -311.093750
v 805.031250 -211.125000 -342.781250
v 804.968750 -211.125000 -342.781250
v 804.875000 -211.125000 -342.812500
v 804.812500 -211.125000 -342.843750
v 804.750000 -211.125000 -342.906250
v 804.718750 -211.125000 -342.968750
v 804.687500 -211.125000 -343.062500
v 804.687500 -211.125000 -343.125000
v 804.718750 -211.125000 -343.218750
v 804.750000 -211.125000 -343.281250
v 804.812500 -211.125000 -343.343750
v 804.875000 -211.125000 -343.375000
v 804.968750 -211.125000 -343.406250
v 805.031250 -211.125000 -343.406250
v 805.125000 -211.125000 -343.375000
v 805.187500 -211.125000 -343.343750
v 805.250000 -211.125000 -343.281250
v 805.281250 -211.125000 -343.218750
v 805.312500 -211.125000 -343.125000
v 805.312500 -211.125000 -343.062500
v 805.281250 -211.125000 -342.968750
v 805.250000 -211.125000 -342.906250
v 805.187500 -211.125000 -342.843750
v 805.125000 -211.125000 -342.812500
v 810.531250 -218.406250 -373.187500
v 810.093750 -218.406250 -370.531250
v 809.468750 -218.406250 -368.000000
v 808.718750 -218.406250 -365.750000
v 807.843750 -218.406250 -363.968750
v 806.937500 -218.406250 -362.750000
v 806.062500 -218.406250 -362.187500
v 805.250000 -218.406250 -362.312500
v 804.593750 -218.406250 -363.125000
v 804.093750 -218.406250 -364.562500
v 803.812500 -218.406250 -366.531250
v 803.781250 -218.406250 -368.906250
v 803.968750 -218.406250 -371.500000
v 804.406250 -218.406250 -374.156250
v 805.031250 -218.406250 -376.687500
v 805.781250 -218.406250 -378.937500
v 806.656250 -218.406250 -380.718750
v 807.562500 -218.406250 -381.937500
v 808.437500 -218.406250 -382.500000
v 809.250000 -218.406250 -382.375000
v 809.906250 -218.406250 -381.562500
v 810.406250 -218.406250 -380.125000
v 810.687500 -218.406250 -378.156250
v 810.718750 -218.406250 -375.781250
v 809.250000 -222.250000 -382.375000
v 820.746033 -220.375000 -364.220123
v 821.996033 -220.375000 -364.282623
v 822.406250 -220.375000 -355.531250
v 800.937500 -218.375000 -321.031250
v 800.937500 -218.375000 -317.781250
v 805.312500 -218.375000 -321.031250
v 805.312500 -218.375000 -317.781250
v 828.000000 -218.468750 -363.218750
v 828.000000 -218.468750 -355.968750
v 820.750000 -218.468750 -363.218750
v 820.750000 -218.468750 -355.968750
v 828.375000 -218.468750 -363.218750
v 828.375000 -218.468750 -355.968750
v 828.000000 -218.468750 -363.593750
v 828.000000 -218.468750 -355.593750
v 820.375000 -218.468750 -355.968750
v 820.375000 -218.468750 -363.218750
v 820.750000 -218.468750 -355.593750
v 820.750000 -218.468750 -363.593750
v 808.750000 -218.468750 -358.218750
v 808.750000 -218.468750 -350.968750
v 801.500000 -218.468750 -358.218750
v 801.500000 -218.468750 -350.968750
v 808.750000 -218.468750 -329.218750
v 808.750000 -218.468750 -321.968750
v 801.500000 -218.468750 -329.218750
v 801.500000 -218.468750 -321.968750
v 808.812500 -218.468750 -316.218750
v 808.812500 -218.468750 -308.968750
v 801.562500 -218.468750 -316.218750
v 801.562500 -218.468750 -308.968750
v 809.187500 -218.468750 -316.218750
v 809.187500 -218.468750 -308.968750
v 808.812500 -218.468750 -316.593750
v 808.812500 -218.468750 -308.593750
v 801.187500 -218.468750 -308.968750
v 801.187500 -218.468750 -316.218750
v 801.562500 -218.468750 -308.593750
v 801.562500 -218.468750 -316.593750
v 809.125000 -218.468750 -329.218750
v 809.125000 -218.468750 -321.968750
v 808.750000 -218.468750 -329.593750
v 808.750000 -218.468750 -321.593750
v 801.125000 -218.468750 -321.968750
v 801.125000 -218.468750 -329.218750
v 801.500000 -218.468750 -321.593750
v 801.500000 -218.468750 -329.593750
v 809.125000 -218.468750 -358.218750
v 809.125000 -218.468750 -350.968750
v 808.750000 -218.468750 -358.593750
v 808.750000 -218.468750 -350.593750
v 801.125000 -218.468750 -350.968750
v 801.125000 -218.468750 -358.218750
v 801.500000 -218.468750 -350.593750
v 801.500000 -218.468750 -358.593750
v 820.500000 -221.500000 -365.343750
v 820.500000 -218.250000 -365.343750
v 820.500000 -218.250000 -364.093750
v 825.500000 -218.250000 -365.343750
v 825.500000 -218.250000 -364.093750
v 819.000000 -222.000000 -371.593750
v 819.000000 -218.250000 -371.593750
v 825.000000 -218.250000 -371.593750
v 818.000000 -221.250000 -376.843750
v 817.857117 -218.250000 -377.593750
v 823.000000 -218.250000 -377.593750
v 823.000000 -218.250000 -371.593750
v 802.250000 -218.250000 -307.593750
v 806.250000 -218.250000 -297.843750
v 806.250000 -218.250000 -307.593750
v 814.187500 -223.500000 -382.031250
v 815.437500 -223.500000 -382.031250
v 810.187500 -223.500000 -382.031250
v 811.437500 -223.500000 -382.031250
v 812.382080 -224.406250 -375.875000
v 813.284302 -224.406250 -375.875000
vn 0.0344 -0.9823 0.1842
vn 0.0343 -0.9823 0.1844
vn 0.0343 -0.9823 0.1842
vn 0.0343 -0.9823 0.1841
vn 0.0035 0.1438 0.9896
vn 0.0035 0.1439 0.9896
vn 0.0040 0.1441 0.9896
vn 0.0034 0.1438 0.9896
vn -0.0035 -0.1439 -0.9896
vn -0.0034 -0.1441 -0.9896
vn -0.0034 -0.1442 -0.9895
vn -0.9981 0.0612 -0.0115
vn -0.9981 0.0612 -0.0106
vn -0.9981 0.0612 -0.0114
vn -0.9981 0.0612 -0.0121
vn 0.9980 -0.0611 0.0129
vn 0.9981 -0.0610 0.0111
vn 0.9981 -0.0612 0.0117
vn 0.1151 0.9930 -0.0269
vn -0.1532 -0.9819 -0.1112
vn -0.1532 -0.9820 -0.1109
vn -0.1531 -0.9819 -0.1111
vn -0.1531 -0.9820 -0.1110
vn -0.1538 -0.9819 -0.1109
vn 0.2208 0.0049 0.9753
vn 0.2210 0.0047 0.9753
vn 0.2203 -0.0000 0.9754
vn 0.2298 0.0030 0.9732
vn -0.2341 -0.0933 -0.9677
vn -0.2335 -0.0935 -0.9678
vn -0.1644 -0.0000 -0.9864
vn -0.2340 -0.0932 -0.9678
vn -0.9653 0.1213 0.2313
vn -0.9653 0.1214 0.2312
vn -0.9653 0.1213 0.2314
vn -0.9652 0.1212 0.2318
vn -0.9652 0.1215 0.2315
vn -0.9652 0.1212 0.2317
vn -0.9654 0.1212 0.2310
vn -0.9654 0.1213 0.2310
vn -0.9655 0.1214 0.2303
vn -0.9652 0.1182 0.2332
vn -0.9653 0.1200 0.2320
vn -0.9649 0.1221 0.2323
vn -0.9710 -0.0000 0.2390
vn 0.9672 -0.1195 -0.2243
vn 0.9671 -0.1195 -0.2244
vn 0.9671 -0.1196 -0.2246
vn 0.9671 -0.1196 -0.2245
vn 0.9671 -0.1196 -0.2244
vn 0.9673 -0.1195 -0.2236
vn 0.9671 -0.1195 -0.2246
vn -0.1322 -0.9912 -0.0000
vn -0.1252 -0.9921 -0.0000
vn -0.1249 -0.9922 -0.0000
vn -0.1244 -0.9922 -0.0000
vn -0.0000 -0.0000 1.0000
vn -0.9925 0.1222 -0.0000
vn -0.9925 0.1221 0.0001
vn -0.9925 0.1222 0.0008
vn -0.9925 0.1223 0.0001
vn -0.9925 0.1223 0.0002
vn -0.9925 0.1225 -0.0000
vn -0.9925 0.1221 -0.0000
vn -0.0000 1.0000 -0.0000
vn -0.9925 0.1223 -0.0000
vn -0.9925 0.1224 0.0003
vn -0.9925 0.1224 -0.0000
vn 0.9921 -0.1238 -0.0187
vn 0.9922 -0.1250 -0.0000
vn 0.9922 -0.1250 0.0001
vn 0.9922 -0.1249 -0.0000
vn 0.9922 -0.1250 0.0006
vn 0.9922 -0.1250 0.0002
vn 0.9915 -0.1295 -0.0099
vn 0.9922 -0.1250 -0.0001
vn -0.1295 0.9912 -0.0259
vn 0.1447 -0.9826 -0.1165
vn 0.1448 -0.9826 -0.1165
vn -0.2127 0.0014 0.9771
vn -0.0000 -0.1589 -0.9873
vn -0.0000 -0.1585 -0.9874
vn -0.9702 -0.1033 -0.2190
vn -0.9703 -0.1033 -0.2189
vn -0.9705 -0.1032 -0.2180
vn -0.9702 -0.1032 -0.2191
vn -0.9701 -0.1031 -0.2196
vn -0.9702 -0.1032 -0.2190
vn -0.9702 -0.1037 -0.2190
vn -0.9701 -0.1030 -0.2196
vn 0.9723 0.1036 0.2097
vn 0.9721 0.1045 0.2100
vn 0.9720 0.1069 0.2091
vn 0.9720 0.1048 0.2102
vn 0.9720 0.1045 0.2102
vn 0.9721 0.1045 0.2099
vn 0.9721 0.1046 0.2100
vn 0.9719 0.1045 0.2108
vn 0.9723 0.1046 0.2088
vn 0.0864 -0.9963 -0.0000
vn -0.9963 -0.0856 -0.0000
vn -0.9963 -0.0857 0.0033
vn -0.9963 -0.0856 0.0001
vn -0.9963 -0.0857 0.0026
vn -0.9963 -0.0865 -0.0000
vn -0.9963 -0.0856 -0.0001
vn -0.9963 -0.0857 0.0001
vn 0.9963 0.0863 0.0001
vn 0.9963 0.0863 0.0002
vn 0.9963 0.0863 -0.0000
vn 0.9963 0.0863 -0.0003
vn 0.9963 0.0864 0.0001
vn 0.9963 0.0860 0.0002
vn 0.9963 0.0863 -0.0019
vn -0.0000 -1.0000 -0.0026
vn -0.0000 -1.0000 -0.0000
vn -0.0020 -1.0000 -0.0026
vn 0.0003 -1.0000 -0.0026
vn -0.0834 -0.7004 0.7089
vn 0.0996 -0.0007 -0.9950
vn -0.9958 0.0067 -0.0916
vn -0.9958 0.0068 -0.0916
vn -0.9958 0.0054 -0.0917
vn 0.9963 -0.0000 0.0863
vn 0.9963 -0.0000 0.0864
vn 0.9963 -0.0000 0.0860
vn -0.0001 -1.0000 0.0007
vn -0.0780 -0.4349 0.8971
vn -0.0781 -0.4348 0.8971
vn -0.0781 -0.4349 0.8971
vn -0.0780 -0.4348 0.8971
vn 0.0942 0.0095 -0.9955
vn 0.0941 -0.0000 -0.9956
vn 0.0928 0.0001 -0.9957
vn -0.9954 -0.0000 -0.0958
vn -0.9954 0.0073 -0.0959
vn -0.9954 0.0073 -0.0951
vn -0.9953 0.0073 -0.0962
vn 0.9965 -0.0000 0.0838
vn -0.0001 1.0000 -0.0000
vn -0.0000 -1.0000 0.0007
vn 0.0898 -0.4312 0.8978
vn 0.0899 -0.4310 0.8979
vn 0.0898 -0.4310 0.8979
vn 0.0905 -0.4308 0.8979
vn 0.0898 -0.4311 0.8978
vn -0.0857 -0.0000 -0.9963
vn -0.0856 -0.0000 -0.9963
vn -0.9966 -0.0000 0.0824
vn -0.9993 -0.0000 0.0377
vn -0.0000 -1.0000 -0.0034
vn -0.0002 -1.0000 -0.0026
vn 0.0833 -0.7011 0.7082
vn 0.0834 -0.7010 0.7083
vn -0.0904 0.0052 -0.9959
vn -0.0905 0.0052 -0.9959
vn -0.0933 0.0089 -0.9956
vn -0.9961 0.0040 0.0877
vn -0.9961 0.0040 0.0878
vn -0.9961 0.0041 0.0877
vn -0.9961 0.0042 0.0878
vn -0.9961 0.0041 0.0876
vn -0.9961 0.0038 0.0877
vn -0.9961 0.0039 0.0879
vn -0.9961 0.0039 0.0877
vn -0.9961 0.0041 0.0879
vn -0.9961 0.0040 0.0879
vn 0.9963 -0.0000 -0.0857
vn 0.9963 -0.0000 -0.0855
vn 0.9963 -0.0000 -0.0856
vn 0.9963 0.0001 -0.0858
vn 0.9963 -0.0000 -0.0858
vn 0.9963 0.0003 -0.0857
vn 0.9963 -0.0000 -0.0854
vn 0.9963 -0.0001 -0.0856
vn 0.9963 0.0001 -0.0856
vn 0.9963 0.0001 -0.0855
vn 0.9963 -0.0001 -0.0857
vn -0.0000 0.9877 0.1562
vn -0.0011 0.9876 0.1568
vn -0.0000 -0.9875 -0.1578
vn -0.0000 -0.9875 -0.1579
vn -0.0004 -0.9875 -0.1577
vn -0.0000 -0.9873 -0.1586
vn -0.0000 -0.1568 0.9876
vn -0.0001 -0.1568 0.9876
vn -0.0000 -0.1567 0.9876
vn -0.0000 -0.1553 0.9879
vn -0.0351 0.1837 -0.9824
vn -0.0349 0.1839 -0.9823
vn -0.0357 0.1841 -0.9823
vn -0.0351 0.1836 -0.9824
vn -0.9797 0.0249 -0.1989
vn -0.9797 0.0252 -0.1987
vn 0.9778 0.0260 -0.2078
vn -0.0000 -0.0000 -1.0000
vn -0.0000 -0.0005 -1.0000
vn -0.0000 -0.0001 -1.0000
vn -0.0000 0.0001 -1.0000
vn -1.0000 -0.0000 -0.0000
vn 1.0000 -0.0000 -0.0000
vn -0.9962 0.0001 0.0870
vn -0.9962 -0.0002 0.0868
vn -0.9962 -0.0001 0.0871
vn 0.9962 -0.0003 0.0871
vn 0.9962 -0.0000 0.0871
vn 0.9961 -0.0000 0.0887
vn 0.9962 -0.0001 0.0871
vn -0.0000 -0.6748 -0.7380
vn 0.0001 -0.6758 -0.7371
vn -0.0000 -0.7187 0.6953
vn -0.0000 0.7194 -0.6946
vn -0.9997 -0.0170 -0.0180
vn -0.9997 -0.0166 -0.0183
vn 1.0000 -0.0035 -0.0034
vn 1.0000 -0.0034 -0.0039
vn 1.0000 -0.0035 -0.0033
vn -0.9578 -0.0000 0.2875
vn 0.9950 -0.0000 0.0998
vn 0.9951 -0.0000 0.0993
vn -0.0000 -0.9950 0.0995
vn -0.0000 -0.9950 0.0994
vn -0.0000 -0.2607 0.9654
vn -0.0000 -0.2610 0.9653
vn -0.0000 -0.2609 0.9654
vn -0.0060 0.9951 0.0989
vn -0.0000 0.9950 0.0996
vn -0.0000 0.2688 -0.9632
vn -0.0000 -0.5070 0.8619
vn -0.0000 0.5010 -0.8654
vn -0.0000 -0.7071 0.7071
vn -0.0001 -0.7071 0.7071
vn -0.0000 -0.7060 0.7082
vn -0.0000 0.6000 0.8000
vn 0.0001 0.6002 0.7998
vn -0.0000 0.7071 -0.7071
vn -0.1272 -0.0000 -0.9919
vn -0.1272 0.0005 -0.9919
vn -0.9701 -0.0000 0.2425
vn 0.9728 -0.0000 -0.2316
vn -0.9363 -0.0000 0.3511
vn 0.9829 -0.0002 -0.1843
vn 0.9829 -0.0000 -0.1843
vn -0.9161 0.0002 0.4009
vn -0.9162 0.0003 0.4008
vn -0.9162 -0.0000 0.4008
vn 0.6441 -0.0000 0.7649
vn 0.6442 -0.0000 0.7649
vn 0.6441 -0.0000 0.7650
vn -0.9988 0.0002 0.0499
vn -0.9988 -0.0000 0.0499
vn 0.9988 -0.0004 0.0499
vn 0.9988 -0.0000 0.0499
vn -0.0000 -1.0000 0.0042
vn -0.0000 -0.6210 -0.7838
vn 0.9985 -0.0525 -0.0175
vn 0.9985 -0.0526 -0.0164
vn 0.9985 -0.0523 -0.0165
vn 0.9985 -0.0526 -0.0165
vn 0.9985 -0.0525 -0.0165
vn -0.9984 -0.0526 -0.0209
vn -0.9984 -0.0523 -0.0210
vn -0.9984 -0.0525 -0.0205
vn -0.9984 -0.0525 -0.0206
vn 0.9986 -0.0526 -0.0000
vn -0.9986 -0.0526 -0.0000
vn -0.0000 -0.0624 -0.9981
vn -0.0000 -0.3025 0.9532
vn -0.0000 -0.3024 0.9532
vn -0.0000 -0.9971 -0.0767
vn -0.9252 -0.0000 0.3796
vn -0.0000 -0.9899 -0.1414
vn -0.0000 -0.2414 -0.9704
vn -0.0000 -0.2425 -0.9701
vn -0.9823 -0.0000 0.1871
vn -0.0000 -0.9968 0.0797
vn 0.9968 -0.0000 -0.0797
vn -0.9724 -0.0000 0.2334
vn -0.5070 -0.8619 -0.0000
vn -0.5070 -0.8619 -0.0064
vn -0.5069 -0.8620 -0.0000
vn -0.5070 -0.8619 0.0001
vn -0.8944 -0.4472 -0.0000
vn 0.9867 -0.0000 0.1625
vn 0.9974 -0.0000 0.0721
vn 0.9999 -0.0000 -0.0132
vn 0.9899 -0.0000 -0.1414
vn 0.9445 -0.0000 -0.3285
vn 0.7779 -0.0000 -0.6283
vn 0.1521 -0.0000 -0.9884
vn -0.5408 -0.0000 -0.8412
vn -0.8025 -0.0000 -0.5967
vn -0.8976 -0.0000 -0.4409
vn -0.9487 -0.0000 -0.3162
vn -0.9708 -0.0000 -0.2397
vn -0.9867 -0.0000 -0.1625
vn -0.9974 -0.0000 -0.0721
vn -0.9999 -0.0000 0.0132
vn -0.9899 -0.0000 0.1414
vn -0.9444 -0.0000 0.3287
vn -0.9445 -0.0000 0.3285
vn -0.7779 -0.0000 0.6284
vn -0.7780 -0.0000 0.6283
vn -0.1521 -0.0000 0.9884
vn 0.5408 -0.0000 0.8412
vn 0.8025 -0.0000 0.5967
vn 0.8976 -0.0000 0.4409
vn 0.9487 -0.0000 0.3162
vn 0.9708 -0.0000 0.2397
vn -0.0000 0.9975 -0.0701
vn -0.0000 -0.9975 0.0707
vn -0.0000 -0.0701 -0.9975
vn -0.0000 -0.0702 -0.9975
vn -1.0000 -0.0000 -0.0001
vn 1.0000 -0.0000 0.0001
vn -0.0000 0.9992 -0.0393
vn -0.0000 0.9992 -0.0396
vn -0.0004 0.9992 -0.0392
vn 0.0003 0.9992 -0.0393
vn -0.0001 0.9992 -0.0391
vn -0.0000 0.9992 -0.0391
vn -0.0002 0.9992 -0.0394
vn -0.0002 0.9992 -0.0393
vn -0.0000 0.9992 -0.0394
vn -0.0000 0.9993 -0.0386
vn -0.0000 0.9992 -0.0390
vn -0.0000 0.9992 -0.0392
vn -0.0030 0.9992 -0.0390
vn 0.0010 0.9992 -0.0406
vn -0.0007 -0.9992 0.0389
vn -0.0000 -0.9992 0.0389
vn -0.0007 -0.9992 0.0390
vn -0.0001 -0.9992 0.0389
vn 0.0005 -0.9992 0.0391
vn -0.0000 -0.9992 0.0390
vn -0.0000 -0.9993 0.0385
vn 0.0042 -0.9992 0.0385
vn -0.0041 -0.9992 0.0401
vn -0.0000 -0.9992 0.0391
vn -0.0000 0.0312 0.9995
vn -0.0000 -0.0312 -0.9995
vn -0.0000 -0.0315 -0.9995
vn -0.0000 -0.0313 -0.9995
vn -0.0001 -1.0000 -0.0000
vn -1.0000 -0.0000 -0.0004
vn -1.0000 -0.0000 -0.0003
vn 1.0000 -0.0000 -0.0004
vn -0.0000 0.0100 0.9999
vn -0.0000 0.0101 0.9999
vn -0.0000 0.0100 1.0000
vn 0.3118 0.0088 0.9501
vn 0.3164 0.0095 0.9486
vn 0.3159 0.0095 0.9488
vn 0.3170 0.0095 0.9484
vn 0.4473 0.0112 0.8943
vn 0.4471 0.0112 0.8944
vn 0.4470 0.0112 0.8945
vn 0.4468 0.0112 0.8946
vn 0.7076 0.0106 0.7065
vn 0.7072 0.0104 0.7069
vn 0.7065 0.0106 0.7076
vn 0.7075 0.0106 0.7066
vn 0.7073 0.0106 0.7068
vn 0.8938 0.0112 0.4482
vn 0.8944 0.0109 0.4472
vn 0.8950 0.0112 0.4459
vn 0.8944 0.0112 0.4472
vn 0.8947 0.0112 0.4466
vn 0.9484 0.0111 0.3168
vn 0.9486 0.0111 0.3163
vn 0.9486 0.0109 0.3162
vn 0.9485 0.0111 0.3165
vn 0.9999 0.0100 -0.0000
vn 0.9487 0.0095 -0.3161
vn 0.8951 0.0111 -0.4457
vn 0.8946 0.0112 -0.4467
vn 0.8944 0.0112 -0.4472
vn 0.8944 0.0111 -0.4472
vn 0.8943 0.0112 -0.4474
vn 0.7075 0.0106 -0.7066
vn 0.7073 0.0106 -0.7068
vn 0.7074 0.0106 -0.7067
vn 0.7072 0.0105 -0.7069
vn 0.7070 0.0106 -0.7072
vn 0.4470 0.0112 -0.8945
vn 0.4472 0.0112 -0.8944
vn 0.4459 0.0111 -0.8950
vn 0.4478 0.0112 -0.8940
vn 0.3162 0.0111 -0.9486
vn 0.3159 0.0111 -0.9487
vn 0.3164 0.0111 -0.9486
vn -0.0001 0.0100 -1.0000
vn -0.0000 0.0100 -1.0000
vn -0.0000 0.0100 -0.9999
vn -0.0000 0.0102 -0.9999
vn -0.3164 0.0095 -0.9486
vn -0.3163 0.0095 -0.9486
vn -0.3118 0.0088 -0.9501
vn -0.4473 0.0112 -0.8943
vn -0.4470 0.0112 -0.8945
vn -0.4471 0.0112 -0.8944
vn -0.4459 0.0111 -0.8950
vn -0.7072 0.0104 -0.7069
vn -0.7073 0.0106 -0.7068
vn -0.7071 0.0106 -0.7070
vn -0.7075 0.0106 -0.7066
vn -0.7074 0.0106 -0.7067
vn -0.8944 0.0112 -0.4472
vn -0.8939 0.0112 -0.4480
vn -0.8951 0.0112 -0.4457
vn -0.8944 0.0109 -0.4472
vn -0.8949 0.0112 -0.4461
vn -0.9487 0.0111 -0.3159
vn -0.9484 0.0111 -0.3168
vn -0.9486 0.0109 -0.3162
vn -0.9486 0.0111 -0.3162
vn -0.9509 0.0111 -0.3092
vn -1.0000 0.0100 -0.0000
vn -0.9487 0.0095 0.3161
vn -0.8946 0.0112 0.4467
vn -0.8944 0.0112 0.4472
vn -0.8987 0.0113 0.4384
vn -0.8944 0.0111 0.4472
vn -0.8942 0.0112 0.4474
vn -0.8938 0.0112 0.4482
vn -0.7072 0.0105 0.7069
vn -0.7075 0.0106 0.7066
vn -0.7076 0.0106 0.7065
vn -0.7073 0.0106 0.7068
vn -0.7065 0.0106 0.7076
vn -0.4474 0.0112 0.8943
vn -0.4472 0.0112 0.8944
vn -0.4469 0.0112 0.8945
vn -0.3164 0.0111 0.9485
vn -0.3162 0.0111 0.9486
vn -0.3162 0.0110 0.9486
vn 0.4961 -0.8682 -0.0000
vn 0.6178 -0.0000 0.7863
vn -0.9545 -0.2983 -0.0000
vn 0.0001 -1.0000 -0.0000
vn 0.0064 -0.9916 0.1289
vn 0.0065 -0.9916 0.1289
vn 0.0143 -0.9586 0.2843
vn 0.0142 -0.9587 0.2842
vn 0.0264 -0.8482 0.5290
vn 0.0264 -0.8482 0.5291
vn 0.0442 -0.4675 0.8829
vn 0.0441 -0.4675 0.8829
vn 0.0442 0.4674 0.8830
vn 0.0441 0.4673 0.8830
vn 0.0265 0.8482 0.5290
vn 0.0142 0.9587 0.2842
vn 0.0142 0.9586 0.2843
vn 0.0065 0.9916 0.1289
vn 0.0064 0.9916 0.1289
vn -0.0064 0.9916 -0.1289
vn -0.0067 0.9916 -0.1288
vn -0.0142 0.9586 -0.2843
vn -0.0141 0.9587 -0.2841
vn -0.0000 0.9701 -0.2425
vn -0.0265 0.8482 -0.5290
vn -0.0265 0.8482 -0.5291
vn -0.0441 0.4675 -0.8829
vn -0.0441 -0.4673 -0.8830
vn -0.0440 -0.4676 -0.8829
vn -0.0264 -0.8482 -0.5290
vn -0.0265 -0.8482 -0.5290
vn -0.0143 -0.9587 -0.2842
vn -0.0142 -0.9587 -0.2841
vn -0.0142 -0.9586 -0.2842
vn -0.0064 -0.9916 -0.1289
vn -0.0065 -0.9916 -0.1289
vn 0.9989 -0.0000 -0.0468
vn -0.9989 -0.0000 0.0468
vn 0.0125 -0.9917 0.1282
vn 0.0128 -0.9917 0.1283
vn 0.0207 -0.9587 0.2837
vn 0.0212 -0.9588 0.2833
vn 0.0524 -0.8488 0.5262
vn 0.0526 -0.8488 0.5261
vn 0.0901 -0.4701 0.8780
vn 0.0899 -0.4701 0.8780
vn 0.0662 0.4700 0.8802
vn 0.0660 0.4699 0.8802
vn 0.0539 0.8488 0.5260
vn 0.0534 0.8488 0.5260
vn 0.0284 0.9588 0.2826
vn 0.0283 0.9588 0.2828
vn 0.0104 0.9916 0.1286
vn 0.0096 0.9917 0.1285
vn -0.0131 0.9913 -0.1310
vn -0.0129 0.9913 -0.1312
vn -0.0207 0.9608 -0.2765
vn -0.0205 0.9609 -0.2761
vn -0.0515 0.8496 -0.5250
vn -0.0525 0.8498 -0.5246
vn -0.0921 0.4245 -0.9007
vn -0.0924 0.4240 -0.9010
vn -0.0677 -0.4245 -0.9029
vn -0.0677 -0.4248 -0.9027
vn -0.0540 -0.8499 -0.5241
vn -0.0538 -0.8498 -0.5244
vn -0.0276 -0.9608 -0.2759
vn -0.0277 -0.9611 -0.2749
vn -0.0098 -0.9913 -0.1313
vn -0.9963 -0.0000 0.0863
vn -0.0010 -1.0000 -0.0000
vn -0.0000 -0.9916 0.1293
vn -0.0000 -0.9585 0.2850
vn -0.0000 -0.8575 0.5145
vn -0.0000 -0.4258 0.9048
vn -0.0000 0.4258 0.9048
vn -0.0000 0.8575 0.5145
vn -0.0000 0.9585 0.2849
vn -0.0000 0.9586 0.2848
vn -0.0000 0.9916 0.1293
vn 0.0004 1.0000 -0.0000
vn -0.0000 0.9916 -0.1294
vn -0.0000 0.9916 -0.1293
vn -0.0000 0.9586 -0.2848
vn -0.0000 0.9585 -0.2850
vn -0.0000 0.8575 -0.5145
vn -0.0000 0.4258 -0.9048
vn -0.0000 -0.4258 -0.9048
vn -0.0000 -0.8575 -0.5145
vn -0.0000 -0.9585 -0.2850
vn -0.0000 -0.9916 -0.1293
vn -0.0000 0.0701 0.9975
vn 0.0468 -0.0000 0.9989
vn -0.0546 -0.0000 -0.9985
vn -0.9985 -0.0002 0.0546
vn 0.9985 0.0002 -0.0546
vn 0.6644 -0.0000 0.7474
vn -0.0879 -0.0000 -0.9961
vn -0.9778 0.0005 0.2094
vn -0.9783 -0.0000 0.2072
vn -0.9777 -0.0000 0.2101
vn 0.9780 0.0002 -0.2087
vn 0.0322 -0.0000 0.9995
vn 0.0322 0.0005 0.9995
vn -0.9776 -0.0000 0.2104
vn -0.9779 -0.0002 0.2092
vn 0.9781 0.0001 -0.2080
vn 0.0004 -1.0000 -0.0000
vn 0.1961 -0.0000 0.9806
vn -0.2112 -0.0000 -0.9774
vn -0.9777 -0.0003 0.2100
vn -0.9777 0.0003 0.2101
vn 0.2039 -0.0000 0.9790
vn 0.9775 -0.0000 -0.2111
vn -0.2112 0.0006 -0.9774
vn 0.2039 -0.0006 0.9790
vn 0.9775 -0.0004 -0.2111
vn 0.2039 -0.0005 0.9790
vn -0.9777 -0.0000 0.2099
vn 0.9775 -0.0006 -0.2111
vn -0.0000 0.3162 -0.9487
vn -0.0000 0.3162 0.9487
vn -0.0000 -0.5487 0.8360
vn 0.8944 -0.4472 -0.0000
vn -0.7071 -0.0000 -0.7071
vn -0.7071 -0.0000 0.7071
vn 0.7071 -0.0000 0.7071
vn 0.7071 -0.0000 -0.7071
vt -0.663621 -0.491904
vt -0.662683 -0.445861
vt -0.651956 -0.491988
vt -0.597169 -0.492392
vt -0.568851 -0.485988
vt -0.567261 -0.492614
vt -0.573772 -0.465562
vt 0.194705 -0.454267
vt 0.188107 -0.480203
vt 0.183535 -0.498168
vt 0.223922 -0.480573
vt 0.231012 -0.453731
vt 0.240276 -0.453597
vt 0.234388 -0.480681
vt 0.274767 -0.481095
vt 0.274406 -0.498842
vt 0.243216 -0.440103
vt 0.275598 -0.440341
vt 0.406799 -0.435301
vt 0.403099 -0.525436
vt 0.376109 -0.523764
vt -0.389852 -0.476311
vt -0.417232 -0.256378
vt 0.419656 -0.121893
vt -0.450129 0.007821
vt 0.361587 0.036724
vt 0.419940 0.038802
vt 0.424369 -0.006947
vt 0.439141 -0.527669
vt 0.440223 -0.499540
vt 0.442744 -0.527892
vt -0.380646 -0.550278
vt 0.442751 -0.434020
vt 0.449290 -0.264271
vt 0.478595 -0.566940
vt 0.446213 -0.567003
vt 0.511653 -0.241716
vt 0.508805 -0.242173
vt 0.540639 -0.570946
vt 0.552303 -0.570924
vt 0.498245 -0.133101
vt 0.483969 0.014267
vt 0.495909 -0.109012
vt 0.527255 -0.239208
vt 1.432634 -0.093701
vt 1.418948 0.047559
vt 1.439167 -0.161185
vt 0.607090 -0.570817
vt 0.636999 -0.570758
vt 1.387794 -0.569298
vt 1.478666 -0.569121
vt 0.030314 1.114983
vt 0.061131 1.064674
vt 0.060894 1.110683
vt 0.013502 0.972232
vt 0.002523 0.976931
vt 0.002895 0.909060
vt 0.015199 0.887747
vt 0.005134 0.498789
vt 0.022996 0.499612
vt 0.064016 0.501500
vt 0.062457 0.805889
vt 0.010579 1.117758
vt 0.001747 1.119000
vt 0.012258 -0.179542
vt 0.000076 -0.174327
vt -0.000525 -0.064630
vt 0.002832 0.082996
vt -0.000657 -0.040403
vt -0.001334 0.083582
vt 0.048225 -0.502849
vt 0.001882 -0.504982
vt 0.132601 -2.948358
vt 0.132632 -2.956631
vt 0.132731 -2.956628
vt 0.012306 0.640910
vt 0.001962 0.628080
vt -0.000252 0.631068
vt 0.010438 0.643366
vt 0.099482 0.639038
vt 0.045312 0.597202
vt 0.033469 0.607317
vt 0.083440 0.644016
vt 0.088883 0.648013
vt 1.797523 -0.899682
vt 2.637354 -1.511456
vt 2.638932 -1.618478
vt 0.269283 0.390331
vt 0.024325 0.600602
vt 2.639315 -1.644083
vt 2.670474 -1.670840
vt 2.655794 -1.524889
vt 2.738979 -1.595311
vt 2.750418 -1.604991
vt 2.729466 -1.629255
vt 2.683743 -1.682224
vt -0.004918 0.625700
vt 0.018700 0.605431
vt -0.118141 -1.206496
vt -0.118155 -1.560492
vt -0.118159 -1.560905
vt -0.125282 -1.560979
vt -0.118130 -0.827412
vt -0.113506 -0.353093
vt -0.112999 -0.301478
vt -0.112757 -0.276642
vt -0.102148 -0.277881
vt -0.101839 -1.560736
vt -0.101795 -1.560392
vt -0.037722 -0.336755
vt -0.037577 -0.285420
vt -0.037315 -0.285450
vt -0.500020 -3.666097
vt -0.429990 -3.663993
vt -0.432878 -3.628309
vt -0.467092 -3.205405
vt -0.480527 -3.039366
vt -0.481091 -3.032385
vt -0.476671 -2.884554
vt -0.470720 -2.885134
vt -0.373602 -2.815371
vt -0.373505 -2.815381
vt -0.373503 -2.815369
vt -0.396991 -3.631438
vt -0.397905 -3.663030
vt 1.085877 1.421866
vt -0.962276 1.479047
vt -1.227546 1.486453
vt 1.286677 1.026974
vt 1.286677 1.416260
vt 1.430472 1.746498
vt 1.310703 1.823573
vt 1.286677 1.839036
vt 1.286677 1.792680
vt 1.286677 1.947867
vt 1.309644 1.990728
vt 1.421226 2.198978
vt 1.286677 2.202735
vt 1.085877 1.808544
vt 0.081881 1.834005
vt 0.081881 1.646515
vt 1.085877 1.618485
vt -0.962276 1.675665
vt -0.861533 2.222046
vt -0.962276 2.263481
vt -0.962276 2.265521
vt -1.901993 2.291756
vt -1.852828 1.959895
vt -1.811898 1.683638
vt -1.798137 1.590729
vt 1.607956 2.167493
vt 1.607956 2.108961
vt 1.612172 2.110085
vt 1.624731 2.113433
vt 1.624462 2.139234
vt 1.624432 2.142034
vt 1.622785 2.193351
vt 1.607956 2.193765
vt -0.871916 2.262998
vt 1.286677 1.743302
vt 1.286677 1.730850
vt 1.286677 1.427879
vt 1.600558 0.969613
vt 1.607956 1.015038
vt 1.607956 1.688360
vt 1.607956 1.689493
vt 1.124473 1.735379
vt -1.841641 1.523976
vt -1.834723 1.561117
vt -1.860613 1.556853
vt -1.856764 1.525294
vt -1.841876 1.522728
vt 1.286677 1.868687
vt 1.607956 0.974730
vt 1.636654 0.973929
vt 1.633619 1.264026
vt 1.629501 1.657378
vt 1.629212 1.685031
vt 1.614848 1.687280
vt 1.594156 0.930293
vt 1.607956 0.927913
vt 1.624751 2.111356
vt -1.733584 1.504056
vt -1.960051 2.372025
vt -1.951781 2.371794
vt -1.960051 2.372036
vt 1.428476 2.061143
vt 1.592976 2.125844
vt 1.411397 2.017949
vt 1.292718 1.947428
vt 1.404174 2.155785
vt 1.592188 2.150691
vt 0.071198 1.602013
vt 0.071198 1.641339
vt 1.073443 1.692835
vt 1.073443 1.574858
vt -0.971137 2.220142
vt -0.880935 2.217698
vt -0.770688 1.782126
vt -0.730598 1.623737
vt -0.971137 1.630254
vt 1.073443 1.378228
vt 1.273892 1.687404
vt 1.273892 1.372797
vt 1.273892 1.748025
vt 1.413359 1.703288
vt 1.594610 1.645147
vt 1.594610 0.872272
vt 1.273892 0.927035
vt -1.801640 1.456126
vt -1.818827 1.522501
vt -1.922037 1.921067
vt -1.958720 2.062728
vt -1.964221 2.099858
vt -1.982166 2.247535
vt -0.971137 1.433624
vt -1.938494 1.926311
vt -1.877195 1.512834
vt -1.869933 1.463838
vt -1.887301 1.466802
vt -1.829128 1.456871
vt 1.632894 0.865734
vt 1.601975 0.871014
vt 1.609644 1.599656
vt 1.273892 1.912230
vt 1.273892 2.159315
vt 1.273892 1.793054
vt 1.293760 1.780265
vt 1.273892 1.817616
vt 1.594610 2.066988
vt 1.594610 2.074203
vt 0.020141 0.640026
vt 0.019709 0.635143
vt 0.019709 0.640026
vt 0.019709 -6.197437
vt 0.003769 -6.201014
vt 0.003769 -2.021107
vt 0.003769 0.622998
vt 0.004931 0.634953
vt 0.005421 0.640026
vt 0.003769 -6.232709
vt 0.003769 -6.204695
vt 0.019709 -6.200503
vt 0.019709 -6.239857
vt 0.005412 -6.239857
vt 0.003769 -6.239857
vt 0.003769 0.635062
vt 0.026489 -0.672289
vt 0.019060 -0.732796
vt 0.018627 -0.732798
vt 0.004334 -0.732842
vt 0.011524 -0.670451
vt 0.024689 -0.042372
vt 0.076634 0.380683
vt 0.076668 0.287917
vt 0.032961 -0.068047
vt 0.001393 -0.325150
vt 0.001110 -0.234412
vt 0.076827 -0.104250
vt 0.077055 -0.678497
vt 0.000450 -0.024274
vt 0.036132 -0.068439
vt 0.001477 -0.350680
vt -5.368526 0.404488
vt -5.250642 0.330695
vt -5.223877 0.313940
vt -5.223877 0.361357
vt -6.223185 0.462313
vt -6.223166 0.460235
vt -6.010391 0.488126
vt -6.223447 0.488128
vt 0.635746 -0.099750
vt 0.636056 -0.072825
vt 0.611427 -0.072760
vt 0.611394 -0.072760
vt 0.603574 -0.072760
vt 0.635498 -0.677854
vt 0.640381 -0.677854
vt 0.640381 -0.103639
vt -2.020752 -0.072733
vt -2.020752 -0.387579
vt -2.020752 -0.677827
vt -5.223877 0.006010
vt -5.331375 0.006011
vt -5.499174 0.006013
vt -5.646049 0.006015
vt -5.772578 0.006016
vt -6.007444 0.006018
vt -6.218545 0.006020
vt -6.214540 -0.387537
vt -5.223877 -0.387547
vt -5.775525 0.488123
vt -5.550005 0.458604
vt -5.223877 0.415916
vt -5.223877 0.488118
vt -5.249617 0.163433
vt -5.366599 0.089643
vt -5.223877 0.385527
vt 0.509432 0.381362
vt 0.615752 0.305969
vt 0.640381 0.288506
vt 0.640381 0.381267
vt -5.547421 0.035530
vt -6.223995 0.542242
vt -6.223475 0.490929
vt -5.223877 0.542232
vt -6.225140 0.542242
vt -5.223877 0.212998
vt -6.218826 0.033688
vt -2.020752 0.383201
vt -5.223877 0.280347
vt -5.206186 0.247064
vt -4.868838 -0.387550
vt -6.211588 -0.677785
vt 0.640026 -0.350229
vt 0.639578 -0.349919
vt 0.639878 -0.324606
vt 0.640026 -0.324710
vt -6.225695 0.015041
vt -6.239857 0.015041
vt -6.239857 0.044906
vt -6.237206 0.044557
vt -6.011676 0.015041
vt -6.141223 0.497148
vt -6.239847 0.467631
vt -6.239857 0.467629
vt -6.239857 0.497148
vt -5.224232 0.369216
vt -5.372809 0.413517
vt -5.554303 0.467631
vt -5.224232 0.424432
vt -5.224232 0.320518
vt -5.254916 0.339725
vt -5.224232 0.282013
vt -5.335611 0.015041
vt -5.253872 0.172464
vt -5.224232 0.229551
vt -5.224232 0.015041
vt -6.225208 0.000282
vt -6.232680 -0.729119
vt -6.232709 -0.732247
vt -6.239857 -0.732247
vt -6.212696 -0.378516
vt -5.776814 0.015041
vt -5.650281 0.015041
vt -5.503410 0.015041
vt -5.224232 -0.023952
vt -5.224232 -0.378516
vt -5.551657 0.044557
vt -5.370845 0.098672
vt -6.204695 -0.732247
vt -5.224232 0.497148
vt -5.779828 0.497148
vt -6.014689 0.497148
vt -6.239857 0.551262
vt -5.224232 0.551262
vt -2.021107 -0.023952
vt -2.021107 -0.234007
vt -2.021107 -0.378516
vt -6.239857 0.045348
vt 0.509077 -0.234007
vt 0.640026 -0.234007
vt 0.640026 -0.023952
vt -2.021107 -0.732247
vt -6.201014 -0.732247
vt 0.635062 -0.732247
vt 0.622998 -0.732247
vt -0.022131 -2.895991
vt -0.022558 -2.788715
vt -0.023369 -2.893203
vt -0.015770 0.374077
vt 0.023131 0.339149
vt 0.009545 0.329517
vt -0.046689 0.382383
vt -0.034684 0.391059
vt -2.421547 -1.335003
vt -1.793005 -0.948491
vt -2.798299 -1.661231
vt -2.832372 -1.632089
vt 0.229647 -0.112834
vt 0.224809 0.828097
vt 0.231381 0.516083
vt 0.244601 -0.111329
vt 1.591272 4.422534
vt 1.609214 4.318032
vt 1.598708 4.605350
vt 1.560363 4.602540
vt 1.627411 3.820171
vt 1.626951 3.832933
vt 1.626855 3.835375
vt 1.581211 3.833570
vt 1.581345 3.829590
vt 1.581549 3.823590
vt 1.218575 0.647063
vt 1.212806 0.611567
vt 1.229340 0.608769
vt 1.229340 0.644997
vt -2.160985 1.269098
vt -0.290321 0.936665
vt -2.155920 1.294728
vt 1.020964 1.797284
vt 1.064141 1.568043
vt 1.045549 1.745571
vt 1.091767 1.304296
vt -2.022703 1.375020
vt -2.179610 1.378583
vt -2.167570 1.296965
vt 1.229340 1.301172
vt -2.162402 1.261923
vt -2.266771 1.969411
vt -2.332069 1.970894
vt -2.285328 1.685105
vt -2.210805 1.590044
vt -2.032202 1.964085
vt -2.076972 1.965101
vt -0.980902 0.982836
vt -2.175230 1.196997
vt -2.206410 1.202588
vt -2.204337 1.189894
vt 1.229340 1.358933
vt -2.172615 1.210238
vt -2.206811 1.205017
vt -2.260605 1.113389
vt -2.231127 1.108126
vt -2.135306 1.091017
vt -2.018211 1.070111
vt -1.756683 1.023417
vt -2.259635 1.107423
vt 1.165442 0.628495
vt 1.165442 1.216394
vt 1.165442 1.766895
vt 1.188797 1.528268
vt 1.211397 0.587266
vt 1.165442 0.588254
vt -2.026581 1.952373
vt -2.130962 1.954616
vt -2.131001 1.954777
vt -2.261254 1.117347
vt -2.228309 1.122445
vt -2.070348 1.285915
vt -2.048431 1.285444
vt 1.104320 1.217707
vt 1.158085 0.583097
vt -0.738685 0.918697
vt -1.374487 1.031192
vt -1.654189 1.080680
vt -2.216921 1.180247
vt -2.195579 1.288606
vt -2.217526 1.177174
vt -2.234042 1.289432
vt 1.041434 1.807939
vt 1.116922 1.806317
vt 1.165442 1.805275
vt -2.360443 1.881029
vt -2.320951 1.880180
vt -2.312528 1.822923
vt -2.291468 1.679764
vt -2.079937 1.875002
vt -2.074292 1.528168
vt 1.165442 0.535349
vt 1.150749 0.537804
vt 0.079617 0.635143
vt 0.079617 -2.021107
vt 0.079617 -6.239857
vt 0.054325 -6.239857
vt 0.054325 0.635143
vt -0.497669 0.518276
vt -0.273060 0.488867
vt 0.176159 0.430050
vt 0.176159 0.518276
vt 0.633784 -0.662971
vt 0.634876 -0.514334
vt 0.629312 -0.508961
vt 0.627318 -0.662971
vt -0.273060 0.067344
vt -0.497669 0.037935
vt -0.371603 0.037935
vt -0.092396 0.121259
vt -0.230741 0.037935
vt 0.029675 0.194781
vt -0.043854 0.037935
vt -2.021107 -0.728506
vt 0.633317 -0.726689
vt -2.021107 -0.662971
vt 0.176159 0.048963
vt 0.068737 0.278105
vt 0.176159 0.037935
vt -0.092396 0.434951
vt 0.176159 0.354805
vt 0.635143 0.037935
vt 0.635143 0.233461
vt 0.176159 0.233461
vt -0.956654 0.488867
vt -0.732044 0.518276
vt -0.858110 0.518276
vt 0.635129 -0.060094
vt 0.635143 -0.059024
vt -0.732044 0.037935
vt -2.021107 0.037935
vt -2.021107 -0.035587
vt 0.635143 -0.060094
vt 0.635143 -0.514590
vt 0.635143 -0.726689
vt -2.021107 -0.733551
vt 0.635143 -0.733551
vt -2.021107 0.518276
vt -1.796497 0.518276
vt -1.411041 0.518276
vt -1.185860 0.518276
vt -0.998973 0.518276
vt 0.176159 0.552586
vt -2.021107 0.552586
vt -1.137318 0.434951
vt -0.956654 0.067344
vt -2.021107 0.206714
vt -1.137318 0.121259
vt -2.021107 0.385011
vt -1.259388 0.361430
vt -1.259388 0.194781
vt 0.029675 0.361430
vt 0.176159 0.273204
vt -1.298450 0.278105
vt -6.239857 -0.733551
vt -6.239857 -0.035587
vt -2.020767 -0.041893
vt -2.020767 0.031628
vt -0.731705 0.031615
vt -0.497330 0.031613
vt -0.371264 0.031612
vt -0.230401 0.031610
vt -0.043514 0.031609
vt 0.176498 0.031606
vt 0.257918 0.031606
vt 0.624840 -0.333981
vt 0.629785 -0.338909
vt 0.635483 -0.344588
vt 0.635483 -0.669304
vt -2.020767 -0.669277
vt -0.272720 0.061019
vt -6.210392 -0.041851
vt -6.216672 0.270149
vt -6.186698 -0.041851
vt 0.176498 0.042635
vt 0.176498 0.178336
vt 0.631511 0.178348
vt 0.629599 0.031602
vt -6.126435 -0.669236
vt -6.197770 -0.669235
vt -0.092056 0.114933
vt -2.020767 0.378704
vt -1.136978 0.114944
vt -0.956314 0.061026
vt -2.020767 0.200407
vt 0.176498 0.348477
vt -0.092056 0.428625
vt -0.272720 0.482543
vt 0.176498 0.423721
vt -0.731705 0.511956
vt -0.956314 0.482550
vt -0.857771 0.511958
vt -1.136978 0.428636
vt -0.998633 0.511959
vt -1.259048 0.355116
vt -1.185520 0.511961
vt 0.030014 0.188454
vt 0.069077 0.271778
vt 0.176498 0.546257
vt 0.176498 0.511947
vt -0.497330 0.511954
vt -1.410702 0.511963
vt -1.796158 0.511967
vt -2.020767 0.511969
vt -2.020767 0.546279
vt 0.628321 -0.066420
vt 0.631105 -0.066427
vt 0.631806 -0.066429
vt -1.259048 0.188467
vt 0.176498 0.266875
vt 0.030014 0.355103
vt -1.298111 0.271792
vt -6.239517 0.507989
vt -6.239517 0.546322
vt -3.973892 0.546299
vt 0.006048 -0.203173
vt 0.005790 -0.205500
vt -0.018634 -0.203144
vt -0.023249 -0.202706
vt -0.536988 -0.153181
vt 0.005738 -0.206254
vt 0.005704 -0.206254
vt -7.394802 0.388205
vt -7.394525 0.391371
vt -3.455861 0.050144
vt -0.023250 -0.247233
vt -0.023250 -0.250427
vt -0.018924 -0.206244
vt -7.431193 0.391353
vt -7.424750 0.446103
vt -7.389750 0.446226
vt -2.934360 -15.788222
vt -2.989319 -15.794751
vt -2.938549 -14.957856
vt 0.005872 0.434501
vt 0.052349 0.058594
vt 0.055441 0.058594
vt 0.051287 0.668945
vt 0.005853 0.668945
vt 3.826021 0.023127
vt 2.570749 0.022564
vt 1.629295 0.022142
vt 0.349482 0.021569
vt 0.349506 -0.588790
vt 0.895024 -0.588546
vt 7.702466 -0.585495
vt 7.703074 -0.577262
vt 7.747597 0.024884
vt 7.792877 -0.487797
vt 7.804719 -0.503516
vt 8.354318 0.025156
vt 8.307735 0.025135
vt 0.894833 -0.589974
vt -5.860225 0.668945
vt -4.919148 0.668945
vt -3.667884 0.668945
vt -3.558971 0.668945
vt 0.911002 0.668945
vt 0.912290 0.636024
vt 0.326122 0.039060
vt 0.289591 0.039155
vt -7.110091 0.058532
vt -7.110091 0.417168
vt -7.110091 0.668945
vt -3.667884 0.673828
vt -3.667884 0.742188
vt -3.558971 0.742188
vt -7.134814 0.434501
vt -7.134977 0.668945
vt 3.434933 0.688883
vt 7.065824 0.374390
vt 7.059801 0.305124
vt 1.639507 0.779034
vt 0.002316 0.936781
vt -0.002758 0.937267
vt -0.002653 0.938364
vt 0.001867 0.986229
vt -1.413113 -5.573659
vt -1.418913 -5.726089
vt -1.421382 -5.791139
vt -1.490911 -5.794355
vt -1.482738 -5.577518
vt -1.384426 -5.170371
vt -1.384426 -5.162548
vt -1.351303 -5.167182
vt -1.363582 -5.515027
vt -1.384422 -5.525319
vt -1.408914 -5.120186
vt -1.384426 -5.117376
vt -1.408694 -5.167252
vt -1.385303 -5.572117
vt -1.467003 -5.159758
vt -1.384422 -5.572068
vt -1.385896 -5.585767
vt -1.391935 -5.724841
vt -1.464161 -5.084425
vt -1.409096 -5.081881
vt 0.054602 0.078738
vt 0.053443 0.078592
vt 0.053501 0.078125
vt 0.054602 0.078125
vt 0.005453 0.458071
vt 0.005453 0.141602
vt 0.005453 0.078125
vt 0.046637 0.742123
vt 0.049940 0.715399
vt 0.049748 0.742123
vt 0.357191 -0.569566
vt 0.352094 -0.569630
vt 0.352094 -0.570243
vt 0.357191 -0.570238
vt 0.793161 -0.506559
vt 0.873305 0.092644
vt 0.357191 0.093754
vt 0.357191 0.063181
vt 0.357191 -0.506763
vt 7.363823 -0.082707
vt 7.509231 -0.146967
vt 7.617149 0.038632
vt 7.538663 0.097190
vt 7.377610 0.097115
vt 7.676013 0.097254
vt 7.562457 -0.315166
vt 7.714045 -0.001589
vt 7.695635 -0.019925
vt 7.597528 -0.185989
vt 7.450366 -0.356959
vt 7.343612 -0.346382
vt 3.805671 0.095444
vt 3.805671 0.004133
vt 2.001949 -0.568341
vt 2.053546 -0.505970
vt 0.873496 0.094072
vt 3.805671 -0.505150
vt 7.450366 -0.503445
vt 0.352535 0.067039
vt 0.352554 0.093764
vt -7.130969 0.141602
vt -7.130969 0.457764
vt -7.130969 0.742123
vt -3.685258 0.733101
vt -3.685258 0.141602
vt -3.685258 0.080485
vt -7.131419 0.078125
vt -7.131419 0.141602
vt -7.131419 0.458071
vt 0.235653 0.654862
vt 0.053850 0.278389
vt -0.040517 0.082982
vt 0.268436 0.722749
vt 0.055216 -5.984880
vt 0.080991 -3.052801
vt 0.112385 0.519021
vt 0.086496 0.814920
vt 0.085832 0.822516
vt 0.089140 7.900016
vt 0.089213 7.776454
vt 0.089801 7.900025
vt 0.113803 0.680069
vt 0.115007 0.817415
vt 3.429989 0.622232
vt -0.004644 0.939285
vt -0.001491 0.957167
vt 0.002987 0.982563
vt 7.064229 0.364371
vt 7.062559 0.342073
vt 7.058448 0.287290
vt -0.004910 0.939313
vt -0.003289 0.957484
vt 1.510106 5.946076
vt 1.487772 5.947099
vt 1.487408 5.956721
vt 1.509531 5.950632
vt 1.480120 6.209841
vt 1.468642 6.216397
vt 1.455658 6.566535
vt 1.480117 6.570597
vt 1.564979 5.943563
vt 1.482571 6.164282
vt 1.557261 6.160075
vt 1.539163 6.652389
vt 1.538273 6.673862
vt 1.538933 6.673832
vt 1.539699 6.652365
vt 1.480117 6.592884
vt 1.480116 6.655101
vt 1.480121 6.164420
vt 0.013343 0.742185
vt -0.009680 0.742188
vt -0.010264 0.742188
vt -0.010264 0.470741
vt 0.053215 0.141602
vt 0.053215 0.289674
vt 0.040444 0.141602
vt 0.034969 0.078125
vt 0.053215 0.078125
vt 7.664979 1.134169
vt 7.679451 1.115047
vt 7.779287 1.114745
vt 7.788545 1.134120
vt 0.380917 0.684299
vt 0.380649 0.684554
vt 0.380649 0.536480
vt 0.380917 0.536480
vt 7.567023 0.670440
vt 3.829972 1.126662
vt 3.829972 0.535105
vt 3.829972 0.473990
vt 7.473665 0.475031
vt 0.380917 1.137068
vt 0.380649 0.473002
vt 0.380917 0.473002
vt 0.088612 -3.094430
vt 0.088418 -2.745535
vt 0.076709 -3.059127
vt 0.004001 -3.042113
vt 0.007830 -3.038274
vt 0.003912 -2.933207
vt 8.011395 -0.168189
vt 8.011381 -0.168186
vt 8.011408 -0.168036
vt 7.999311 -0.269172
vt 8.001350 -0.246242
vt 8.002040 -0.246364
vt 4.573565 0.130869
vt 4.849873 0.106849
vt 8.004624 -0.206505
vt 4.569988 0.110582
vt 0.736602 0.464489
vt 0.607804 0.475686
vt 0.637141 0.473128
vt 0.632716 0.414178
vt 0.604545 0.419145
vt 7.999257 -0.269753
vt 7.999243 -0.269751
vt 8.004785 -0.246838
vt 8.002829 -0.270064
vt 3.021208 14.536853
vt 3.021202 15.340551
vt 3.075899 14.494012
vt 3.077670 14.466724
vt 3.021208 14.473443
vt 3.020589 15.350079
vt 2.999639 14.541435
vt 3.020005 15.350147
vt 0.107029 0.113704
vt 0.107086 0.112638
vt 0.106646 0.210295
vt 0.105842 0.389658
vt 0.091674 0.381362
vt 0.004683 0.210339
vt 0.004731 0.112691
vt 0.028032 0.112679
vt 0.036523 0.210325
vt 0.049236 0.356511
vt 0.004625 0.330392
vt 0.106933 0.112638
vt -7.293397 0.613000
vt -7.419279 0.691056
vt -7.588277 0.795847
vt -7.588277 0.707157
vt -7.588277 0.698090
vt -6.423442 0.978401
vt -6.244952 0.925516
vt -5.990288 0.850059
vt -5.990288 0.922128
vt -7.411812 0.852942
vt -7.290272 0.928356
vt -7.160661 1.008777
vt -7.338921 1.008774
vt -4.186422 0.432665
vt -0.349394 0.432741
vt -0.225829 0.432744
vt -0.186505 0.432744
vt 0.406777 1.036315
vt 0.413455 1.043108
vt 0.406461 1.043108
vt -3.863937 1.043023
vt -4.186422 1.043016
vt -7.117177 0.978311
vt -7.011596 1.008780
vt -5.416776 0.530296
vt -5.990288 0.574230
vt -5.990288 0.530285
vt -0.235078 0.413365
vt -0.205628 0.413289
vt -7.588277 0.622669
vt -7.635964 0.709612
vt -7.636826 0.530252
vt -7.588277 0.530253
vt -4.221539 1.043015
vt -4.492412 1.043010
vt -4.465309 0.457409
vt -4.463777 0.424350
vt -4.186422 0.423631
vt -6.210874 0.530281
vt -6.378976 0.530277
vt -6.530597 0.530274
vt -6.652410 0.530272
vt -6.892388 0.530267
vt -7.637295 0.432596
vt -6.382432 1.042972
vt -7.588277 1.042948
vt -7.588277 1.008769
vt -7.568488 1.008769
vt -6.887783 1.008783
vt -6.657331 1.008787
vt -5.990288 1.008801
vt -5.990288 1.042980
vt -0.334914 0.413625
vt -7.104108 0.558379
vt -6.241453 0.615960
vt -6.435452 0.558469
vt -7.453477 0.763875
vt -6.135513 0.857369
vt -5.990288 0.766937
vt -3.871783 1.116265
vt -4.220687 1.116258
vt -4.221482 1.047898
vt -6.127466 0.686980
vt -6.086122 0.764648
vt -5.990288 0.584745
vt -5.481549 0.473146
vt -5.746404 0.551627
vt -5.926316 0.604937
vt -5.481549 0.547147
vt -7.067131 0.634766
vt -6.953565 0.392807
vt -6.916875 0.314636
vt -7.079418 0.415440
vt -7.079418 0.634766
vt -7.079418 0.156250
vt -6.391125 0.156250
vt -6.153606 0.156250
vt -6.029299 0.156250
vt -5.880135 0.156250
vt -5.712261 0.156250
vt -5.481549 0.156250
vt -5.077850 0.156250
vt -5.077850 0.058594
vt -7.128432 0.058594
vt -7.134138 0.058594
vt -7.134152 0.058594
vt -7.137737 0.058603
vt -7.137234 0.156250
vt -5.932213 0.185015
vt -5.744781 0.240548
vt -0.058778 0.534151
vt 0.022766 0.498047
vt -0.036051 0.288086
vt -0.058778 0.290351
vt 0.848658 0.668945
vt 0.299281 0.140526
vt 0.287444 0.156250
vt 0.802095 0.668945
vt -3.677819 0.650878
vt -3.677819 0.733140
vt -0.058778 0.723665
vt 0.189415 0.058594
vt 0.170221 0.039473
vt 0.077443 0.039716
vt -0.058778 0.040071
vt -3.677819 0.049546
vt -3.677819 0.058594
vt -3.677819 0.668945
vt -7.123530 0.141602
vt -7.128432 0.141602
vt -7.128432 0.465083
vt -7.128432 0.742188
vt -5.077850 0.742188
vt -3.677819 0.742188
vt -3.677819 0.141602
vt -7.136612 0.276301
vt -7.079418 0.273418
vt -7.079418 0.247653
vt -7.134152 0.470741
vt -7.134152 0.742188
vt -7.134138 0.742188
vt 0.209021 0.625000
vt 0.225807 0.641725
vt 0.074825 0.325680
vt 0.110992 0.458984
vt 0.077443 0.723310
vt 0.170221 0.723066
vt 0.130598 0.683594
vt -5.481549 0.200195
vt -5.481549 0.196846
vt -5.586054 0.393128
vt -5.632761 0.480850
vt -5.481549 0.386677
vt -6.795120 0.239129
vt -7.079418 0.321169
vt -6.388813 0.634766
vt -6.613695 0.604904
vt -6.510195 0.634766
vt -6.793540 0.553014
vt -6.661733 0.634766
vt -6.913338 0.478714
vt -6.840267 0.634766
vt -0.036051 0.141602
vt -5.077850 0.169261
vt -6.155899 0.634766
vt -5.481549 0.634766
vt -6.607487 0.184982
vt -7.079418 0.668945
vt -6.788897 0.668945
vt -5.873664 0.668945
vt -5.481549 0.668945
vt -5.628898 0.312717
vt -5.077850 0.668945
vt -4.932588 0.668945
vt -2.096417 -2.442944
vt 0.846291 -2.442944
vt 0.846291 -2.499096
vt 0.833270 -2.499096
vt -2.083396 -2.499096
vt -2.096417 -2.499096
vt 0.365718 1.902534
vt 0.391760 1.980659
vt 0.464392 2.198452
vt 0.365718 2.231335
vt 0.521460 1.643668
vt 0.469376 1.669710
vt -1.458216 2.633506
vt -1.458216 2.303560
vt -0.548080 -1.039666
vt 0.832434 1.721259
vt 0.780859 1.669710
vt -1.458216 -0.569365
vt -1.458216 -1.039666
vt 0.884517 1.851468
vt 0.858475 1.773343
vt -0.079228 -1.039666
vt 0.884517 -1.039666
vt 0.833451 1.723345
vt 0.391251 1.774385
vt 0.365718 1.850959
vt 0.223099 2.278892
vt 0.122188 2.312512
vt 1.666784 7.710334
vt 1.666784 5.627000
vt 1.666784 1.797655
vt 2.708451 1.450441
vt 2.708451 8.960334
vt 1.666784 8.960334
vt 0.416784 2.030657
vt 0.417802 2.032742
vt 0.495520 2.188076
vt 0.469376 2.084291
vt 0.553757 2.168672
vt 0.522528 2.110867
vt 0.604366 2.151786
vt 0.599076 2.136375
vt 0.624863 2.144970
vt 0.650651 2.136375
vt 0.417802 1.721259
vt 0.416784 1.723345
vt -0.321232 2.460344
vt -0.416549 8.960334
vt -0.416549 7.710334
vt 0.780859 2.084291
vt 0.832434 2.032742
vt 2.708451 0.156699
vt 2.708451 1.120495
vt -2.166638 0.334339
vt -1.645805 0.334339
vt -0.604138 0.334339
vt -0.083305 0.334339
vt 0.554716 0.334339
vt 0.554716 0.663929
vt -2.804659 0.663929
vt -2.804659 0.334339
vt 0.728776 2.110333
vt 0.727708 1.643134
vt 0.651159 1.617627
vt -1.458216 0.914502
vt -1.458216 0.550173
vt 0.858984 1.979616
vt 0.884517 1.903042
vt 1.865403 -1.039666
vt 2.368587 -1.039666
vt 0.599585 1.617627
vt -1.458216 1.617627
vt 0.833451 2.030657
vt 2.708451 -1.039666
vt -0.416549 5.627000
vt -0.416549 2.492108
vt -1.458216 2.839322
vt -1.458216 8.960334
vt -1.458216 -1.664666
vt -1.458216 7.918667
vt -1.666549 7.918667
vt -1.666549 -1.664666
vt 2.916784 7.918667
vt 2.708451 7.918667
vt 2.708451 -1.664666
vt 2.916784 -1.664666
vt 0.445312 -2.419849
vt 0.447136 -2.198249
vt 0.099739 -2.198249
vt 0.101562 -2.419849
vt 0.095604 -1.694520
vt 0.210617 -1.694520
vt 0.200478 -0.439048
vt 0.085281 -0.439048
vt -0.038406 -0.439048
vt 0.198479 -0.191760
vt -0.701157 -0.191760
vt -0.647469 -0.439048
vt 0.599739 -2.198249
vt 0.601562 -2.419849
vt 0.752251 -2.419849
vt 0.795807 -2.198249
vt -0.054688 -2.419849
vt -0.052864 -2.198249
vt -0.217445 -2.419849
vt 0.894821 -1.694520
vt 0.332115 -1.694520
vt -0.119850 -2.869383
vt 0.637337 -2.866644
vt 0.664619 -2.865686
vt 1.006088 -1.386517
vt 0.701050 -2.864408
vt 0.703865 -2.864308
vt 1.190201 -0.191760
vt 0.350883 -0.191760
vt 0.656029 -2.867846
vt -0.104942 -2.894569
vt -0.123405 -2.809412
vt -0.127205 -2.791907
vt -0.054680 -2.791907
vt 0.670937 -2.791907
vt -0.053909 -2.699109
vt 0.100800 -2.699109
vt 0.446091 -2.699109
vt 0.600800 -2.699109
vt 0.689156 -2.699109
vt -0.035065 -0.429237
vt -0.049828 -2.207460
vt -0.128578 -2.791907
vt -0.364189 -1.994673
vt -0.699196 -0.429237
vt 0.324081 -2.073802
vt 0.326256 -1.898498
vt 0.344467 -0.429237
vt 1.134789 -0.429237
vt 0.811920 -2.073802
vt 0.216965 -2.073802
vt 0.215561 -1.898498
vt 0.347229 -0.206181
vt 0.202034 -0.206181
vt 0.201920 -0.191871
vt 0.347412 -0.191871
vt 0.450172 -2.207460
vt 0.096718 -2.207460
vt 0.729851 -2.491847
vt 0.596718 -2.207460
vt 0.785683 -2.207460
vt 0.095612 -2.073802
vt 0.081955 -0.429237
vt 1.194908 -0.429237
vt 1.181389 -0.191871
vt 1.243851 -0.191871
vt 1.250008 -0.191871
vt 1.201469 -0.429237
vt 0.706787 -2.848340
vt 0.703133 -2.866192
vt 0.692421 -2.866567
vt 0.887009 -1.922729
vt 0.203819 -0.429237
vt -0.690971 -0.191871
vt -0.749992 -0.191871
vt -1.446014 0.031739
vt -1.451149 0.063519
vt -0.551514 0.063519
vt -0.548210 0.002917
vt -0.548080 0.000568
vt -1.440971 0.000568
vt -0.402588 0.000568
vt -0.402458 0.002917
vt -0.399109 0.063519
vt 0.440208 0.063519
vt 0.435074 0.026890
vt 0.431389 0.000568
vt 0.493851 0.000568
vt 0.496284 0.017933
vt 0.500320 0.046647
vt 0.500008 0.000568
vt -1.499992 0.000568
vt -1.500153 0.023340
vt 0.566361 0.593812
vt -0.201831 0.620936
vt -0.196807 0.590870
vt 0.564651 0.582234
vt 0.611915 0.592205
vt 0.602654 0.592530
vt 0.601066 0.581820
vt 0.611785 0.581699
vt 0.608853 0.634336
vt 0.612449 0.633964
vt 0.612526 0.640108
vt 0.609708 0.640140
vt 0.545955 0.640859
vt 0.572888 0.638067
vt 0.573255 0.640552
vt -0.429488 0.755783
vt -0.187186 0.756197
vt -0.187320 0.802278
vt -1.407020 0.815152
vt -2.915597 0.810207
vt -2.915757 0.804034
vt -2.903736 0.766602
vt -2.898901 0.751549
vt -2.916851 0.762075
vt -2.917125 0.751519
vt -0.429046 0.756315
vt -2.029990 0.753150
vt -0.186369 0.779568
vt -0.186296 0.756795
vt 0.067904 0.021516
vt 0.066824 -0.036273
vt 0.072914 -0.035740
vt 0.053805 -0.733039
vt 0.053875 -0.729015
vt 0.001584 -0.725929
vt 0.001588 -0.733085
vt -0.551826 0.062500
vt -1.453056 0.062500
vt -1.448380 0.025295
vt -1.445198 -0.000000
vt -0.548538 -0.000000
vt -1.450706 -0.000000
vt -1.453117 0.019592
vt -1.499985 0.013687
vt -1.499985 -0.000000
vt 0.018627 -0.732804
vt 0.077675 -0.732617
vt 0.077669 -0.726481
vt 0.015668 -0.728501
vt 0.004323 -0.728869
vt 0.004324 -0.732849
vt 0.003375 0.466879
vt 0.003368 0.474100
vt 0.002345 0.467020
vt -1.453720 0.024464
vt 0.125015 0.040478
vt 0.436646 0.013485
vt 0.437386 0.020388
vt 0.441910 0.062500
vt 0.125015 0.062500
vt 0.000231 0.044606
vt 0.000320 0.014729
vt 0.002681 -0.732854
vt 0.003708 0.044673
vt 0.000228 0.045048
vt 0.003305 0.550588
vt -0.001361 0.551161
vt -0.001196 0.497027
vt -0.001103 0.467496
vt 0.014200 0.549251
vt -0.402046 -0.000000
vt 0.125015 -0.000000
vt -0.398758 0.062500
vt 0.457542 0.017422
vt 0.457047 0.011719
vt 0.500015 -0.000000
vt 0.500015 0.007998
vt 0.498665 0.008114
vt 0.054552 -0.692769
vt 0.055500 -0.733037
vt 0.080790 -0.733016
vt 0.079716 -0.035145
vt 0.000538 0.507767
vt 0.001304 0.546168
vt 0.000506 0.546098
vt -1.624699 -0.000000
vt 0.500301 -0.000000
vt 0.500301 0.007998
vt -4.999699 0.007998
vt -4.999699 -0.000000
vt -4.999699 0.013687
vt -4.968216 0.013687
vt -4.965763 0.013411
vt -4.965698 -0.000000
vt -4.965763 0.013687
vt 0.500301 0.013687
vt 0.125015 -4.968449
vt 0.125015 -4.999699
vt 0.441910 -4.999699
vt 0.449677 -4.963737
vt 0.461449 -4.909233
vt 0.461655 -1.624699
vt 0.125015 -1.624699
vt -0.398102 -4.968449
vt -0.398758 -4.999699
vt 0.961784 -5.218449
vt 0.984207 -5.218449
vt 0.983871 -5.214542
vt -0.958885 -5.214542
vt -0.958885 -5.218449
vt -1.458702 -1.624699
vt -1.458405 -4.977367
vt -1.453056 -4.999699
vt -0.551826 -4.999699
vt -0.552338 -4.968449
vt -0.607521 -1.624699
vt 0.747879 -2.468449
vt 0.498459 0.433895
vt -0.467430 0.433895
vt -0.747093 -2.468449
vt -0.881538 -3.863701
vt -0.999641 -5.214542
vt -0.504036 0.454006
vt -0.482536 0.452137
vt -0.477722 0.500301
vt -0.499985 0.500301
vt -1.458885 0.500301
vt 0.461784 0.500301
vt 0.461449 -4.966301
vt -0.401398 -4.968449
vt -0.549049 -4.968449
vt -0.604233 -1.624699
vt 0.500015 -1.624699
vt 0.500015 -4.999699
vt -1.499985 -1.624699
vt -1.499985 0.500301
vt 0.500015 0.500301
vt -1.445198 -4.999699
vt -1.450706 -4.999699
vt -1.499985 -4.999699
vt -1.499985 -4.965698
vt -0.548538 -4.999699
vt 0.512650 0.355770
vt 1.000015 -5.218449
vt -0.999985 -5.218449
vt -0.886040 -3.915188
vt -0.512619 0.355770
vt -0.402046 -4.999699
vt -0.477722 0.014454
vt 0.500015 0.014454
vt -0.499985 -0.000000
vt -0.499985 0.014454
vt -0.499985 0.062500
vt -0.477722 0.062500
vt 0.055507 -0.733041
vt 0.055102 -0.728405
vt 0.080791 -0.726159
vt 0.080798 -0.733020
vt 0.079610 0.038363
vt 0.079764 -0.058583
vt 0.041197 0.206713
vt 0.054642 0.216292
vt 0.079306 0.233863
vt 0.080463 -0.514088
vt 0.041001 -0.063049
vt 0.079762 -0.059653
vt 0.001963 -0.669337
vt 0.001690 -0.344645
vt 0.029884 -0.666894
vt 0.000336 -0.000000
vt 0.000336 0.014454
vt -0.066323 0.007812
vt -0.073718 0.007076
vt -0.144746 -0.000000
vt -0.066323 0.022552
vt -0.069643 0.015604
vt -5.740228 0.011721
vt -5.740228 0.007998
vt -5.740228 -0.000000
vt -0.072856 0.007162
vt 0.000340 0.014454
vt 0.000340 -0.000000
vt -0.144742 -0.000000
vt -4.380309 0.062500
vt -4.421553 0.012623
vt -4.431992 -0.000000
vt -5.736303 -0.000000
vt -5.736303 0.013731
vt -5.736303 0.062500
vt -0.068778 0.015604
vt -0.046132 0.062500
vt 0.000340 0.062500
vt -5.740224 0.013687
vt -5.740224 -0.000000
vt 1.522980 -0.148946
vt 1.522978 -0.151730
vt 1.520476 -0.151734
vt 0.594863 -0.152956
vt 0.565947 -0.152994
vt 0.565948 -0.150210
vt 0.565942 -0.165186
vt 0.546427 -0.163528
vt 0.546431 -0.153222
vt 0.546432 -0.150236
vt 0.480837 0.194849
vt 0.460283 -0.582615
vt -0.496748 -0.580233
vt -0.516264 -0.580185
vt -0.518564 0.123163
vt -0.518805 0.197337
vt 0.549065 0.126776
vt 0.512322 -0.481985
vt 1.457315 -0.479174
vt 1.418999 0.129364
vt 0.038745 0.251375
vt 0.035666 0.248186
vt 0.049059 -0.409189
vt 0.057032 -0.410187
vt 0.045461 0.258330
vt 0.060798 0.274213
vt 0.058657 -0.504111
vt 0.061373 -0.504182
vt 0.053311 -0.502946
vt 0.042732 -0.474067
vt 0.062234 -0.453975
vt 0.063366 -0.503206
vt 0.066279 -0.503282
vt 0.046781 0.217550
vt 0.065651 0.200695
vt 0.027123 0.235108
vt 0.065583 0.274937
vt 0.742840 0.424509
vt 0.589193 0.499318
vt 0.578125 0.499318
vt 0.584766 0.429938
vt 0.585938 0.417694
vt 0.742188 0.417694
vt 0.632812 0.022151
vt 0.733049 0.070560
vt 0.632812 0.070560
vt 0.585938 0.082338
vt 0.584766 0.070560
vt 0.742887 0.075310
vt 0.742188 0.082338
vt 0.505373 0.499997
vt -0.005381 0.499997
vt -0.005381 0.491888
vt -0.005381 0.004233
vt -0.005381 -0.000001
vt 0.505373 -0.000001
vt 0.508791 -0.002974
vt 0.080115 -0.000001
vt 0.080115 -0.001802
vt 0.508791 -0.012001
vt 0.080115 0.500599
vt 0.004466 0.499997
vt 0.004466 -0.000001
vt 1.497812 0.495775
vt 1.159814 0.495333
vt 1.159814 0.000799
vt 1.497812 0.000799
vt 1.034005 -0.011998
vt 1.044595 -0.002970
vt 1.002081 -0.002970
vt 1.002081 -0.011998
vt 0.494390 0.004233
vt 0.366174 0.004682
vt 0.380936 -0.000001
vt 0.494390 -0.000001
vt 0.377748 0.499997
vt 0.354950 0.491493
vt 0.494390 0.491888
vt 0.494390 0.499997
vt 0.005282 0.490505
vt 0.005282 0.005952
vt 0.450396 0.500357
vt 0.450026 0.499997
vt 0.495534 0.499997
vt 0.452218 -0.000001
vt 0.453425 -0.001001
vt 0.495534 -0.000001
vt 0.499366 0.494091
vt -0.002183 0.495771
vt -0.002183 0.000795
vt 0.499366 0.002858
vt 0.505884 0.490505
vt 0.004591 0.487150
vt 0.004591 0.009389
vt 0.505884 0.005952
vt 0.493643 0.490411
vt -0.000720 0.494091
vt -0.000720 0.002858
vt 0.493643 0.006639
vt 1.134172 0.195053
vt 1.097725 0.231129
vt 1.052780 0.275616
vt 1.036659 0.283352
vt 1.128906 0.191105
vt 1.097784 0.254013
vt 0.775713 0.408607
vt 0.742859 0.424377
vt 0.742188 0.417667
vt 1.119867 0.190479
vt 1.113281 0.189995
vt 1.113281 0.183895
vt 0.742893 0.075283
vt 0.776655 0.091648
vt 0.742188 0.082333
vt 1.062500 0.242489
vt 1.038647 0.218636
vt 1.071270 0.234447
vt 0.498713 0.487150
vt 0.430944 0.486482
vt 0.300078 0.485193
vt 0.300078 0.011280
vt 0.395781 0.010370
vt 0.436869 0.009979
vt 0.498713 0.009389
vt 0.410347 0.499997
vt 0.300078 0.499997
vt 0.419534 -0.000001
vt 0.300078 0.009999
vt -0.006903 0.008811
vt -0.006903 -0.000001
vt 0.097406 0.012553
vt 0.097406 0.496388
vt -0.004069 0.496876
vt -0.004069 0.012139
vt 0.500125 0.008811
vt 0.448272 0.008799
vt 0.457642 -0.000001
vt 0.500125 -0.000001
vt 0.503274 0.012139
vt 0.503274 0.496876
vt 0.211461 0.499997
vt 0.184605 0.499997
vt 0.184605 0.488275
vt 0.184605 0.008702
vt -0.006597 0.490411
vt -0.006597 0.006639
vt 0.122209 0.008030
vt 0.346382 0.646839
vt -2.596326 0.646839
vt -2.596326 0.390491
vt 0.346382 0.390491
vt -2.343750 -1.248520
vt 1.093750 -1.248520
vt 1.093750 -0.779770
vt -2.343750 -0.779770
vt 0.541695 0.334339
vt 0.541695 0.646839
vt 0.346382 0.334339
vt 1.093750 7.188980
vt 0.937500 7.188980
vt 0.937500 6.407730
vt 1.093750 6.407730
vt 1.562500 -1.248520
vt 1.562500 7.188980
vt -2.791638 0.646839
vt -2.791638 0.334339
vt -2.596326 0.334339
vt -2.187500 7.188980
vt -2.343750 7.188980
vt -2.343750 6.407730
vt -2.187500 6.407730
vt -2.812500 7.188980
vt -2.812500 -1.248520
vt -1.249992 -0.104167
vt -0.937492 -0.104167
vt -0.833325 -0.104167
vt -0.833325 0.104166
vt -0.833325 0.312500
vt -1.471346 0.312500
vt -1.263013 -0.104167
vt -1.249992 -0.104159
vt -1.249992 0.286466
vt -1.263013 0.286466
vt -1.458325 0.286466
vt -1.263013 -0.104159
vt 1.679695 0.286466
vt 1.666675 0.286466
vt 1.666675 -0.104159
vt 1.679695 -0.104159
vt 1.875008 0.286466
vt 1.250008 0.312500
vt 1.250008 0.104166
vt 1.250008 -0.104167
vt 1.354175 -0.104167
vt 1.666675 -0.104167
vt 1.679695 -0.104167
vt 1.888029 0.312500
vt 1.250000 -1.248520
vt 1.250000 -0.936020
vt 1.250000 6.876480
vt 1.250000 7.188980
vt -2.500000 7.188980
vt -2.500000 6.876480
vt -2.500000 -0.936020
vt -2.500000 -1.248520
vt -2.372806 0.039032
vt 0.000852 0.039032
vt 0.000852 0.624969
vt -2.372806 0.624969
vt -10.243797 0.624969
vt -10.243797 0.039032
vt -3.650474 0.039032
vt -3.650474 0.624969
vt -18.713587 0.624969
vt -18.713587 0.039032
vt -10.895207 0.039032
vt -10.895207 0.624969
vt -18.713587 -0.000031
vt 0.000852 -0.000031
vt -7.500633 -2.460876
vt -7.500633 -2.499939
vt -5.287747 -2.499939
vt 2.807582 -2.499939
vt 2.807582 -1.874939
vt -7.500633 -1.874939
vt -14.108713 0.039032
vt -14.108713 0.624969
vt -13.796652 0.624969
vt -13.507452 0.624969
vt -1.382730 0.624969
vt -1.382730 -0.000031
vt -9.523783 -0.000031
vt -14.108713 -0.000031
vt 1.875000 -0.000031
vt 5.000000 -0.000031
vt 5.000000 0.624969
vt 1.875000 0.624969
vt -21.093750 -0.000031
vt -20.625000 -0.000031
vt -17.135391 -0.000031
vt -17.135391 0.624969
vt -21.093750 0.624969
vt -2.497009 -0.000031
vt 5.002991 -0.000031
vt 5.002991 0.624969
vt -2.497009 0.624969
vt -25.625061 -0.000031
vt -25.000061 -0.000031
vt -22.343811 -0.000031
vt -22.343811 0.624969
vt -25.625061 0.624969
vt 4.999939 0.624969
vt 3.749939 0.624969
vt 3.749939 -0.000031
vt 4.999939 -0.000031
vt 5.002960 0.624969
vt -4.997040 0.624969
vt -4.997040 -0.000031
vt 5.002960 -0.000031
vt 3.125000 -0.000031
vt 3.125000 0.624969
vt -27.500000 0.624969
vt -30.000000 0.624969
vt -30.468750 0.624969
vt -31.250000 0.624969
vt -31.250000 -0.000031
vt -27.500000 -0.000031
vt -4.606384 0.624969
vt -8.668884 0.624969
vt -61.872009 0.624969
vt -62.497009 0.624969
vt -62.497009 -0.000031
vt -61.872009 -0.000031
vt -26.247009 -0.000031
vt -8.668884 -0.000031
vt -4.606384 -0.000031
vt 3.261925 -0.000031
vt -51.872009 -0.000031
vt -59.997009 -0.000031
vt -51.872009 0.624969
vt 5.002991 0.039032
vt -30.742188 0.039032
vt -29.843750 0.039032
vt -29.843750 -0.000031
vt -31.250000 0.039032
vt -30.742188 0.624969
vt 4.062500 -0.000031
vt 4.062500 0.624969
vt -4.669868 -0.000031
vt 0.002779 -0.000031
vt 0.002779 0.039032
vt 0.002779 0.624969
vt -5.114896 0.624969
vt -6.449938 0.624969
vt -8.007474 0.624969
vt -8.007474 -0.000031
vt -7.597904 0.039032
vt 0.003275 0.039032
vt 0.003275 -0.000031
vt -7.627206 -0.000031
vt -7.627206 0.039032
vt -7.597904 0.624969
vt -2.333047 0.624969
vt 0.003275 0.624969
vt 1.722496 -2.499939
vt 2.196689 -2.499939
vt 2.197189 -2.460876
vt 0.455635 -2.460876
vt -8.412517 -2.460876
vt -8.412517 -2.499939
vt 0.455635 -1.914001
vt 2.204100 -1.914001
vt 2.502131 -1.914001
vt 2.502131 -1.874939
vt 0.455635 -1.874939
vt -1.590862 -1.874939
vt -8.412517 -1.874939
vt -3.322647 -1.874939
vt -0.411727 -1.874939
vt -0.411727 -1.914001
vt -0.411727 -2.460876
vt -4.030328 -2.460876
vt -4.030328 -1.874939
vt 2.499193 -1.914001
vt 2.455804 -1.914001
vt 2.499193 -1.874939
vt -5.420855 -1.874939
vt -4.899395 -1.874939
vt -4.899395 -2.460876
vt -13.025713 -2.460876
vt -13.025713 -1.874939
vt 2.455804 -2.460876
vt 2.455804 -2.499939
vt -13.025713 -2.499939
vt -3.125000 32.502991
vt -3.125000 31.252991
vt -1.875000 31.252991
vt -1.875000 32.502991
vt 3.125000 -8.668884
vt 3.593750 -8.668884
vt 5.000000 -8.668884
vt 5.000000 -4.606384
vt 3.515625 -4.606384
vt 3.125000 -4.606384
vt -17.304749 -0.114197
vt -17.308105 -0.098518
vt -23.125061 -4.997009
vt -16.263107 -4.997009
vt -26.894379 2.743057
vt -24.296875 3.284210
vt -23.350296 3.481430
vt -20.442657 4.087166
vt -20.638046 5.002960
vt -27.500000 5.002960
vt -27.069397 2.706589
vt -6.406250 -26.247009
vt -6.406250 -46.090759
vt -5.937500 -45.622009
vt -5.937500 -26.247009
vt -5.937500 -19.372009
vt -6.406250 -18.903259
vt -19.033661 -26.247009
vt -18.975296 -26.518539
vt -17.489777 -33.433556
vt -14.716263 -32.834457
vt -16.121597 -26.247009
vt -0.625061 1.252991
vt -0.625061 3.127991
vt -4.062561 3.127991
vt -4.062561 1.252991
vt -6.484375 -26.247009
vt -14.826508 -26.247009
vt -7.060547 -62.497009
vt -6.406250 -62.497009
vt -6.406250 -55.153259
vt -21.875000 0.722824
vt -22.788086 5.002991
vt -25.815964 5.002991
vt -25.614777 4.066444
vt -24.416275 -1.512779
vt -21.875000 -0.983337
vt -22.834625 -26.247009
vt -20.937500 -35.110954
vt -20.937500 -34.178261
vt -20.937500 -26.247009
vt -26.484146 -9.195084
vt -23.937149 -8.644928
vt -23.896484 -8.636154
vt -25.390625 -1.715759
vt -27.969894 -2.253098
vt -22.734375 -14.215759
vt -21.875000 -14.036736
vt -21.875000 -13.612617
vt -21.875000 -8.199524
vt -22.958527 -8.433556
vt -25.349808 -1.707253
vt -26.552734 3.863846
vt -26.798630 5.002991
vt -29.522858 5.002991
vt -12.281570 -62.497009
vt -13.115234 -58.636154
vt -14.609375 -51.715759
vt -15.812149 -46.144928
vt -18.453827 -46.715530
vt -15.076218 -62.497009
vt -12.050095 -45.332321
vt -14.833527 -45.933556
vt -14.861298 -45.939545
vt -13.662796 -51.518539
vt -12.177277 -58.433556
vt -11.304398 -62.497009
vt -11.177139 -62.497009
vt -8.388443 -62.497009
vt 2.500000 -26.247009
vt 2.500000 -41.872009
vt 3.125000 -41.872009
vt 3.125000 -26.247009
vt -5.000000 -45.622009
vt 3.125000 -45.622009
vt -5.000000 -41.872009
vt -12.167969 -62.497009
vt -15.771484 -46.136154
vt -17.265625 -39.215759
vt -18.468399 -33.644928
vt -17.517548 -33.439545
vt -16.319046 -39.018539
vt -18.427734 -33.636154
vt -19.921875 -26.715759
vt -20.023117 -26.247009
vt -20.136719 -26.247009
vt -19.160843 -26.247009
vt -24.444046 -1.518539
vt -20.468750 -43.311523
vt -20.468750 -52.340759
vt -20.468750 -61.403259
vt -20.468750 -62.497009
vt -16.389236 -62.497009
vt -20.937500 -51.872009
vt -20.937500 -41.107048
vt -20.937500 -61.872009
vt -20.937500 -62.497009
vt -5.937500 -55.622009
vt -5.937500 -62.497009
vt -30.468750 -62.497009
vt -30.468750 -61.403259
vt -30.468750 -52.340759
vt -30.468750 -51.872009
vt -31.250000 -51.872009
vt -31.250000 -62.497009
vt -30.000000 -61.872009
vt -30.000000 -62.497009
vt -21.240234 -21.136154
vt -5.750351 -0.904907
vt -4.797440 -0.714287
vt -5.339737 1.810280
vt -5.771103 -0.808777
vt -4.414444 -2.497009
vt -1.917801 -2.497009
vt -1.530151 -2.497009
vt -3.130112 5.002991
vt -4.813843 5.002991
vt -5.903931 5.002991
vt -6.883850 5.002991
vt -7.025909 5.002991
vt -1.793137 5.002991
vt -0.186386 -2.497009
vt 1.875000 -2.497009
vt 5.000000 -2.497009
vt 5.000000 5.002991
vt -5.406570 -2.497009
vt -9.810944 5.002991
vt -8.205719 -2.497009
vt -21.093750 -2.497009
vt -17.135391 -2.497009
vt -14.057083 -2.497009
vt -9.543076 -2.497009
vt -11.137848 5.002991
vt -21.093750 5.002991
vt 5.000000 -61.872009
vt 3.593750 -61.872009
vt 3.125000 -61.872009
vt 3.125000 -62.497009
vt 5.000000 -62.497009
vt 3.593750 -46.090759
vt 3.593750 -18.903259
vt 3.125000 -19.372009
vt -2.265625 -0.622040
vt 6.796875 -0.622040
vt 6.796875 0.211281
vt 5.000000 5.002960
vt -2.265625 5.002960
vt -2.734375 -1.090790
vt -2.734375 5.002960
vt -26.099167 -2.468239
vt -25.781250 -2.457977
vt -22.065964 -2.497040
vt -19.038086 -2.497040
vt -23.048630 -2.497040
vt -25.772858 -2.497040
vt -19.378052 5.002960
vt -17.771301 -2.497040
vt -2.734375 -2.497040
vt 7.265625 -1.090790
vt 7.265625 -1.038719
vt 7.812500 -2.497040
vt 7.265625 -2.497040
vt -21.787796 -14.018539
vt -20.302277 -20.933556
vt 3.125000 -9.372009
vt 3.593750 -9.840759
vt 3.593750 -55.153259
vt -13.476624 3.127991
vt -15.703186 1.252991
vt -9.687561 1.252991
vt -9.687561 3.127991
vt 4.999939 3.127991
vt 4.999939 1.252991
vt 6.640564 1.252991
vt 5.820251 3.127991
vt -6.250061 3.752991
vt -7.500061 3.752991
vt -7.500061 3.127991
vt -6.250061 3.127991
vt -5.000000 -26.247009
vt -30.000000 -51.872009
vt -6.544342 -6.160378
vt -7.220154 -2.981972
vt -11.615524 -2.997231
vt -11.619415 -2.997269
vt -10.817337 -6.537422
vt -6.484375 -2.653259
vt -6.484375 5.002991
vt -21.521301 5.002991
vt -6.406250 -2.731384
vt -6.406250 -9.840759
vt -6.015625 -9.450134
vt -6.015625 -4.606384
vt -6.015625 -3.122009
vt -8.275970 -4.997040
vt -8.133911 -4.997040
vt -8.427795 -3.636185
vt -9.921936 3.284210
vt -10.293030 5.002960
vt -10.406631 5.002960
vt -13.201279 5.002960
vt -11.061005 -4.997040
vt -27.500000 -62.497009
vt -6.063904 -4.997040
vt -4.380173 -4.997040
vt -6.513504 5.002960
vt -9.302200 5.002960
vt -8.975357 3.481430
vt -7.489838 -3.433586
vt -7.153992 -4.997040
vt -25.625061 -4.997040
vt -22.343811 -4.997040
vt -12.387909 -4.997040
vt -14.514297 5.002960
vt -18.593811 5.002960
vt -19.062561 5.002960
vt -25.625061 5.002960
vt -4.062561 5.002960
vt -4.531311 5.002960
vt -5.185608 5.002960
vt -3.043198 -4.997040
vt 3.749939 -4.997040
vt 4.999939 -4.997040
vt 4.999939 5.002960
vt 4.062500 5.002991
vt 3.515625 5.002991
vt 3.515625 -2.653259
vt -11.687546 -2.696747
vt -11.672134 -2.761101
vt -8.918076 5.002991
vt -13.432083 5.002991
vt -11.672897 -2.761292
vt 3.125000 -55.622009
vt -9.429459 5.002960
vt 3.046875 -3.122009
vt 3.046875 -4.606384
vt -5.000000 32.502991
vt -6.875000 -4.997009
vt -3.125000 -4.997009
vt -16.909241 0.237366
vt -11.250061 5.002991
vt -7.500061 5.002991
vt 1.729065 3.127991
vt 1.696487 3.723999
vt 1.626526 5.002991
vt -6.250061 5.002991
vt -16.244492 0.797173
vt -15.003113 -4.997009
vt 1.640564 -4.997009
vt 2.109314 -4.997009
vt 9.374939 -4.997009
vt 6.001587 -4.997009
vt 4.020767 31.223579
vt 3.950806 32.502991
vt -1.875000 -4.997009
vt -5.937500 -4.606384
vt -5.937500 -9.372009
vt -30.742188 5.002991
vt -31.250000 5.002991
vt -13.562851 -7.376846
vt -5.807800 -6.382622
vt -6.484375 -6.442322
vt -13.635101 -7.073273
vt -13.702087 -6.791939
vt -5.161667 -6.299805
vt 1.378250 -5.461334
vt 1.328125 -5.465759
vt -5.216599 -6.043228
vt 0.438614 5.002991
vt 2.645569 -5.298866
vt 5.000000 -4.997009
vt 2.500000 5.002991
vt 1.034851 -4.090981
vt -1.708527 -4.683556
vt -2.646484 -4.886154
vt -5.339737 -5.467896
vt -2.633896 -0.376038
vt -2.544556 -0.792030
vt -2.368088 0.024773
vt -1.292801 5.002991
vt -3.789444 5.002991
vt 5.271835 31.282211
vt 5.205078 32.502991
vt -4.781570 5.002991
vt -7.580719 5.002991
vt 7.255859 -4.997009
vt 9.375000 -4.997009
vt 7.500000 32.502991
vt 4.999939 5.002991
vt 2.880798 5.002991
vt 2.947021 3.792397
vt 2.983337 3.127991
vt -16.510391 5.002991
vt -0.905151 5.002991
vt -2.539368 -0.816177
vt -0.820312 6.563980
vt -0.397148 6.563980
vt -0.397606 -1.248520
vt -2.500000 6.563980
vt -5.000000 0.585907
vt -5.000000 0.624969
vt -3.125000 0.624969
vt -1.875000 0.624969
vt 3.950806 0.624969
vt 5.205078 0.624969
vt 7.500000 0.624969
vt 7.500000 0.585907
vt 7.500000 -0.000031
vt 6.250000 -0.000031
vt -5.000000 -0.000031
vt -37.544220 0.624969
vt -37.544220 0.585907
vt -35.033848 0.585907
vt 0.000832 0.585907
vt 0.000832 0.624969
vt -34.971249 -0.000031
vt 0.000832 -0.000031
vt -36.703140 0.585907
vt -0.482116 -0.000031
vt -36.703140 -0.000031
vt 3.185440 0.324860
vt 3.261734 0.326118
vt 3.417984 0.328751
vt 3.417984 -0.408821
vt 3.261734 -0.405502
vt 3.185440 -0.403900
vt -4.160141 -0.248260
vt -4.160141 0.201988
vt 3.112961 0.323639
vt 3.112961 -0.402336
vt 0.590225 13.212494
vt 0.593468 13.368744
vt -0.298981 13.368744
vt -0.296425 13.212494
vt -0.173477 5.762409
vt 0.434013 5.762409
vt 0.154678 0.595113
vt -0.398796 0.595113
vt -0.344780 -1.144326
vt 0.105469 -1.144326
vt 0.343529 1.556961
vt 0.282913 0.404617
vt -0.488266 0.404617
vt -0.548920 1.556961
vt -0.471825 0.092117
vt 0.266434 0.092117
vt 0.266090 0.085165
vt -0.471481 0.085165
vt 3.328798 0.284084
vt 3.328798 -0.028855
vt 3.328798 -0.036476
vt 3.252493 -0.036737
vt 3.300012 0.262925
vt 3.328798 0.444468
vt 3.485071 1.437913
vt 3.485071 0.283954
vt 3.328798 1.438043
vt 3.485071 -0.028984
vt 3.485071 -0.035946
vt 2.078610 0.457311
vt -4.122404 1.444235
vt 2.078610 0.140114
vt 3.180002 -0.036982
vt -4.094191 -0.061803
vt -5.176220 1.306644
vt 8.220840 -0.971309
vt 7.119337 -0.793893
vt -0.136219 0.374743
vt 0.945919 -0.994018
vt 8.525939 -0.963400
vt 8.369650 -0.963225
vt 8.369650 -0.970846
vt 8.525939 -0.970362
vt 8.340860 -0.671436
vt 8.293337 -0.971085
vt 8.369650 -0.650286
vt 8.369650 -0.489902
vt 8.525939 -0.650462
vt 8.525939 0.503498
vt 8.369650 0.503673
vt 0.917702 0.512029
vt -2.121735 -1.784138
vt -2.244110 0.176662
vt 0.183163 -0.211674
vt -0.315094 -1.784138
vt 0.274525 0.076673
vt -0.819836 0.249959
vt 0.329437 0.249959
vt -0.819836 0.249898
vt 0.274525 0.076612
vt 0.329437 0.249898
vt -2.244110 0.176601
vt -2.121735 -1.784199
vt -0.315094 -1.784199
vt 0.183163 -0.211735
vt 0.531281 3.329758
vt -0.249969 3.329758
vt -0.249969 2.180485
vt 0.531281 2.180485
vt -0.250061 3.329758
vt -0.250061 2.180485
vt 0.531189 2.180485
vt 0.531189 3.329758
vt -2.496330 -0.073278
vt -2.393257 -2.035159
vt -1.825859 -2.035159
vt -1.722786 -0.073278
vt -0.393074 -1.986958
vt -0.475739 -0.340808
vt 0.256989 -0.340808
vt 0.174324 -1.986958
vt -0.490852 -0.038949
vt -0.499969 0.142458
vt 0.281281 0.142458
vt 0.272163 -0.038949
vt 0.272133 -0.038949
vt -0.490883 -0.038949
vt -0.500000 0.142458
vt 0.281250 0.142458
vt -0.393044 -1.986958
vt -0.475708 -0.340808
vt 0.257019 -0.340808
vt 0.174355 -1.986958
vt 3.246881 4.844299
vt 4.860299 4.982544
vt 4.860299 4.844299
vt 4.860299 7.344299
vt 4.860299 5.377441
vt 2.568381 5.176941
vt -1.233958 4.844299
vt -1.251481 4.844299
vt -1.249908 -0.781250
vt -1.111664 -0.781250
vt -1.111664 -0.035324
vt -1.111664 0.310555
vt -1.111664 0.606556
vt -1.111664 0.957031
vt -1.111664 1.093750
vt -1.249908 1.093750
vt -0.724396 1.093750
vt -0.723824 0.957031
vt -0.722412 0.610342
vt -0.721268 0.322065
vt -0.719894 -0.010424
vt -0.716957 -0.739193
vt -0.716766 -0.781250
vt 1.250092 -0.781250
vt 1.250092 1.093750
vt 6.588454 1.093750
vt 2.366165 1.093750
vt 0.001684 1.093750
vt 0.001684 -0.781250
vt 6.588454 -1.250000
vt -0.001707 -0.499756
vt -0.001707 1.711662
vt 3.312855 2.414978
vt 3.312855 -0.499756
vt -0.300812 -0.327580
vt -0.293106 -0.161037
vt -0.311455 -0.161037
vt -3.499969 -1.932671
vt -0.585236 -1.932671
vt -0.697998 -0.161037
vt -3.499969 -0.161037
vt 0.938995 1.093750
vt 1.251495 1.093750
vt 1.251495 -1.093750
vt -2.029755 -0.625000
vt -2.459442 1.093750
vt -0.066136 0.093735
vt -3.525634 0.093735
vt -3.484510 -0.067837
vt 0.251979 -1.505033
vt 0.251979 0.093735
vt 0.000994 0.296043
vt -3.917796 -0.648857
vt -3.917796 1.562561
vt -3.917796 2.812561
vt 0.000994 3.125061
vt -2.812561 1.093750
vt -2.812561 -1.093750
vt -1.562561 -1.093750
vt -1.562561 1.093750
vt 0.000994 -2.031250
vt -3.917796 -2.343750
vt -3.917796 -0.156250
vt 0.000994 -0.156250
vt -4.015125 -1.754988
vt 0.001998 -1.744783
vt 0.001998 -0.156219
vt -4.015125 -0.156219
vt 1.250000 0.620411
vt 1.098747 1.251495
vt 1.250000 1.251495
vt 0.309448 1.251495
vt 0.772781 1.251495
vt 0.954018 0.470245
vt -1.875000 0.470245
vt -1.875000 1.251495
vt 0.470245 1.093750
vt 1.251495 -0.781250
vt 0.470245 -0.781250
vt 0.470245 -0.494814
vt 0.620411 -0.781250
vt -0.354453 -0.499702
vt -0.354453 -0.132515
vt 0.116351 -0.132515
vt 0.116351 -0.499702
vt -0.391886 -0.132515
vt -0.378786 -0.131454
vt -0.378679 -0.132515
vt -0.431125 -0.135693
vt -0.431151 -0.499702
vt -0.436409 -0.499702
vt -0.472373 -0.139034
vt -0.499998 -0.093452
vt -0.476914 -0.093452
vt -0.499998 -0.499702
vt -0.382663 -0.093452
vt 0.116351 -0.093452
vt -0.249992 -0.093750
vt -0.195183 -0.061508
vt -0.190651 -0.058844
vt -0.184540 0.011719
vt -0.178902 0.076752
vt -0.173706 0.136719
vt -0.167618 0.207031
vt -0.165245 0.234375
vt -0.249992 0.234375
vt -0.102684 0.234375
vt -0.105034 0.207031
vt -0.111076 0.136719
vt -0.116226 0.076752
vt -0.121819 0.011719
vt -0.124542 -0.019955
vt 0.281258 0.218750
vt 0.289070 0.234375
vt -0.230095 0.234375
vt -0.230095 0.207031
vt -0.230095 0.031570
vt -0.230095 -0.043846
vt -0.230095 -0.082047
vt -0.148857 -0.034258
vt -0.149139 0.036694
vt -0.149834 0.207031
vt -0.149948 0.234375
vt 0.156551 0.234375
vt 0.156551 -0.093750
vt -0.249699 -0.093750
vt -0.249699 0.234375
vt -0.499702 -0.034938
vt -0.132515 -0.034938
vt -0.093452 -0.034938
vt -0.093452 -0.017468
vt -0.499702 -0.017468
vt 1.679966 0.527344
vt 1.679966 2.871094
vt 0.987859 2.871094
vt -0.000865 2.871094
vt -0.000865 0.527344
vt 1.623969 2.871094
vt -0.001840 2.871094
vt -0.001840 0.527344
vt 1.623969 0.527344
vt 1.478387 0.527344
vt 1.478387 2.871094
vt 1.439319 2.871094
vt -0.006210 2.871094
vt -0.006210 0.527344
vt 1.240858 0.527344
vt 1.240858 2.871094
vt -0.001287 2.871094
vt -0.001287 0.527344
vt 0.945529 0.527344
vt 0.945529 2.871094
vt -0.002941 2.871094
vt -0.002941 0.527344
vt -0.005487 2.871094
vt -0.005487 0.527344
vt 0.521608 0.527344
vt 0.652770 1.491175
vt 0.652770 2.871094
vt 0.515603 0.527344
vt 0.515603 2.871094
vt 0.325853 2.871094
vt 0.081955 0.527344
vt 0.001467 2.871094
vt 0.001467 1.491175
vt 0.146763 2.871094
vt 0.006693 2.871094
vt 0.006693 0.527344
vt 0.654995 0.527344
vt 0.654995 2.871094
vt 0.954985 2.871094
vt 0.005033 2.871094
vt 0.005033 0.527344
vt 0.954985 0.527344
vt 1.242296 2.871094
vt 0.005179 2.871094
vt 0.005179 0.527344
vt 1.242296 0.527344
vt 1.484613 0.527344
vt 1.484613 2.871094
vt 0.555487 2.871094
vt -0.001988 2.871094
vt -0.001988 0.527344
vt 0.005677 2.871094
vt 0.005677 0.527344
vt 1.633616 0.527344
vt 1.633616 2.871094
vt 1.683800 0.527344
vt 1.683800 2.871094
vt 1.308085 2.871094
vt 0.002970 2.871094
vt 0.002970 0.527344
vt 0.000574 2.871094
vt 0.000574 0.527344
vt 1.626382 0.527344
vt 1.626382 2.871094
vt -0.004574 2.871094
vt -0.004574 0.527344
vt 1.480024 0.527344
vt 1.480024 2.871094
vt 1.243209 0.527344
vt 1.243209 2.871094
vt 0.750295 2.871094
vt 0.001064 2.871094
vt 0.001064 0.527344
vt 0.948884 0.527344
vt 0.948884 1.574621
vt 0.771046 2.483149
vt 0.771046 0.527344
vt 0.639601 0.527344
vt 0.639601 2.871094
vt 0.309698 2.871094
vt 0.000415 2.871094
vt 0.000415 0.527344
vt 0.656661 0.527344
vt 0.656661 2.871094
vt 0.204950 2.871094
vt 0.523892 0.527344
vt -0.001596 1.574621
vt -0.001596 0.527344
vt 0.138120 0.527344
vt 0.515625 2.871094
vt 0.001489 2.871094
vt 0.001489 0.527344
vt 0.515625 0.527344
vt 0.655126 2.871094
vt 0.006824 2.871094
vt 0.006824 0.527344
vt 0.655126 0.527344
vt 0.950573 2.871094
vt 0.000622 2.871094
vt 0.000622 0.527344
vt 0.950573 0.527344
vt 1.238712 0.527344
vt 1.238712 2.871094
vt 0.956547 2.871094
vt 0.088347 2.871094
vt 0.001527 2.871094
vt 0.001527 0.527344
vt 1.481557 2.871094
vt -0.005044 2.871094
vt -0.005044 0.527344
vt 1.481557 0.527344
vt 1.629680 0.527344
vt 1.629680 2.871094
vt 0.001740 2.871094
vt 0.001740 0.527344
vt 2.500000 -2.500008
vt 2.500000 -1.562508
vt 2.343750 -1.562508
vt 2.343750 -2.500008
vt 2.500000 0.001480
vt 2.500000 0.157730
vt 2.343750 0.157730
vt 2.343750 0.001480
vt 2.343750 0.001495
vt 2.500000 0.001495
vt 2.500000 0.157745
vt 2.343750 0.157745
vt 2.500000 -2.031250
vt 2.500000 -2.500000
vt 2.343750 -2.500000
vt 2.343750 -2.031250
vt 2.343750 -2.187500
vt 2.500000 -2.187500
vt 0.001495 -1.562508
vt 0.001495 -2.500008
vt 0.157745 -2.500008
vt 0.157745 -1.562508
vt 0.157730 -2.187500
vt 0.001480 -2.187500
vt 0.001480 -2.500000
vt 0.157730 -2.500000
vt 0.157730 -2.031250
vt 0.001480 -2.031250
vt 0.157745 -2.500000
vt 0.157745 -1.562500
vt 0.001495 -1.562500
vt 0.001495 -2.500000
vt 1.718750 0.005963
vt 2.031250 0.005963
vt 2.500000 0.005963
vt 2.500000 0.163209
vt 2.031250 0.163209
vt 1.718750 0.163209
vt 1.250000 0.163209
vt 1.250000 0.005963
vt 2.031250 0.163368
vt 2.500000 0.163368
vt 2.500000 0.006141
vt 2.031250 0.006141
vt 1.250000 0.163368
vt 1.718750 0.163368
vt 1.718750 0.006141
vt 1.250000 0.006141
vt 1.718750 -2.293808
vt 1.718750 -1.261434
vt 1.250000 -1.261434
vt 1.250000 -2.495709
vt 1.718750 -2.495709
vt 2.500000 -1.261434
vt 2.031250 -1.261434
vt 2.031250 -2.293808
vt 2.031250 -2.495709
vt 2.500000 -2.495709
vt 0.164992 -1.260939
vt 0.007745 -1.260994
vt 0.008216 -2.495280
vt 0.165450 -2.495138
vt 2.211723 -1.666080
vt 2.187500 -1.617653
vt 2.187500 -1.641857
vt 2.238655 -1.693031
vt 2.187500 -1.667454
vt 2.211723 -1.455929
vt 2.238655 -1.428978
vt 2.296104 -1.371548
vt 2.259941 -1.359493
vt 2.301941 -1.397335
vt 2.330551 -1.383030
vt 2.187500 -1.509048
vt 2.192192 -1.494991
vt 2.239609 -1.352722
vt 2.187500 -1.335346
vt 2.363281 -1.732094
vt 2.336311 -1.732094
vt 2.187500 -1.732094
vt 2.187500 -1.790688
vt 2.187500 -2.498505
vt 2.204819 -2.498505
vt 2.256889 -2.342255
vt 2.495308 -1.627018
vt 2.475777 -1.666080
vt 2.187500 -2.242653
vt 2.500000 -2.498505
vt 2.500000 -2.342255
vt 2.421875 -2.342255
vt 2.421875 -2.498505
vt 2.448845 -1.693031
vt 2.385559 -1.724674
vt 2.187500 -1.823704
vt 2.187500 -1.954357
vt 2.265625 -2.498505
vt 2.265625 -2.342255
vt 2.277718 -1.712563
vt 2.187500 -1.682484
vt 2.324219 -1.389915
vt 2.337685 -1.385414
vt 2.351189 -1.389915
vt 2.500000 -1.612961
vt 2.475777 -1.455929
vt 2.500000 -1.504356
vt 2.500000 -1.480152
vt 2.409782 -1.409447
vt 2.500000 -1.439526
vt 2.187500 0.001495
vt 2.448845 -1.428978
vt 2.500000 -1.454556
vt 2.238503 -1.350529
vt 2.190628 -1.494209
vt 2.187500 -1.503574
vt 2.187500 -1.333534
vt 2.500000 -1.437695
vt 2.410545 -1.407883
vt 2.351952 -1.388351
vt 2.338104 -1.383717
vt 2.330399 -1.381161
vt 2.295685 -1.369602
vt 2.259026 -1.357376
vt 2.187500 -2.246544
vt 2.477341 -1.666862
vt 2.496872 -1.627800
vt 2.206650 -2.498505
vt 2.187500 -1.684315
vt 2.276955 -1.714127
vt 2.335548 -1.733658
vt 2.187500 -1.733658
vt 2.187500 -1.792252
vt 2.363281 -1.733658
vt 2.387886 -1.725456
vt 2.187500 -1.825649
vt 2.500000 -1.500465
vt 2.477341 -1.455147
vt 2.500000 -1.477806
vt 2.187500 -1.669399
vt 2.237892 -1.694595
vt 2.237892 -1.427414
vt 2.210159 -1.455147
vt 2.187500 -1.621544
vt 2.210159 -1.666862
vt 2.187500 -1.644203
vt 2.299614 -1.396553
vt 2.324219 -1.388351
vt 2.449608 -1.694595
vt 2.187500 -1.956703
vt 2.449608 -1.427414
vt 2.500000 -1.452610
vt 2.500000 -1.618435
vt 2.500000 0.156250
vt 2.187500 0.156250
vt 2.187500 0.312500
vt 2.500000 0.312500
vt 2.187500 -2.090115
vt 2.250633 -2.111165
vt 2.292023 -2.124964
vt 2.328911 -2.137254
vt 2.341766 -2.141548
vt 2.359314 -2.147388
vt 2.417908 -2.166931
vt 2.447205 -2.176703
vt 2.500000 -2.194299
vt 2.500000 0.659204
vt 2.187500 0.659204
vt 2.240219 -2.493188
vt 2.230453 -2.483417
vt 2.195320 -2.448224
vt 2.187500 -2.440399
vt 2.187500 -2.475592
vt 2.456970 -2.186455
vt 2.492104 -2.221572
vt 2.500000 -2.229492
vt 2.187500 -2.237393
vt 2.195396 -2.221572
vt 2.187500 -2.505231
vt 2.276306 -2.505231
vt 2.269516 -2.502960
vt 2.492180 -2.448224
vt 2.463722 -2.505231
vt 2.500000 -2.505231
vt 2.500000 -2.432556
vt 2.324219 -2.147388
vt 2.277527 -2.162962
vt 2.230530 -2.186455
vt 2.457047 -2.483417
vt 2.435226 -2.505231
vt 2.187500 0.816483
vt 2.500000 0.816483
vt 2.500000 0.933760
vt 2.187500 0.933760
vt 2.413445 -2.505231
vt 2.187500 -2.432556
vt 2.500000 -2.237393
vt 2.472496 -2.506408
vt 2.449646 -2.506408
vt 2.458611 -2.497438
vt 2.495308 -2.460699
vt 2.500000 -2.235726
vt 2.495193 -2.230936
vt 2.458534 -2.194254
vt 2.448769 -2.184483
vt 2.500000 -2.201564
vt 2.500000 -2.506408
vt 2.500000 -2.451271
vt 2.187500 -2.455985
vt 2.192192 -2.460699
vt 2.228889 -2.497438
vt 2.237854 -2.506408
vt 2.236252 -2.506408
vt 2.187500 -2.506408
vt 2.291260 -2.131980
vt 2.228966 -2.194254
vt 2.192307 -2.230936
vt 2.248840 -2.117838
vt 2.187500 0.670223
vt 2.187500 0.827521
vt 2.187500 0.932622
vt 2.500000 0.932622
vt 2.500000 0.827521
vt 2.500000 0.670223
vt 2.419472 -2.174711
vt 2.360878 -2.155188
vt 2.342529 -2.149081
vt 2.328606 -2.144424
vt 2.187500 -2.097379
vt 2.440681 -2.506408
vt 2.272835 -2.172307
vt 2.246819 -2.506408
vt 2.187500 -2.451271
vt 2.500000 -2.240516
vt 2.187500 -2.240516
vt 2.324219 -2.155188
vt 2.187500 0.464733
vt 2.500000 0.464733
vt 2.500000 0.152141
vt 2.187500 0.152141
vt 2.269249 0.394455
vt 2.276306 0.449400
vt 2.187500 0.449400
vt 2.187500 0.137867
vt 2.236252 0.137867
vt 2.237854 0.137867
vt 2.246819 0.137867
vt 2.500000 0.449400
vt 2.463722 0.449400
vt 2.435226 0.449400
vt 2.413445 0.449400
vt 2.440681 0.137867
vt 2.449646 0.137867
vt 2.472496 0.137867
vt 2.500000 0.137867
vt 2.236328 -1.541473
vt 2.207031 -1.512177
vt 2.187500 -1.492645
vt 2.187500 -1.517059
vt 2.451172 -1.268036
vt 2.480469 -1.297333
vt 2.500000 -1.316864
vt 2.500000 -1.292450
vt 2.500000 0.938995
vt 2.421875 0.938995
vt 2.421875 0.782745
vt 2.421875 0.157745
vt 2.451172 -1.541473
vt 2.392578 -1.570770
vt 2.187500 -1.673309
vt 2.187500 -1.805145
vt 2.294922 -1.238739
vt 2.324219 -1.228973
vt 2.338867 -1.224091
vt 2.330093 -1.221153
vt 2.363281 -1.580536
vt 2.187500 -1.639130
vt 2.412109 -1.248505
vt 2.500000 -1.277802
vt 2.187500 -1.173641
vt 2.257271 -1.196892
vt 2.294922 -1.209442
vt 2.353516 -1.228973
vt 2.265625 0.157745
vt 2.187500 0.157745
vt 2.333984 -1.580536
vt 2.275391 -1.561005
vt 2.187500 -1.531708
vt 2.187500 -1.580536
vt 2.500000 -1.473114
vt 2.480469 -1.512177
vt 2.187500 -2.098114
vt 2.187500 -1.473114
vt 2.187500 0.938995
vt 2.265625 0.782745
vt 2.265625 0.938995
vt 2.500000 -1.336395
vt 2.187500 -1.336395
vt 2.207031 -1.297333
vt 2.236328 -1.268036
vt 2.187500 -1.582100
vt 2.333221 -1.582100
vt 2.363281 -1.582100
vt 2.187500 -1.640694
vt 2.500000 -1.275970
vt 2.412872 -1.246941
vt 2.354279 -1.227409
vt 2.339249 -1.222393
vt 2.329941 -1.219284
vt 2.294540 -1.207497
vt 2.256355 -1.194775
vt 2.187500 -1.171810
vt 2.500000 -1.332485
vt 2.482033 -1.296551
vt 2.500000 -1.314518
vt 2.451935 -1.266472
vt 2.500000 -1.290504
vt 2.187500 -1.533539
vt 2.274628 -1.562569
vt 2.187500 -1.494991
vt 2.205467 -1.512959
vt 2.235565 -1.543037
vt 2.187500 -1.519005
vt 2.187500 -1.807491
vt 2.451935 -1.543037
vt 2.482033 -1.512959
vt 2.187500 -2.102024
vt 2.187500 -1.477024
vt 2.205467 -1.296551
vt 2.187500 -1.332485
vt 2.235565 -1.266472
vt 2.292595 -1.237957
vt 2.324219 -1.227409
vt 2.394905 -1.571552
vt 2.187500 -1.675255
vt 2.500000 -1.477024
vt 2.500000 -1.562500
vt 2.343750 -1.562500
vt 2.265625 0.312500
vt 2.421875 0.312500
vt 2.324219 -1.403973
vt 2.344131 -1.403973
vt 2.334175 -1.400654
vt 2.187500 -1.666080
vt 2.255478 -1.688740
vt 2.245712 -1.678974
vt 2.225800 -1.659042
vt 2.187500 -1.620762
vt 2.206268 -1.502029
vt 2.225800 -1.462967
vt 2.216034 -1.472733
vt 2.500000 -1.563732
vt 2.481232 -1.619980
vt 2.240486 -2.342255
vt 2.187500 -1.558277
vt 2.249451 -1.372406
vt 2.187500 -1.351768
vt 2.245712 -1.443035
vt 2.299614 -1.389133
vt 2.188416 -2.498505
vt 2.461700 -1.659042
vt 2.187500 -2.207481
vt 2.364464 -1.717636
vt 2.363281 -1.718037
vt 2.187500 -1.776630
vt 2.187500 -1.806118
vt 2.441788 -1.678974
vt 2.187500 -1.933262
vt 2.402725 -1.423504
vt 2.441788 -1.443035
vt 2.432022 -1.433270
vt 2.323036 -1.404373
vt 2.331963 -1.399910
vt 2.187500 -1.582481
vt 2.461700 -1.462967
vt 2.500000 -1.539528
vt 2.500000 -1.501247
vt 2.187500 0.782745
vt 2.343369 -1.718037
vt 2.284775 -1.698505
vt 2.187500 -1.718037
vt 2.500000 -1.455929
vt 2.500000 0.782745
vt 2.187500 -1.623108
vt 2.224236 -1.659824
vt 2.244911 -1.680538
vt 2.254677 -1.690304
vt 2.187500 -1.667912
vt 2.500000 -1.454098
vt 2.432823 -1.431705
vt 2.403526 -1.421940
vt 2.344933 -1.402409
vt 2.334557 -1.398956
vt 2.331810 -1.398041
vt 2.299232 -1.387169
vt 2.248344 -1.370232
vt 2.187500 -1.349937
vt 2.324219 -1.402409
vt 2.187500 -1.935608
vt 2.442589 -1.680538
vt 2.463264 -1.659824
vt 2.187500 -2.211391
vt 2.187500 -1.778194
vt 2.363281 -1.719601
vt 2.366791 -1.718418
vt 2.187500 -1.808083
vt 2.244911 -1.441471
vt 2.224236 -1.462185
vt 2.214470 -1.471951
vt 2.320709 -1.403591
vt 2.442589 -1.441471
vt 2.500000 -1.535618
vt 2.463264 -1.462185
vt 2.500000 -1.498901
vt 2.204704 -1.501247
vt 2.283974 -1.700069
vt 2.187500 -1.552803
vt 2.187500 -1.586391
vt 2.482796 -1.620762
vt 2.190247 -2.498505
vt 2.342567 -1.719601
vt 2.187500 -1.719601
vt 2.500000 -1.569206
vt 2.204819 0.312500
vt 2.206650 0.156250
vt 2.190247 0.156250
vt 2.188416 0.312500
vt 0.827589 0.152143
vt 0.823496 0.267760
vt 0.666363 0.262130
vt 0.670267 0.151491
vt -2.498505 0.156250
vt -1.618435 0.156250
vt -1.612961 0.312500
vt -2.342255 0.312500
vt -2.498505 0.312500
vt 0.782745 0.312500
vt -1.455929 0.312500
vt -1.501247 0.312500
vt -1.539528 0.312500
vt -1.535618 0.156250
vt -1.498901 0.156250
vt -1.454098 0.156250
vt 0.938995 0.156250
vt 0.938995 0.312500
vt -2.433017 0.450169
vt -2.505705 0.449854
vt -2.506849 0.138359
vt -2.451705 0.138580
vt -1.569206 0.156250
vt -1.563732 0.312500
vt -2.236126 0.139478
vt -2.201959 0.139611
vt 0.659248 0.463908
vt -2.194722 0.451228
vt -2.229920 0.451073
vt -2.237823 0.451044
vt -2.240917 0.139454
vt 0.157745 0.312500
vt -1.277802 0.312500
vt -1.292450 0.312500
vt -1.316864 0.312500
vt -1.336395 0.312500
vt -1.332485 0.156250
vt -1.314518 0.156250
vt -1.290504 0.156250
vt -1.275970 0.156250
vt 0.933849 0.465130
vt 0.816553 0.464608
vt 0.932706 0.152575
vt -1.477024 0.156250
vt -1.473114 0.312500
vt -1.439526 0.312500
vt -1.454556 0.312500
vt -1.480152 0.312500
vt -1.504356 0.312500
vt -1.500465 0.156250
vt -1.477806 0.156250
vt -1.452610 0.156250
vt -1.437695 0.156250
vt 0.001495 0.156250
vt 0.001495 0.312500
vt -2.207481 0.312500
vt -1.933262 0.312500
vt -1.806118 0.312500
vt -1.776630 0.312500
vt -1.718037 0.312500
vt -1.666080 0.312500
vt -1.620762 0.312500
vt -1.582481 0.312500
vt -1.586391 0.156250
vt -1.623108 0.156250
vt -1.667912 0.156250
vt -1.719601 0.156250
vt -1.778194 0.156250
vt -1.808083 0.156250
vt -1.935608 0.156250
vt -2.211391 0.156250
vt -2.097758 0.140047
vt -2.090520 0.451692
vt -1.171810 0.156250
vt -1.173641 0.312500
vt -1.333534 0.156250
vt -1.503574 0.156250
vt -1.509048 0.312500
vt -1.335346 0.312500
vt -2.242653 0.312500
vt -1.954357 0.312500
vt -1.823704 0.312500
vt -1.790688 0.312500
vt -1.732094 0.312500
vt -1.682484 0.312500
vt -1.667454 0.312500
vt -1.641857 0.312500
vt -1.617653 0.312500
vt -1.621544 0.156250
vt -1.644203 0.156250
vt -1.669399 0.156250
vt -1.684315 0.156250
vt -1.733658 0.156250
vt -1.792252 0.156250
vt -1.825649 0.156250
vt -1.956703 0.156250
vt -2.246544 0.156250
vt -1.349937 0.156250
vt -1.552803 0.156250
vt -1.558277 0.312500
vt -1.351768 0.312500
vt -2.476061 0.449983
vt -2.440863 0.450138
vt -2.456419 0.138563
vt -2.098114 0.312500
vt -1.805145 0.312500
vt -1.673309 0.312500
vt -1.639130 0.312500
vt -1.580536 0.312500
vt -1.531708 0.312500
vt -1.517059 0.312500
vt -1.492645 0.312500
vt -1.494991 0.156250
vt -1.519005 0.156250
vt -1.533539 0.156250
vt -1.582100 0.156250
vt -1.640694 0.156250
vt -1.675255 0.156250
vt -1.807491 0.156250
vt -2.102024 0.156250
vt -0.127899 2.612388
vt -0.127899 2.924904
vt -0.155632 2.924867
vt -0.157196 2.612350
vt -0.154869 3.081126
vt -0.127899 3.081161
vt -0.127899 4.331224
vt -0.148613 4.331197
vt -0.127899 4.487482
vt -0.127899 4.565610
vt -0.147430 4.565585
vt -0.147812 4.487455
vt -0.127899 0.737294
vt -0.127899 1.141482
vt -0.164558 1.141434
vt -0.166580 0.737244
vt -0.162994 1.453169
vt -0.127899 1.453215
vt -0.127899 2.456130
vt -0.157959 2.456091
vt 0.172937 3.247275
vt 0.172937 3.169147
vt 0.174162 3.169145
vt 0.172937 3.012889
vt 0.172937 1.762826
vt 0.196001 1.762797
vt 0.176571 3.012884
vt 0.172937 1.606568
vt 0.172937 1.294053
vt 0.203267 1.294014
vt 0.198410 1.606536
vt 0.172937 -0.176853
vt 0.172937 -0.581041
vt 0.232372 -0.581116
vt 0.226133 -0.177588
vt 0.172937 1.137795
vt 0.172937 0.134880
vt 0.221275 0.134209
vt 0.205676 1.137754
vt 0.520005 1.981959
vt 0.521371 1.903826
vt 0.610654 1.903530
vt 0.610214 1.981659
vt 0.579337 -1.443000
vt 0.586296 -1.846539
vt 0.632325 -1.846692
vt 0.629991 -1.444027
vt 0.548415 0.341174
vt 0.553833 0.028643
vt 0.621490 0.028419
vt 0.619684 0.340937
vt 0.524057 1.747561
vt 0.545729 0.497439
vt 0.618803 0.497197
vt 0.611579 1.747270
vt 0.556520 -0.127622
vt 0.573919 -1.131195
vt 0.628185 -1.132300
vt 0.622371 -0.127840
vt -1.424794 2.186682
vt -1.476639 2.187821
vt -1.482330 1.785160
vt -1.427654 1.785467
vt -1.428193 5.613474
vt -1.429299 5.535345
vt -1.401111 5.535503
vt -1.400571 5.613629
vt -1.458027 3.503995
vt -1.472242 2.499545
vt -1.422609 2.498441
vt -1.415488 3.504233
vt -1.431511 5.379087
vt -1.449179 4.129026
vt -1.411064 4.129240
vt -1.402217 5.379251
vt -1.451391 3.972768
vt -1.455815 3.660253
vt -1.414382 3.660485
vt -1.412170 3.972988
vt -0.913475 1.789675
vt -0.924532 1.789989
vt -0.926866 1.388754
vt -0.925060 1.388763
vt -0.904753 5.217110
vt -0.905194 5.138980
vt -0.860087 5.139218
vt -0.859647 5.217348
vt -0.916933 3.107607
vt -0.922748 2.101763
vt -0.904489 2.101240
vt -0.875438 3.107826
vt -0.906097 4.982721
vt -0.913321 3.732645
vt -0.868214 3.732883
vt -0.860990 4.982959
vt -0.914224 3.576386
vt -0.916030 3.263867
vt -0.870923 3.264105
vt -0.869117 3.576624
vt -0.881759 1.388991
vt -0.516927 3.089474
vt -0.518547 2.776955
vt -0.507232 3.089510
vt -0.528262 0.901844
vt -0.467602 0.902069
vt -0.448173 4.652291
vt -0.450601 4.652282
vt -0.456268 4.496005
vt -0.501565 3.245787
vt -0.508437 4.730196
vt -0.508832 4.652066
vt -0.447778 4.730420
vt -0.509641 4.495807
vt -0.516118 3.245733
vt -0.148880 4.187380
vt -0.149261 4.109251
vt -0.168030 0.359039
vt -0.129349 0.359090
vt -0.129349 4.187406
vt 0.172066 3.547365
vt 0.170861 3.625495
vt 0.170861 -0.202821
vt 0.230316 -0.202896
vt 0.630903 -0.740949
vt 0.628635 -0.348679
vt 0.617754 -0.348281
vt 0.629097 -0.740943
vt 0.608746 -0.036187
vt 0.626829 -0.036857
vt 0.620970 0.977903
vt 0.579475 0.978041
vt 0.620067 1.134162
vt 0.618261 1.446681
vt 0.565930 1.446854
vt 0.574960 1.134312
vt 0.518577 3.087702
vt 0.519920 3.009569
vt 0.520823 3.009566
vt 0.609231 3.009273
vt 0.608790 3.087403
vt 0.561437 1.603125
vt 0.617358 1.602940
vt 0.610134 2.853014
vt 0.525338 2.853295
vt 0.584893 -0.740796
vt 1.106416 2.370789
vt 1.115264 1.120713
vt 1.153378 1.120549
vt 1.135710 2.370663
vt 1.116370 0.964454
vt 1.118582 0.651935
vt 1.160014 0.651757
vt 1.155590 0.964285
vt 1.119688 0.495676
vt 1.126863 -0.519086
vt 1.176603 -0.520683
vt 1.162226 0.495493
vt 1.104771 2.605178
vt 1.105310 2.527048
vt 1.133498 2.526927
vt 1.132392 2.605059
vt 1.186530 -1.223414
vt 1.184075 -1.049982
vt 1.181000 -0.832572
vt 1.129075 -0.830908
vt 1.131853 -1.223178
vt -0.915706 -1.262527
vt -0.921608 -2.278672
vt -0.876504 -2.279206
vt -0.870601 -1.262290
vt -0.904914 0.612586
vt -0.912138 -0.637490
vt -0.867033 -0.637252
vt -0.859810 0.612824
vt -0.902712 -2.590786
vt -0.923414 -2.590552
vt -0.924647 -2.807955
vt -0.913019 -0.793749
vt -0.914825 -1.106268
vt -0.869720 -1.106030
vt -0.867914 -0.793511
vt -0.876812 -2.334208
vt -0.925660 -2.981381
vt -0.880556 -2.981143
vt -0.903549 0.846975
vt -0.903989 0.768845
vt -0.858885 0.769083
vt -0.858444 0.847213
vt -0.515142 0.341072
vt -0.516761 0.028553
vt -0.456102 0.028778
vt -0.454482 0.341296
vt -0.515813 -1.144681
vt -0.523119 -1.199623
vt -0.526476 -1.846558
vt -0.465816 -1.846333
vt -0.460011 -0.725881
vt -0.517551 -0.127706
vt -0.522842 -1.144621
vt -0.456891 -0.127482
vt -0.507875 1.747405
vt -0.514352 0.497331
vt -0.453692 0.497555
vt -0.447216 1.747629
vt -0.506651 1.981794
vt -0.507046 1.903664
vt -0.446387 1.903889
vt -0.445992 1.982018
vt -0.127869 -0.580974
vt -0.127869 1.137861
vt -0.157928 1.137822
vt -0.160942 0.539424
vt -0.166550 -0.581025
vt -0.148582 3.012928
vt -0.154839 1.762857
vt -0.127869 1.762893
vt -0.127869 3.012955
vt -0.155602 1.606598
vt -0.157166 1.294081
vt -0.127869 1.294119
vt -0.127869 1.606635
vt -0.147400 3.247316
vt -0.147781 3.169187
vt -0.127869 3.169213
vt -0.127869 3.247342
vt 0.172678 2.924852
vt 0.172678 2.612337
vt 0.203007 2.612298
vt 0.198150 2.924820
vt 0.172678 4.331172
vt 0.172678 3.081110
vt 0.195741 3.081081
vt 0.176311 4.331168
vt 0.232113 0.737168
vt 0.220542 1.484118
vt 0.205416 2.456038
vt 0.172678 2.456079
vt 0.172678 0.737243
vt 0.172678 4.565559
vt 0.172678 4.487431
vt 0.173902 4.487429
vt 0.519789 5.836073
vt 0.521154 5.757941
vt 0.610438 5.757645
vt 0.609997 5.835774
vt 0.548199 4.195289
vt 0.553617 3.882758
vt 0.621273 3.882534
vt 0.619468 4.195052
vt 0.523841 5.601676
vt 0.545512 4.351554
vt 0.618587 4.351312
vt 0.611363 5.601386
vt 0.629863 2.398252
vt 0.609161 2.397978
vt 0.631096 2.180849
vt 0.556304 3.726493
vt 0.573174 2.754547
vt 0.577711 2.709440
vt 0.628057 2.710132
vt 0.622154 3.726275
vt 0.586080 2.007576
vt 0.632109 2.007423
vt -1.424720 2.212557
vt -1.425826 2.134428
vt -1.397638 2.134586
vt -1.397099 2.212712
vt -1.447918 0.571851
vt -1.452342 0.259336
vt -1.410909 0.259568
vt -1.408698 0.572071
vt -1.424181 -1.615450
vt -1.421402 -1.223200
vt -1.473328 -1.224931
vt -1.476403 -1.442332
vt -1.478858 -1.615757
vt -1.428038 1.978171
vt -1.445706 0.728109
vt -1.407592 0.728323
vt -1.398744 1.978335
vt -1.454554 0.103078
vt -1.468931 -0.913055
vt -1.419191 -0.911393
vt -1.412015 0.103317
vt -0.911626 0.964454
vt -0.913433 0.651935
vt -0.868326 0.652173
vt -0.866520 0.964692
vt -0.903499 2.370789
vt -0.910723 1.120713
vt -0.865617 1.120951
vt -0.858393 2.371027
vt -0.914336 0.495676
vt -0.920194 -0.519086
vt -0.902112 -0.518380
vt -0.872841 0.495895
vt -0.911120 -0.830488
vt -0.922000 -0.830908
vt -0.924269 -1.223178
vt -0.922463 -1.223169
vt -0.902156 2.605178
vt -0.902596 2.527048
vt -0.857490 2.527286
vt -0.857049 2.605416
vt -0.879162 -1.222940
vt -0.524354 -0.740799
vt -0.463695 -0.740575
vt -0.451551 1.603314
vt -0.497657 1.603143
vt -0.503324 1.446866
vt -0.514639 1.134312
vt -0.513020 1.446830
vt -0.504529 3.087552
vt -0.504924 3.009423
vt -0.446693 3.009638
vt -0.444265 3.009647
vt -0.443870 3.087777
vt -0.452360 2.853361
vt -0.505733 2.853163
vt -0.512210 1.603090
vt -0.445074 2.853388
vt -0.145905 3.625536
vt -0.146286 3.547407
vt -0.147068 3.391148
vt -0.153324 2.141077
vt -0.165054 -0.202805
vt -0.126373 -0.202755
vt -0.126373 3.625562
vt 0.197797 2.702876
vt 0.178387 3.952963
vt 0.175958 4.109224
vt 0.174754 4.187355
vt 0.174754 0.359038
vt 0.234209 0.358963
vt 0.546831 3.245841
vt 0.587445 0.901863
vt 0.631649 0.901716
vt 0.620064 1.302609
vt 0.611078 1.614160
vt 0.582027 2.620699
vt 0.577512 2.776971
vt 0.568482 3.089513
vt 0.563989 3.245784
vt 0.629336 1.614719
vt 0.623522 2.620562
vt 0.522472 4.652228
vt 0.525181 4.495963
vt 0.527890 4.495954
vt 0.523375 4.652225
vt 0.622619 2.776821
vt 0.620813 3.089339
vt 0.521128 4.730361
vt 0.611783 4.651932
vt 0.611342 4.730062
vt 0.619910 3.245599
vt 0.612686 4.495673
vt 0.633455 0.901710
vt 0.631120 1.302945
vt 1.108183 5.217125
vt 1.108722 5.138995
vt 1.136910 5.138874
vt 1.135804 5.217006
vt 1.109828 4.982736
vt 1.118675 3.732660
vt 1.156790 3.732496
vt 1.139122 4.982610
vt 1.132405 1.790004
vt 1.135265 1.388769
vt 1.189942 1.388533
vt 1.184250 1.791211
vt 1.119781 3.576401
vt 1.121993 3.263882
vt 1.163426 3.263704
vt 1.159002 3.576232
vt 1.123099 3.107623
vt 1.130221 2.101779
vt 1.179853 2.102948
vt 1.165638 3.107440
vt -0.877944 3.550654
vt -0.923048 3.549653
vt -0.925383 3.146987
vt -0.880279 3.147225
vt -0.904637 6.740954
vt -0.911861 5.490879
vt -0.866756 5.491117
vt -0.859533 6.741192
vt -0.915428 4.865841
vt -0.921243 3.861380
vt -0.876138 3.862381
vt -0.870324 4.866079
vt -0.903271 6.975344
vt -0.903712 6.897214
vt -0.858608 6.897452
vt -0.858167 6.975582
vt -0.912741 5.334620
vt -0.914547 5.022100
vt -0.869443 5.022338
vt -0.867637 5.334857
vt -0.461845 2.723740
vt -0.456632 3.726664
vt -0.517291 3.726439
vt -0.522504 2.722743
vt -0.514092 4.351476
vt -0.453433 4.351701
vt -0.446956 5.601775
vt -0.507615 5.601550
vt -0.446127 5.758034
vt -0.445732 5.836164
vt -0.506391 5.835939
vt -0.506786 5.757810
vt -0.465557 2.007812
vt -0.463464 2.412003
vt -0.524123 2.411016
vt -0.526216 2.007588
vt -0.455842 3.882923
vt -0.454223 4.195442
vt -0.514882 4.195217
vt -0.516501 3.882699
vt 0.156250 0.313980
vt 0.136719 0.313980
vt 0.058594 0.274918
vt 0.039062 0.255386
vt 0.019531 0.216324
vt 0.000000 0.157730
vt 0.000000 0.138199
vt 0.039062 0.060074
vt 0.058594 0.040543
vt 0.097656 0.021011
vt 0.156250 0.001480
vt 0.175781 0.001480
vt 0.253906 0.040543
vt 0.273438 0.060074
vt 0.292969 0.099136
vt 0.312500 0.157730
vt 0.312500 0.177261
vt 0.273438 0.255386
vt 0.253906 0.274918
vt 0.214844 0.294449
vt 4.723004 25.093140
vt -0.000938 21.870483
vt -0.000938 29.663452
vt 0.120060 29.663452
vt 4.723004 29.663452
vt 0.120060 40.307983
vt 0.120060 53.120483
vt 0.649307 53.120483
vt 4.723004 53.120483
vt 0.685486 -0.927382
vt 0.685486 -0.152082
vt 0.685486 -0.004168
vt 0.685486 1.093750
vt -2.851501 1.093750
vt 0.991959 0.024776
vt 0.972694 0.177650
vt 0.948357 0.370989
vt 0.920738 0.590210
vt 0.884346 0.878906
vt 0.857300 1.093750
vt 1.173424 1.093750
vt 1.199898 0.878906
vt 1.235184 0.592251
vt 1.250061 0.471601
vt 1.250061 1.093750
vt 1.145004 -1.189966
vt 1.125473 -1.035156
vt 1.018204 -0.183506
vt 2.438687 -1.250000
vt -2.777595 1.093750
vt -2.113722 1.093750
vt 2.438687 1.093750
vt 21.685387 1.093750
vt 19.724957 1.093750
vt 11.564651 1.093750
vt -1.247849 1.093750
vt -1.247849 0.471601
vt 11.564651 0.462494
vt 21.685387 0.455294
vt 22.209183 0.454922
vt 22.209183 1.093750
vt 22.209183 -1.250000
vt 30.002151 -1.250000
vt 30.002151 1.093750
vt 27.189651 1.093750
vt -0.687469 -16.623886
vt -0.687469 0.251114
vt -0.531219 0.251114
vt -0.531219 -17.561386
vt -0.687469 -17.561386
vt 0.145476 0.195219
vt 0.495720 -0.192792
vt 1.334213 -0.641988
vt 2.522037 -1.008087
vt 3.985084 -1.259579
vt 5.604554 -1.397421
vt 7.287047 -1.387048
vt 8.910709 -1.248709
vt 10.372975 -1.005709
vt 11.558100 -0.639717
vt 12.399044 -0.199439
vt 12.831826 0.285709
vt 12.834101 0.799492
vt 12.745880 0.897236
vt -2.222656 -16.623886
vt -2.222656 0.251114
vt 0.493375 1.290683
vt 0.060593 0.805535
vt 0.058680 0.372185
vt 12.489540 1.181196
vt 12.396700 1.284036
vt 12.239483 1.368260
vt 12.123277 1.430502
vt 11.558207 1.733232
vt 10.370382 2.099331
vt 8.907335 2.350823
vt 7.287866 2.488666
vt 5.605372 2.478293
vt 3.981710 2.339953
vt 2.519445 2.096953
vt 1.334320 1.730961
vt -2.206673 -17.561386
vt -2.249969 -17.436874
vt -2.249969 -16.623886
vt 0.312500 -1.250000
vt 0.468750 -1.250000
vt 1.201172 1.093750
vt -1.206703 1.093750
vt -1.206703 -1.250000
vt -16.436493 -1.250000
vt -16.436493 0.705805
vt -16.340572 0.502195
vt -15.623505 -1.020098
vt -15.623505 -1.250000
vt 0.251114 0.086342
vt -17.561386 0.086342
vt -17.561386 -2.369133
vt 0.251114 -2.369133
vt 9.845108 -1.250000
vt 9.827637 -1.248655
vt 9.719643 1.093750
vt 9.845108 1.093750
vt 5.360016 1.093750
vt 5.360016 -0.904989
vt 3.751358 -0.781250
vt 3.751358 1.093750
vt 0.410629 0.064049
vt 0.410629 0.631447
vt 2.217270 0.631447
vt 2.217270 0.064049
vt 0.410629 0.631416
vt 2.217270 0.631416
vt 2.217270 0.064018
vt 0.410629 0.064018
vt -1.222687 -1.250000
vt -1.197510 -0.957031
vt -1.139717 -0.284481
vt -1.078644 0.425997
vt -1.033020 0.957031
vt -1.021271 1.093750
vt -1.875000 1.093750
vt 0.309448 1.093750
vt 0.309448 0.145359
vt 0.309448 -0.301609
vt 0.309448 -0.781250
vt -1.875000 -0.781250
vt 1.098747 -0.781250
vt 1.092529 -0.731773
vt 1.092529 -0.227652
vt 1.092529 0.071402
vt 1.092529 1.093750
vt 1.250000 1.093750
vt 1.250000 -0.781250
vt 0.708847 -0.263891
vt 0.720901 -0.361481
vt 0.743027 -0.540390
vt 0.772781 -0.781250
vt 1.067886 -0.535574
vt 1.044731 -0.351381
vt 1.029930 -0.233564
vt 0.990410 0.081053
vt 0.863152 1.093750
vt 0.541039 1.093750
vt 0.662384 0.112028
vt 3.749939 3.440460
vt 2.097412 3.440460
vt 1.757751 4.417023
vt 1.553970 5.002960
vt 3.749939 5.002960
vt -13.452377 5.002991
vt -4.620514 5.002991
vt -4.609375 4.924866
vt -4.257812 2.463928
vt -4.080276 1.221024
vt -3.879471 -0.184425
vt -3.579941 -2.280983
vt -11.701889 -2.309326
vt -13.454437 5.002991
vt 1.806488 -2.497009
vt 2.617188 2.424866
vt 3.041840 5.002991
vt 3.110428 5.002991
vt 3.450851 5.002991
vt 4.352646 5.002991
vt -31.250000 3.261925
vt -30.078125 4.182678
vt -30.078125 -4.957947
vt -30.078125 -51.872009
vt -0.795212 -41.872009
vt -0.796356 -59.997009
vt -2.395859 -59.997009
vt -3.061905 -59.997009
vt -3.653336 -59.997009
vt -5.000000 -59.997009
vt -5.000000 -51.872009
vt 2.263718 -2.497040
vt 1.988525 0.627960
vt 5.937500 0.627960
vt 6.640625 0.627960
vt -25.000061 3.440460
vt -24.375061 -4.372040
vt -25.000061 -4.372040
vt -23.004150 -51.872009
vt -22.660522 -51.872009
vt -22.660522 -59.997009
vt -31.250000 -59.997009
vt -3.001862 -2.787041
vt -2.700043 -2.787041
vt -2.719955 -2.875237
vt -3.002930 -2.876228
vt -12.397308 -2.908882
vt -12.404480 -2.877983
vt -12.357712 -2.866692
vt -12.358246 -2.908768
vt -20.625000 -1.793884
vt -15.021057 -1.793884
vt -14.857864 -2.497009
vt -20.625000 -2.497009
vt -14.079437 -2.497009
vt -14.247971 -1.793884
vt -14.211273 -1.793884
vt -14.077377 -2.497009
vt -25.000061 5.002960
vt -25.000061 -4.997040
vt -3.747482 31.466957
vt -6.832962 -4.156937
vt -5.024109 32.020622
vt -3.749390 32.020622
vt -0.789948 -59.997009
vt -0.871964 -60.376686
vt -1.562500 -60.270447
vt -2.578125 -60.114197
vt 6.250000 32.502991
vt 6.250000 32.020622
vt 6.247025 32.020622
vt -2.584991 -2.277512
vt -2.544022 -2.277359
vt -1.533051 -2.273849
vt -1.826935 -2.872147
vt -2.932816 -2.278732
vt -2.999573 -2.587761
vt -2.996063 -2.278961
vt -2.171707 -0.447144
vt -1.796875 -0.504822
vt -2.250595 -0.796494
vt -0.703125 0.198303
vt -3.632812 0.667053
vt -2.812500 -0.348572
vt -3.671875 -60.817322
vt -6.584152 -4.997040
vt -16.756042 -4.997040
vt -16.875061 -4.372040
vt -6.070160 -4.372040
vt -6.224503 -4.997040
vt -4.610367 5.002991
vt -2.525482 -0.392746
vt -0.748825 -2.868408
vt 1.523438 3.948303
vt 1.875000 5.002991
vt 2.026901 5.002991
vt 2.431488 5.002991
vt 4.463348 -2.850288
vt -22.027588 -59.882111
vt -22.027588 -59.872955
vt -22.025528 -59.881615
vt 1.250000 -2.497009
vt 1.835938 -0.739197
vt 1.401901 -2.497009
vt 4.142609 5.002960
vt -18.125000 3.127960
vt -25.284119 -2.497040
vt -26.093750 -2.497040
vt -18.125000 5.002960
vt -20.921478 5.002991
vt -21.784286 -4.957947
vt -21.801453 -5.156273
vt -21.875000 -6.005539
vt -21.875000 -4.957947
vt -21.875000 5.002991
vt -16.521912 5.002960
vt -17.171478 -2.497040
vt -18.125000 -2.497040
vt -21.439362 -5.192513
vt -21.875000 -9.926399
vt 0.937500 0.627960
vt 1.213989 0.627960
vt 1.482544 -2.497040
vt 0.937500 -2.497040
vt -1.640625 -2.291054
vt -1.441650 -4.606384
vt -1.640625 -4.606384
vt -16.751099 -2.497040
vt -16.060867 5.002960
vt 0.838013 5.002960
vt 0.937500 3.845276
vt -21.875000 -26.247009
vt -20.501099 5.002991
vt -2.812500 5.002991
vt -2.267456 5.002991
vt -1.640625 -8.668884
vt -1.640625 -26.247009
vt 8.517548 -4.997009
vt 5.312439 2.815491
vt 5.312439 4.288689
vt 5.312439 2.564560
vt 5.122391 4.723145
vt -11.685928 -4.997009
vt -10.765671 5.002991
vt 4.353577 5.002991
vt 5.212952 -4.997009
vt -13.750061 -4.997009
vt -11.283249 4.975067
vt -12.146973 -4.997009
vt 3.750000 -4.606384
vt -0.640182 -4.606384
vt -1.486282 5.002991
vt -14.624786 -2.916626
vt -22.622910 -59.997009
vt -22.618484 -60.015892
vt -22.278519 -61.481461
vt -22.042923 -62.497009
vt -22.506104 -62.497009
vt -26.875000 -62.497009
vt -5.039062 3.635803
vt -4.940262 5.002991
vt -18.750061 3.440460
vt -4.141144 3.440460
vt -4.960999 0.120148
vt -5.742249 -3.043915
vt -4.974442 5.002991
vt -5.273438 0.393616
vt -5.334091 5.002991
vt -21.875000 -51.872009
vt 0.429688 1.721741
vt -0.999603 -60.967392
vt -0.793152 -8.668884
vt -0.794296 -26.247009
vt -21.875061 -4.372040
vt -21.875061 -4.997040
vt 6.245117 31.659409
vt 6.240463 31.658875
vt 6.241226 31.703201
vt -14.232864 5.002991
vt 3.102585 -4.997040
vt 2.109314 1.956085
vt 1.897293 3.440460
vt 6.250000 31.603676
vt 6.242981 31.799866
vt 4.277344 -26.247009
vt -0.167542 -26.247009
vt -0.167542 -8.668884
vt 3.750000 -8.668884
vt 5.000000 -26.247009
vt -6.390610 -4.997009
vt -3.515625 26.243835
vt -3.105011 30.706116
vt -3.070831 31.077209
vt 5.628510 31.077209
vt 5.660400 30.706116
vt 8.728638 -4.997009
vt -3.854202 3.440460
vt -4.023499 2.932648
vt 4.277344 -61.872009
vt -22.535095 -59.997009
vt -29.843750 5.002991
vt -29.034119 5.002991
vt -4.804688 -62.340759
vt -4.881439 -62.497009
vt -5.000000 -62.497009
vt -3.774017 3.440460
vt 1.791779 -4.997040
vt 1.914001 -4.254852
vt 1.860367 -4.997040
vt -20.625000 -62.497009
vt -20.939941 -62.497009
vt -21.398697 -62.497009
vt -21.649628 -61.450027
vt -21.997833 -59.997009
vt -22.028275 -51.872009
vt 9.246521 -2.427124
vt 2.200790 -4.997040
vt 2.148376 -1.012665
vt -6.190323 -4.997040
vt -3.125061 5.002960
vt -3.006500 5.002960
vt -18.750061 5.002960
vt -20.625000 5.002991
vt -5.245514 -2.497009
vt -15.505981 5.002991
vt -5.235367 -2.497009
vt 1.875000 -62.497009
vt -0.320969 -62.497009
vt -0.538406 -61.872009
vt 0.053663 7.883726
vt 0.057217 6.047449
vt 7.960604 6.550186
vt 7.957763 7.937063
vt 7.973614 -0.072913
vt 7.966854 3.367704
vt 0.063661 2.864197
vt 0.069515 -0.126250
vt 8.041099 -0.021506
vt 8.033347 3.699931
vt -0.036532 3.368192
vt -0.029337 -0.072424
vt -0.043183 6.550674
vt 8.026588 6.884754
vt 8.024230 7.988470
vt -0.046206 7.937551
vt 0.031181 7.988470
vt 0.034074 6.884754
vt 7.992367 7.001295
vt 7.989754 8.029140
vt 0.042364 3.699931
vt 0.051873 -0.021506
vt 8.010447 0.019163
vt 8.000546 3.810990
vt 0.002176 3.811478
vt 0.017344 0.019652
vt 7.921621 0.046130
vt 7.907124 3.684643
vt -0.014359 8.029628
vt -0.010355 7.001783
vt 7.894528 6.883160
vt 7.889918 8.056107
vt 319.628662 44.648117
vt 319.699402 43.475018
vt 324.424408 43.226238
vt 327.671967 43.055302
vt 327.580963 44.564018
vt 325.334900 39.983498
vt 319.892334 40.276085
vt 320.111816 36.637096
vt 326.292816 36.571770
vt -315.225342 -28.421333
vt -315.316315 -29.930050
vt -312.163544 -30.096685
vt -307.394379 -30.349377
vt -307.273010 -28.337234
vt -307.756165 -36.348255
vt -307.588440 -33.567085
vt -313.054840 -33.270977
vt -313.937164 -36.413582
vt 0.089874 2.826449
vt 0.078868 0.045642
vt 7.983144 0.019163
vt 7.991666 2.196487
vt 0.110570 8.055618
vt 0.102800 6.043731
vt 8.004690 5.422372
vt 8.014847 8.029140
vt -0.004884 2.196487
vt -0.010446 0.019163
vt 7.948127 -0.021506
vt 7.952094 1.530429
vt 0.010246 8.029140
vt 0.003617 5.422372
vt 7.960362 4.763366
vt 7.968819 7.988470
vt -0.024474 7.988470
vt -0.031369 4.763366
vt 8.037830 4.133211
vt 8.045961 7.937551
vt 8.031064 0.895973
vt -0.038109 1.530429
vt -0.041343 -0.021506
vt 8.029093 -0.072424
vt 0.028238 0.895485
vt 0.026386 -0.072913
vt 7.930485 -0.126250
vt 7.931431 0.391978
vt 0.034596 4.132723
vt 7.937983 3.629986
vt 7.946337 7.883726
vt 0.042237 7.937063
vt -0.064828 3.630475
vt 7.561095 3.314361
vt 8.005145 3.416470
vt 8.014498 7.833296
vt -0.055938 7.884214
vt 7.997630 -0.176680
vt 7.998133 0.054466
vt 7.998078 0.060728
vt -0.071800 0.392467
vt -0.072806 -0.125762
vt 0.187459 3.454001
vt 7.967592 5.060615
vt 7.974733 7.792138
vt 0.016160 7.832808
vt 0.004687 3.415981
vt 0.004451 0.202602
vt -0.003563 0.060219
vt -0.003915 0.053978
vt -0.004533 -0.177169
vt 7.954041 -0.217838
vt 7.959324 1.827678
vt 0.006844 0.245122
vt -0.003982 0.060239
vt -0.038432 7.792626
vt -0.049371 5.061103
vt 7.859812 6.322954
vt 7.865524 7.766158
vt -0.062038 1.828167
vt -0.070134 -0.217350
vt 7.833822 -0.243818
vt 7.847042 3.047775
vt -315.003906 44.221001
vt -319.374969 44.174843
vt -319.462036 42.731453
vt -315.298065 43.173859
vt -316.242310 39.810246
vt -319.659576 39.455849
vt -319.858124 36.163822
vt -317.258392 36.191200
vt 323.502747 -36.822018
vt 323.253998 -32.697987
vt 319.753204 -32.699158
vt 320.902985 -36.794640
vt 323.055634 -29.409084
vt 323.019562 -28.810995
vt 318.648499 -28.764839
vt 318.828735 -29.406738
vt 0.134476 7.765669
vt 0.136810 7.167658
vt 8.043104 6.652051
vt 8.038432 7.792138
vt 0.149762 3.879185
vt 0.166178 -0.244307
vt 8.070134 -0.217838
vt 8.056067 3.393307
vt 0.037022 3.393307
vt 0.046204 -0.217838
vt 8.004777 -0.177169
vt 8.004159 0.053978
vt 7.882234 2.220146
vt 7.874176 2.363309
vt 7.998475 2.229731
vt 7.692265 5.595204
vt 7.989887 5.554184
vt 7.984085 7.832808
vt 0.025511 7.792138
vt 0.028561 6.652051
vt 8.072684 -0.125762
vt 8.066455 2.864685
vt -0.002889 2.230219
vt 0.001745 0.054466
vt 0.002248 -0.176680
vt -0.014620 7.833296
vt -0.009890 5.554672
vt 0.496280 5.457066
vt 8.059597 6.047937
vt 8.055816 7.884214
vt 15.443440 6.875000
vt 13.126912 7.562500
vt 10.245339 7.937500
vt 7.242019 7.937500
vt 4.360446 7.562500
vt 2.043918 6.875000
vt 0.542227 5.937500
vt 0.105472 5.111664
vt 0.105472 4.638336
vt 0.542227 3.812500
vt 2.043918 2.875000
vt 4.360446 2.187500
vt 7.242019 1.812500
vt 10.245339 1.812500
vt 13.126912 2.187500
vt 15.443440 2.875000
vt 16.945070 3.812500
vt 17.128794 4.159851
vt 17.128794 5.590149
vt 16.945070 5.937500
vt 13.132783 5.812500
vt 10.251211 6.187500
vt 7.247890 6.187500
vt 4.366318 5.812500
vt 2.049789 5.125000
vt 0.548098 4.187500
vt -0.013829 3.125000
vt 0.548098 2.062500
vt 2.049789 1.125000
vt 4.366318 0.437500
vt 7.247890 0.062500
vt 10.251211 0.062500
vt 13.132783 0.437500
vt 15.449311 1.125000
vt 16.950941 2.062500
vt 17.259836 2.646515
vt 17.259836 3.603485
vt 16.950941 4.187500
vt 15.449311 5.125000
vt 0.026768 7.931160
vt 7.806879 7.921716
vt 7.802336 8.086343
vt 0.028336 8.078752
vt 8.025800 0.055405
vt 7.920169 3.852291
vt -0.017761 3.838120
vt -0.058873 0.041077
vt -0.242601 8.086831
vt -0.237029 7.922204
vt 8.297267 7.908165
vt 8.304248 8.093812
vt 8.145576 3.864466
vt -0.098058 3.852779
vt 0.031517 0.055893
vt 8.003348 0.067394
vt 0.465950 8.092835
vt 0.455255 7.907188
vt 8.138675 7.892672
vt 8.144119 8.096861
vt 8.031500 3.870924
vt 0.222852 3.863489
vt 0.004945 0.066418
vt 7.930377 0.073789
vt 532.026123 64.708115
vt 524.321472 64.859085
vt 524.679993 61.067299
vt 532.633606 60.911629
vt 523.922424 69.079056
vt 523.941711 68.875153
vt 531.385010 68.713211
vt 531.350037 68.932800
vt -512.182495 -52.839664
vt -512.191467 -53.059250
vt -503.308533 -52.896523
vt -503.271606 -52.663994
vt -503.946991 -56.900047
vt -512.351990 -57.064346
vt -512.504395 -60.860832
vt -504.553741 -60.705162
vt 7.886757 3.864043
vt 0.228996 3.870905
vt 0.066666 0.074448
vt 7.994339 0.066957
vt 0.409672 8.097322
vt 0.399822 7.865322
vt 7.773459 7.856708
vt 7.766902 8.093502
vt -0.152058 8.093502
vt -0.147778 7.856708
vt 7.702570 7.851967
vt 7.694555 8.087105
vt 7.839059 3.852639
vt -0.073828 3.864043
vt -0.003609 0.066957
vt 7.968641 0.055422
vt -0.249408 8.087105
vt -0.242874 7.851967
vt 8.143631 7.852176
vt 8.146040 8.078578
vt 8.099979 3.838138
vt -0.131607 3.852639
vt -0.025970 0.055422
vt 8.058702 0.041095
vt 7.888997 0.012266
vt 8.000620 3.808945
vt -0.062441 3.823073
vt -0.021300 0.026420
vt -0.106161 7.857214
vt 8.119948 7.867572
vt 8.125594 8.062281
vt -0.108543 8.070372
vt 0.000944 3.808945
vt -0.135981 0.012266
vt 8.049545 0.000608
vt 7.910905 3.797779
vt 0.154247 8.062281
vt 0.147322 7.867572
vt 7.761962 7.879682
vt 7.755568 8.055870
vt -0.374470 8.055382
vt -0.364672 7.879193
vt 7.827893 7.894475
vt 7.823994 8.051137
vt -0.136478 3.797291
vt 0.075931 0.000120
vt 8.035840 -0.007517
vt 7.935998 3.789550
vt -523.339294 68.736450
vt -523.354065 68.579994
vt -514.820374 68.745071
vt -514.797058 68.884666
vt -523.743042 64.480789
vt -524.102905 60.689007
vt -516.152344 60.825855
vt -515.513855 64.622345
vt 511.764465 -52.887791
vt 511.769073 -53.027386
vt 518.743774 -53.138355
vt 518.723511 -53.008957
vt 511.900787 -57.150116
vt 512.022156 -60.946606
vt 519.981934 -61.083847
vt 519.388916 -57.279125
vt -0.339826 8.051726
vt -0.334785 7.922596
vt 8.146739 7.932483
vt 8.150222 8.056185
vt -0.174124 3.790399
vt -0.026257 -0.006436
vt 7.923033 0.001028
vt 8.030294 3.798098
vt 0.019751 3.797610
vt -0.050259 0.000540
vt 8.135476 0.012215
vt 8.272235 3.809233
vt 0.098028 8.055696
vt 0.095755 7.931994
vt 8.421079 7.937005
vt 8.425505 8.062450
vt 7.979542 3.823023
vt 0.221980 3.809233
vt 0.110492 0.012215
vt 8.020788 0.026368
vt 0.346927 8.062450
vt 0.343319 7.937005
vt 7.934962 7.936565
vt 7.933485 8.070129
vt 2.049398 2.874847
vt 4.369456 2.187500
vt 7.255697 1.812500
vt 10.266558 1.812500
vt 13.090549 2.187500
vt 15.472857 2.874969
vt 16.982882 3.811432
vt 17.482098 4.875031
vt 16.984659 5.937408
vt 15.472611 6.875183
vt 13.090365 7.562500
vt 10.266374 7.937500
vt 7.255635 7.937500
vt 4.369395 7.562500
vt 2.049214 6.875000
vt 0.543294 5.937134
vt -0.022215 4.875000
vt 0.543906 3.812469
vt 7.223491 6.187500
vt 4.448330 5.826904
vt 1.961070 5.089966
vt 0.502633 4.181610
vt -0.025993 3.189362
vt 0.607770 1.998962
vt 2.005245 1.128571
vt 4.288725 0.451904
vt 7.285740 0.062500
vt 10.233984 0.062500
vt 13.173407 0.452850
vt 15.385509 1.091125
vt 16.942772 2.057007
vt 17.477219 3.198425
vt 17.040802 4.128296
vt 15.428151 5.128479
vt 13.004734 5.827850
vt 10.296478 6.187500
vt 7.961986 6.137814
vt 7.961986 8.000314
vt 0.064339 8.000314
vt 0.064339 6.137814
vt 7.961986 0.000314
vt 7.961986 2.917892
vt 0.064339 2.917501
vt 0.064339 0.000314
vt 7.944489 0.041566
vt 7.983122 3.838609
vt -0.019382 3.823511
vt 0.019378 0.026857
vt 8.024965 7.931648
vt 8.026439 8.079240
vt -0.062660 8.070618
vt -0.061272 7.937054
vt -0.040654 6.137814
vt 8.013695 6.240939
vt 8.013695 8.000314
vt -0.040654 8.000314
vt 8.013695 0.000314
vt 8.013695 3.022579
vt -0.040654 2.917892
vt -0.040654 0.000314
vt 0.016897 3.022579
vt 0.016897 0.000314
vt 7.963906 0.000314
vt 7.963906 3.213595
vt 0.016897 8.000314
vt 0.016897 6.240939
vt 7.963906 6.430001
vt 7.963906 8.000314
vt -0.055083 8.000314
vt -0.055083 6.430001
vt 8.171632 6.687814
vt 8.171632 8.000314
vt -0.055083 3.213595
vt -0.055083 0.000314
vt 8.171632 0.000314
vt 8.171632 3.473751
vt 0.046637 8.000314
vt 0.046637 6.687814
vt 7.999482 6.980001
vt 7.999482 8.000314
vt 0.046637 3.473751
vt 0.046637 0.000314
vt 7.999482 0.000314
vt 7.999482 3.768673
vt -0.000762 3.768673
vt -0.000762 0.000314
vt 7.952082 0.000314
vt 7.952082 4.063204
vt -0.000762 8.000314
vt -0.000762 6.980001
vt 7.952082 7.272189
vt 7.952082 8.000314
vt -0.171388 4.063204
vt -0.171388 0.000314
vt 8.055326 0.000314
vt 8.055326 4.322579
vt -0.171388 8.000314
vt -0.171388 7.272189
vt 8.055326 7.530002
vt 8.055326 8.000314
vt 0.035850 4.322579
vt 0.035850 0.000314
vt 7.982859 0.000314
vt 7.982859 4.512814
vt 0.035850 8.000314
vt 0.035850 7.530002
vt 7.982859 7.719064
vt 7.982859 8.000314
vt -0.013695 4.512814
vt -0.013695 0.000314
vt 8.040654 0.000314
vt 8.040654 4.616330
vt -0.013695 8.000314
vt -0.013695 7.719064
vt 8.040654 7.822189
vt 8.040654 8.000314
vt 0.038136 8.000314
vt 0.038136 7.822189
vt 7.935783 7.822189
vt 7.935783 8.000314
vt 7.980142 0.026908
vt 7.941482 3.823561
vt 0.094138 3.838626
vt 0.055351 0.041583
vt 0.038136 4.616330
vt 0.038136 0.000314
vt 7.935783 0.000314
vt 7.935783 4.615548
vt 0.137421 8.079066
vt 0.135157 7.852664
vt 7.900399 7.857703
vt 7.898161 8.070860
vt 7.986114 0.000314
vt 7.986114 4.511251
vt -0.068235 4.615548
vt -0.068235 0.000314
vt -0.068235 7.822189
vt 7.986114 7.719064
vt 7.986114 8.000314
vt -0.068235 8.000314
vt -0.017448 8.000314
vt -0.017448 7.719064
vt 7.929560 7.530002
vt 7.929560 8.000314
vt -0.017448 4.511251
vt -0.017448 0.000314
vt 7.929560 0.000314
vt 7.929560 4.320236
vt -0.107733 4.320236
vt -0.107733 0.000314
vt 8.118982 0.000314
vt 8.118982 4.059689
vt -0.107733 8.000314
vt -0.107733 7.530002
vt 8.118982 7.272189
vt 8.118982 8.000314
vt 0.047185 4.059689
vt 0.047185 0.000314
vt 8.000031 0.000314
vt 8.000031 3.765158
vt 0.047185 8.000314
vt 0.047185 7.272189
vt 8.000031 6.980001
vt 8.000031 8.000314
vt 0.000762 8.000314
vt 0.000762 6.980001
vt 7.953607 6.687814
vt 7.953607 8.000314
vt 0.000762 3.765158
vt 0.000762 0.000314
vt 7.953607 0.000314
vt 7.953607 3.470626
vt -0.118738 3.470626
vt -0.118738 0.000314
vt 8.107977 0.000314
vt 8.107977 3.210861
vt -0.118738 8.000314
vt -0.118738 6.687814
vt 8.107977 6.430001
vt 8.107977 8.000314
vt 0.070440 3.210861
vt 0.070440 0.000314
vt 8.017448 0.000314
vt 8.017448 3.021017
vt 0.070440 8.000314
vt 0.070440 6.430001
vt 8.017448 6.240939
vt 8.017448 8.000314
vt 8.068113 2.917501
vt 0.013764 3.021017
vt 0.013764 0.000314
vt 8.068113 0.000314
vt 0.013764 8.000314
vt 0.013764 6.240939
vt 8.068113 6.137814
vt 8.068113 8.000314
vt 2.057678 2.875000
vt 4.370178 2.187500
vt 7.245178 1.812500
vt 10.245178 1.812500
vt 13.120178 2.187500
vt 15.432678 2.875000
vt 16.995178 3.812500
vt 17.495178 4.875000
vt 16.995178 5.937500
vt 15.432678 6.875000
vt 13.120178 7.562500
vt 10.245178 7.937500
vt 7.245178 7.937500
vt 4.370178 7.562500
vt 2.057678 6.875000
vt 0.495178 5.937500
vt -0.004822 4.875000
vt 0.495178 3.812500
vt 7.245178 6.187500
vt 4.370178 5.812500
vt 2.057678 5.125000
vt 0.495178 4.187500
vt -0.004822 3.125000
vt 0.495178 2.062500
vt 2.057678 1.125000
vt 4.370178 0.437500
vt 7.245178 0.062500
vt 10.245178 0.062500
vt 13.120178 0.437500
vt 15.432678 1.125000
vt 16.995178 2.062500
vt 17.495178 3.125000
vt 16.995178 4.187500
vt 15.432678 5.125000
vt 13.120178 5.812500
vt 10.245178 6.187500
vt -24.518404 -21.667120
vt -24.518404 -18.333786
vt -13.454903 -18.333786
vt -13.454903 -21.667120
vt -13.454903 -13.333787
vt -26.619362 -18.333786
vt -26.619362 -13.333787
vt -13.454903 -26.667120
vt -26.619362 -26.667120
vt -26.619362 -21.667120
vt 0.937500 5.004822
vt 0.937500 8.004822
vt 1.000000 8.004822
vt 1.000000 5.004822
vt 1.000000 -8.004822
vt 0.937500 -8.004822
vt 0.937500 -5.004822
vt 1.000000 -5.004822
vt 1.000000 -1.000000
vt 0.937500 -1.000000
vt 0.937500 2.226562
vt 0.937500 4.233398
vt 0.937500 8.000000
vt 1.000000 8.000000
vt 0.937500 2.500000
vt 0.937500 4.500000
vt 0.937500 1.000122
vt 1.000000 1.000122
vt 1.000000 -7.999878
vt 0.937500 -7.999878
vt -6.994156 1.000000
vt -6.994156 0.937500
vt -8.998611 0.937500
vt -8.998611 1.000000
vt -6.853914 0.937500
vt -6.853914 1.000000
vt -8.857513 1.000000
vt -8.857513 0.937500
vt -50.059834 0.937500
vt 8.066550 0.937500
vt 8.066550 1.000000
vt -51.999443 1.000000
vt -51.999443 0.937500
vt 8.077286 1.000000
vt 8.077286 0.937500
vt -49.955158 0.937500
vt -52.004353 0.937500
vt -52.004353 1.000000
vt 8.004822 -7.999878
vt 5.004822 -7.999878
vt 5.004822 1.000122
vt 8.004822 1.000122
vt -6.992619 8.065399
vt -8.996495 8.076486
vt -8.860106 -52.012383
vt -6.856265 -52.007824
vt -5.999756 8.004822
vt -7.999756 8.004822
vt -7.999756 -51.995178
vt -5.999756 -51.995178
vt -7.999756 0.937500
vt -7.999756 1.000000
vt -5.999756 1.000000
vt -5.999756 0.937500
vt -49.995178 0.937500
vt 8.004822 0.937500
vt 8.004822 1.000000
vt -51.995178 1.000000
vt -51.995178 0.937500
vt 2.559741 1.000000
vt 2.559741 0.937500
vt 1.160580 0.937500
vt 0.321084 0.937500
vt 0.321084 1.000000
vt 1.160580 -0.000000
vt 2.559741 -0.000000
vt -11.973122 -3.000000
vt -11.973122 -3.062500
vt -11.892554 -3.062500
vt -11.892554 -3.000000
vt -11.892554 -4.000000
vt -9.838387 -4.000000
vt -9.838387 -3.000000
vt -108.758354 2.000000
vt -108.758354 1.937500
vt -91.901154 1.937500
vt -79.628700 1.937500
vt -63.265438 1.937500
vt -3.948606 1.937500
vt 47.186592 1.937500
vt 59.459042 1.937500
vt 68.940216 1.937500
vt 68.982971 1.937500
vt 68.982971 2.000000
vt 68.982971 1.000000
vt 68.940216 1.000000
vt -108.758354 1.000000
vt -108.839684 2.000000
vt -108.839684 1.000000
vt 176.865417 -0.000000
vt 176.865417 -0.062500
vt 168.877258 -0.062500
vt 167.379044 -0.062500
vt 156.607437 -0.062500
vt 149.605194 -0.062500
vt 105.483223 -0.062500
vt 94.706322 -0.062500
vt 74.260132 -0.062500
vt 46.179127 -0.062500
vt 29.819376 -0.062500
vt 17.549562 -0.062500
vt 2.672053 -0.062500
vt 0.422949 -0.062500
vt 0.422949 -0.000000
vt 1.458509 0.937500
vt 1.458509 -0.000000
vt 0.029362 -0.000000
vt 0.029362 0.937500
vt 1.967288 1.000000
vt 1.967288 0.937500
vt 0.029362 1.000000
vt -10.900551 -3.062500
vt -10.900551 -4.000000
vt -9.853390 -4.000000
vt -9.853390 -3.062500
vt -9.853390 -3.000000
vt -11.987931 -3.000000
vt -11.987931 -3.062500
vt -98.112099 -0.000000
vt -98.112099 0.937500
vt -98.153549 0.937500
vt -98.153549 -0.000000
vt -97.692284 0.937500
vt -96.750900 0.937500
vt -79.617989 0.937500
vt -67.346169 0.937500
vt -50.983738 0.937500
vt -25.161409 0.937500
vt -6.173508 0.937500
vt 8.330057 0.937500
vt 36.231148 0.937500
vt 47.589920 0.937500
vt 59.462643 0.937500
vt 59.526558 0.937500
vt 59.526558 1.000000
vt -98.153549 1.000000
vt 159.869675 1.000000
vt 159.869675 0.937500
vt 84.442513 0.937500
vt 80.836411 0.937500
vt 49.452644 0.937500
vt 33.094566 0.937500
vt 20.826008 0.937500
vt 7.764144 0.937500
vt 2.564883 0.937500
vt 2.103676 0.937500
vt 2.103676 1.000000
vt -7.994534 -149.898605
vt -5.876982 -150.157013
vt -6.098809 7.522528
vt -8.006969 7.864219
vt -7.963674 -160.575867
vt -7.883754 -160.585617
vt -5.846122 -160.834274
vt -5.846303 -160.752930
vt -6.131858 16.986208
vt -8.094351 15.869830
vt -6.915808 -150.030228
vt -5.877034 -150.115570
vt -7.358417 16.288471
vt -6.131834 16.943459
vt -6.599775 7.612225
vt -6.600879 7.565348
vt 1.871000 2.000000
vt 1.871000 1.875000
vt -1.239531 1.875000
vt -1.239531 2.000000
vt -16.014868 2.000000
vt -16.014868 1.875000
vt -12.946324 1.875000
vt -12.946324 2.000000
vt -107.408188 -6.125000
vt -94.751343 -6.125000
vt -94.673317 -6.120911
vt -93.310890 -6.049500
vt -93.310890 -6.000000
vt -107.408188 -6.000000
vt -93.310890 -6.125000
vt -75.706833 -6.125000
vt -69.872482 -6.125000
vt -69.872482 -6.000000
vt -94.672318 -6.125000
vt 2.062797 1.875000
vt -1.027064 1.875000
vt -1.027064 2.000000
vt 2.062797 2.000000
vt -16.014927 2.000000
vt -16.014927 1.875000
vt -12.946383 1.875000
vt -12.946383 2.000000
vt -107.408096 -6.125000
vt -84.777184 -6.125000
vt -84.777184 -6.000000
vt -107.408096 -6.000000
vt 27.244570 2.000000
vt 27.244570 1.875000
vt 4.571012 1.875000
vt 4.571012 2.000000
vt 2.062785 2.000000
vt 2.062785 1.875000
vt -1.027076 1.875000
vt -1.027076 2.000000
vt -16.014891 1.875000
vt -12.946348 1.875000
vt -12.946348 2.000000
vt -16.014891 2.000000
vt -107.407906 -6.125000
vt -84.776993 -6.125000
vt -84.776993 -6.000000
vt -107.407906 -6.000000
vt 27.243845 2.000000
vt 27.243845 1.875000
vt 4.570288 1.875000
vt 4.570288 2.000000
vt 2.062801 2.000000
vt 2.062801 1.875000
vt -1.027060 1.875000
vt -1.027060 2.000000
vt -16.014912 1.875000
vt -13.037223 1.875000
vt -12.946369 1.875000
vt -12.946369 2.000000
vt -16.014912 2.000000
vt -107.407845 -6.125000
vt -84.776932 -6.125000
vt -84.776932 -6.000000
vt -107.407845 -6.000000
vt 27.243855 2.000000
vt 27.243855 1.875000
vt 4.570297 1.875000
vt 4.570297 2.000000
vt 2.062818 2.000000
vt 2.062818 1.875000
vt -1.027044 1.875000
vt -1.027044 2.000000
vt -16.014935 1.875000
vt -13.037244 1.875000
vt -12.946390 1.875000
vt -12.946390 2.000000
vt -16.014935 2.000000
vt -107.407654 -6.125000
vt -84.776749 -6.125000
vt -84.776749 -6.000000
vt -107.407654 -6.000000
vt 27.243130 2.000000
vt 27.243130 1.875000
vt 4.569573 1.875000
vt 4.569573 2.000000
vt 2.062562 2.000000
vt 2.062562 1.875000
vt 1.777907 1.875000
vt -1.027300 1.875000
vt -1.027300 2.000000
vt -16.015142 2.000000
vt -16.015142 1.875000
vt -12.946599 1.875000
vt -12.946599 2.000000
vt -107.407593 -6.125000
vt -84.776680 -6.125000
vt -84.776680 -6.000000
vt -107.407593 -6.000000
vt 27.242773 2.000000
vt 27.242773 1.875000
vt 4.569215 1.875000
vt 4.569215 2.000000
vt 42.187634 2.000000
vt 42.187634 1.875000
vt 36.971371 1.875000
vt 4.571182 1.875000
vt 4.571182 2.000000
vt 2.062822 2.000000
vt 2.062822 1.875000
vt -0.893802 1.875000
vt -1.027039 1.875000
vt -1.027039 2.000000
vt -16.015163 2.000000
vt -16.015163 1.875000
vt -12.946621 1.875000
vt -12.946621 2.000000
vt -107.407532 -6.000000
vt -107.407532 -6.125000
vt -84.776619 -6.125000
vt -84.776619 -6.000000
vt 27.242659 1.875000
vt 4.569102 1.875000
vt 4.569102 2.000000
vt 27.242659 2.000000
vt 2.062350 2.000000
vt 2.062350 1.875000
vt -1.027512 1.875000
vt -1.027512 2.000000
vt -16.015429 1.875000
vt -12.946886 1.875000
vt -12.946886 2.000000
vt -16.015429 2.000000
vt -107.407341 -6.000000
vt -107.407341 -6.125000
vt -104.342293 -6.125000
vt -84.776436 -6.125000
vt -84.776436 -6.000000
vt 27.241936 2.000000
vt 27.241936 1.875000
vt 8.300603 1.875000
vt 4.568378 1.875000
vt 4.568378 2.000000
vt -13.028024 -76.783226
vt -16.122105 -76.770767
vt -16.049547 -99.426231
vt -12.978872 -99.416115
vt -13.028680 -76.782951
vt -16.122761 -76.770500
vt -16.050203 -99.425957
vt -12.979528 -99.415840
vt -16.050032 -99.425880
vt -12.979357 -99.415764
vt -13.028508 -76.782875
vt -16.122589 -76.770416
vt -13.009675 -85.317734
vt -13.060641 -61.877270
vt -16.170153 -61.839943
vt -16.049713 -99.426384
vt -12.979039 -99.416267
vt -16.050348 -99.425743
vt -12.979673 -99.415627
vt -13.028825 -76.782738
vt -16.122906 -76.770279
vt -12.979322 -99.416008
vt -13.028474 -76.783119
vt -16.122555 -76.770660
vt -16.049997 -99.426125
vt -13.028401 -76.783165
vt -16.122482 -76.770714
vt -16.049925 -99.426170
vt -12.979250 -99.416054
vt -12.979395 -99.415901
vt -13.028546 -76.783012
vt -16.122627 -76.770554
vt -16.050070 -99.426018
vt 8.124878 -2.500000
vt 7.105286 -2.500000
vt 5.595734 -2.500000
vt 2.653076 -2.500000
vt -0.238159 -2.500000
vt -1.644714 -2.500000
vt -4.375122 -2.500000
vt -4.375122 -3.750000
vt 8.124878 -3.750000
vt 23.755981 -5.000000
vt 23.755981 -3.750000
vt 26.880981 -3.750000
vt 26.880981 -5.000000
vt -3.119019 -2.500000
vt -1.708115 -2.500000
vt 1.650497 -2.500000
vt 2.743484 -2.500000
vt 4.852859 -2.500000
vt 6.910660 -2.500000
vt 7.900497 -2.500000
vt 8.517944 -2.500000
vt 26.880981 -2.500000
vt -3.119019 -3.750000
vt 8.749878 -3.750000
vt -5.000122 -3.750000
vt -5.000122 -5.000000
vt 8.749878 -5.000000
vt 8.124878 -5.000000
vt -4.375122 -5.000000
vt -4.994019 -3.750000
vt -4.994019 -5.000000
vt 2.187500 3.124969
vt -4.687500 3.124969
vt -5.625000 3.124969
vt -5.625000 -2.500031
vt -5.000000 -2.500031
vt 2.500000 -2.500031
vt 3.125000 -2.500031
vt 3.125000 3.124969
vt -5.625000 1.953094
vt 3.125000 1.953094
vt -2.497040 -2.500031
vt -2.497040 3.124969
vt 14.377960 3.124969
vt 14.377960 1.953094
vt 14.377960 -2.500031
vt -5.000000 -0.000000
vt -5.000000 -1.875000
vt 2.500000 -1.875000
vt 2.500000 -0.000000
vt 13.127960 -1.875000
vt -2.497040 -1.875000
vt -2.497040 -0.000000
vt 13.127960 -0.000000
vt 4.351303 -2.500000
vt 3.361465 -2.500000
vt 0.470078 -2.500000
vt -0.937439 2.190552
vt 2.187561 2.190552
vt 2.187561 4.690552
vt -0.937439 4.690552
vt -0.312561 -1.199422
vt -3.437561 -1.199422
vt -3.437561 -2.187616
vt -0.312561 -2.187616
vt -3.437561 -2.187707
vt -3.437561 -1.199513
vt -0.312561 -1.199513
vt -0.312561 -2.187707
vt -0.622009 0.312500
vt -0.309509 1.250000
vt 2.190491 1.250000
vt 2.502991 0.312500
vt 0.776058 0.968726
vt 0.359391 -0.032796
vt -5.526026 -0.032796
vt -5.942692 0.968726
vt -6.828613 -2.303584
vt -6.008301 -0.906077
vt -6.997070 -0.906077
vt -6.997070 -2.303584
vt -6.008301 -0.906016
vt -6.828613 -2.303523
vt -6.997070 -2.303523
vt -6.997070 -0.906016
vt -5.526026 0.906138
vt 0.359391 0.906138
vt 0.750016 0.906138
vt 0.359391 -0.032789
vt -5.526026 -0.032789
vt -5.916651 0.906138
vt -6.997070 -2.303474
vt -6.828613 -2.303474
vt -6.059570 -0.993311
vt -6.997070 -0.993311
vt -6.059570 -0.993250
vt -6.828613 -2.303413
vt -6.997070 -2.303413
vt -6.997070 -0.993250
vt 6.666698 5.420628
vt -5.416635 5.420628
vt -5.416635 -6.662705
vt 6.666698 -6.662705
vt -5.416553 -6.662707
vt 6.666780 -6.662707
vt 6.666780 5.420626
vt -5.416553 5.420626
vt -5.416635 -6.662686
vt 6.666698 -6.662686
vt 6.666698 5.420647
vt -5.416635 5.420647
vt -5.416593 -6.662664
vt 6.666740 -6.662664
vt 6.666740 5.420669
vt -5.416593 5.420669
vt 7.222300 1.041647
vt -7.222145 1.041647
vt -8.888812 1.041647
vt -8.888812 1.111091
vt 7.222300 1.111091
vt -1.353485 0.041616
vt -1.353485 0.111061
vt -0.174981 0.111061
vt -0.174981 0.041616
vt -0.670331 1.666633
vt -0.670331 1.597189
vt 0.508174 1.597189
vt 0.508174 1.666633
vt -0.158574 0.041616
vt -1.337079 0.041616
vt -1.337079 0.111061
vt -0.158574 0.111061
vt -0.686737 1.666633
vt -0.686737 1.597189
vt 0.491767 1.597189
vt 0.491767 1.666633
vt -1.352950 0.041616
vt -1.352950 0.111061
vt -0.174446 0.111061
vt -0.174446 0.041616
vt -0.670926 1.666633
vt -0.670926 1.597189
vt 0.507578 1.597189
vt 0.507578 1.666633
vt -0.060773 1.111091
vt -0.060773 1.041647
vt -16.171885 1.041647
vt -16.171885 1.111091
vt -0.060824 1.111091
vt -0.060824 1.041647
vt -16.171936 1.041647
vt -16.171936 1.111091
vt -0.355649 0.041616
vt -1.337735 0.041616
vt -1.337735 0.111061
vt -0.159231 0.111061
vt -0.159231 0.041616
vt -0.686202 1.666633
vt -0.686202 1.597189
vt 0.492302 1.597189
vt 0.492302 1.666633
vt 16.949778 0.111091
vt 16.949778 0.041647
vt 0.838666 0.041647
vt 0.838666 0.111091
vt 16.949829 0.111091
vt 16.949829 0.041647
vt 0.838717 0.041647
vt 0.838717 0.111091
vt 7.222449 1.111091
vt 7.222449 1.041647
vt -8.888662 1.041647
vt -8.888662 1.111091
vt -1.352717 0.041616
vt -1.352717 0.111061
vt -0.174213 0.111061
vt -0.174213 0.041616
vt -0.671160 1.666633
vt -0.671160 1.597189
vt 0.507344 1.597189
vt 0.507344 1.666633
vt -0.060798 1.111091
vt -0.060798 1.041647
vt -13.671910 1.041647
vt -16.171909 1.041647
vt -16.171909 1.111091
vt -0.159282 0.041616
vt -1.337786 0.041616
vt -1.337786 0.111061
vt -0.159282 0.111061
vt -0.685908 1.597189
vt -0.489490 1.597189
vt 0.492597 1.597189
vt 0.492597 1.666633
vt -0.685908 1.666633
vt 16.949741 0.111091
vt 16.949741 0.041647
vt 14.449742 0.041647
vt 0.838630 0.041647
vt 0.838630 0.111091
vt -1.353598 0.041616
vt -1.353598 0.111061
vt -0.175094 0.111061
vt -0.175094 0.041616
vt -0.670339 1.666633
vt -0.670339 1.597189
vt 0.508165 1.597189
vt 0.508165 1.666633
vt -0.060746 1.111091
vt -0.060746 1.041647
vt -16.171858 1.041647
vt -16.171858 1.111091
vt -1.336965 0.041616
vt -1.336965 0.111061
vt -0.158461 0.111061
vt -0.158461 0.041616
vt -0.686972 1.666633
vt -0.686972 1.597189
vt 0.491532 1.597189
vt 0.491532 1.666633
vt 16.949751 0.111091
vt 16.949751 0.041647
vt 0.838639 0.041647
vt 0.838639 0.111091
vt 7.222230 1.041647
vt -8.888882 1.041647
vt -8.888882 1.111091
vt 7.222230 1.111091
vt -8.888812 8.060864
vt 7.222300 8.060864
vt 7.222300 8.894198
vt -8.888812 8.894198
vt -8.055429 -8.060730
vt -8.055429 8.050382
vt -8.055429 8.883716
vt -8.888763 8.050382
vt -8.888763 -8.060730
vt -8.055429 -8.894063
vt 7.222230 8.894229
vt -8.888882 8.894229
vt -8.888882 8.060896
vt 7.222230 8.060896
vt -8.888662 8.060900
vt 7.222449 8.060900
vt 7.222449 8.894234
vt -8.888662 8.894234
vt 7.222300 8.894196
vt -8.888812 8.894196
vt -8.888812 8.060863
vt 7.222300 8.060863
vt -8.888866 -8.050224
vt -8.055532 -8.883558
vt -8.055532 -8.050224
vt -8.055532 8.060887
vt -8.055532 8.894220
vt -8.888866 8.060887
vt -8.888812 8.060875
vt 7.222300 8.060875
vt 7.222300 8.894209
vt -8.888812 8.894209
vt -8.055482 -8.060774
vt -8.055482 8.050338
vt -8.055482 8.883672
vt -8.888816 8.050338
vt -8.888816 -8.060774
vt -8.055482 -8.894107
vt 7.222449 8.894220
vt -8.888662 8.894220
vt -8.888662 8.060887
vt 7.222449 8.060887
vt 7.222300 8.894246
vt -8.888812 8.894246
vt -8.888812 8.060913
vt 7.222300 8.060913
vt -8.055438 -8.050249
vt -8.055438 8.060863
vt -8.055438 8.894196
vt -8.888771 8.060863
vt -8.888771 -8.050249
vt -8.055438 -8.883583
vt -8.055438 -8.883533
vt -8.055438 -8.050199
vt -8.055438 8.060913
vt -8.055438 8.894246
vt -8.888771 8.060913
vt -8.888771 -8.050199
vt -8.055630 -8.050216
vt -8.055630 8.060896
vt -8.055630 8.894229
vt -8.888963 8.060896
vt -8.888963 -8.050216
vt -8.055630 -8.883550
vt -8.055429 -8.060802
vt -8.055429 8.050310
vt -8.055429 8.883644
vt -8.888763 8.050310
vt -8.888763 -8.060802
vt -8.055429 -8.894135
vt -8.055457 -8.894159
vt -8.055457 -8.060826
vt -8.055457 8.050285
vt -8.055457 8.883619
vt -8.888790 8.050285
vt -8.888790 -8.060826
vt -8.888882 8.060847
vt 7.222230 8.060847
vt 7.222230 8.894181
vt -8.888882 8.894181
s 0
usemtl mbp_rock
f 3/1/1 2/2/1 1/3/1
f 6/4/2 5/5/2 4/6/2
f 4/6/3 5/5/3 10/7/3 9/8/3 8/9/3 7/10/3
f 13/11/3 14/12/3 12/13/3 11/14/3
f 8/9/3 13/11/3 11/14/3 16/15/3 15/16/3 7/10/3
f 12/13/4 18/17/4 17/18/4 16/15/4 11/14/4
f 21/19/5 23/20/5 24/21/5 22/22/5 20/23/5 19/24/5
f 19/24/6 20/23/6 28/25/6 27/26/6 26/27/6 25/28/6
f 31/29/7 30/30/7 29/31/7
f 32/32/5 22/22/5 24/21/5
f 33/33/8 34/34/8 17/35/8 18/36/8 29/31/8 30/30/8
f 35/37/9 36/38/9 3/39/9 1/40/9
f 36/38/10 35/37/10 37/41/10
f 40/42/11 42/43/11 41/44/11 39/45/11 38/46/11
f 43/47/11 39/45/11 41/44/11 6/48/11 4/49/11 7/50/11 15/51/11
f 44/52/12 25/53/12 26/54/12
f 46/55/13 39/56/13 43/57/13 45/58/13
f 15/59/14 16/60/14 17/61/14 34/62/14 45/58/14 43/57/14
f 39/56/15 46/55/15 47/63/15 38/64/15
f 48/65/16 36/66/16 37/67/16
f 49/68/17 42/69/17 40/70/17
f 2/71/18 3/72/18 36/66/18 48/65/18
f 52/73/19 51/74/19 50/75/19
f 55/76/20 56/77/20 54/78/20 53/79/20
f 59/80/21 61/81/21 60/82/21 58/83/21 57/84/21
f 64/85/22 63/86/22 62/87/22
f 66/88/21 67/89/21 60/82/21 61/81/21 64/85/21 62/87/21 65/90/21
f 70/91/23 65/90/23 62/87/23 63/86/23 73/92/23 72/93/23 71/94/23 69/95/23 68/96/23
f 75/97/24 54/78/24 56/77/24 74/98/24
f 77/99/25 78/100/25 54/101/25 75/102/25 76/103/25
f 81/104/26 82/105/26 80/106/26 79/107/26
f 53/108/27 54/101/27 78/100/27 83/109/27
f 86/110/28 85/111/28 84/112/28
f 68/113/29 69/114/29 6/115/29 41/116/29 42/117/29 87/118/29
f 88/119/30 87/118/30 42/117/30 49/120/30
f 51/121/31 89/122/31 50/123/31
f 5/124/32 6/115/32 69/114/32 71/125/32
f 92/126/33 94/127/33 93/128/33 91/129/33 90/130/33
f 97/131/34 98/132/34 96/133/34 95/134/34
f 101/135/33 102/136/33 100/137/33 99/138/33
f 105/139/33 106/140/33 104/141/33 103/142/33
f 92/126/33 103/142/33 104/141/33 107/143/33 94/127/33
f 104/141/33 106/140/33 109/144/33 108/145/33 107/143/33
f 107/143/35 108/145/35 110/146/35 28/147/35 20/148/35 22/149/35 32/150/35 93/128/35 94/127/35
f 112/151/36 113/152/36 115/153/36 116/154/36 114/155/36 86/156/36 84/157/36 111/158/36
f 108/145/37 109/144/37 117/159/37 110/146/37
f 118/160/33 120/161/33 122/162/33 90/130/33 91/129/33 124/163/33 123/164/33 121/165/33 119/166/33 97/131/33 95/134/33
f 122/162/35 125/167/35 105/139/35 103/142/35 92/126/35 90/130/35
f 120/161/33 125/167/33 122/162/33
f 126/168/38 10/169/38 5/170/38 71/171/38 72/172/38
f 98/132/39 127/173/39 96/133/39
f 123/164/40 130/174/40 132/175/40 133/176/40 131/177/40 129/178/40 128/179/40 121/165/40
f 124/163/41 59/180/41 57/181/41 130/174/41 123/164/41
f 115/153/42 134/182/42 116/154/42
f 72/172/43 73/183/43 126/168/43
f 128/179/44 119/166/44 121/165/44
f 89/184/45 52/185/45 50/186/45
f 135/187/33 113/152/33 112/151/33
f 100/137/33 102/136/33 135/187/33 112/151/33 111/158/33
f 82/188/46 138/189/46 137/190/46 136/191/46 80/192/46
f 141/193/47 142/194/47 140/195/47 139/196/47
f 145/197/47 147/198/47 146/199/47 144/200/47 143/201/47
f 150/202/47 139/196/47 140/195/47 149/203/47 148/204/47
f 148/204/47 149/203/47 153/205/47 152/206/47 151/207/47 67/208/47 66/209/47
f 155/210/47 2/211/47 48/212/47 37/213/47 87/214/47 88/215/47 145/197/47 143/201/47 154/216/47
f 37/213/48 35/217/48 1/218/48 70/219/48 68/220/48 87/214/48
f 1/218/49 2/211/49 155/210/49 65/221/49 70/219/49
f 143/201/47 144/200/47 141/193/47 139/196/47 150/202/47 154/216/47
f 144/200/47 146/199/47 142/194/47 141/193/47
f 75/222/46 74/223/46 76/224/46
f 136/191/47 137/190/47 157/225/47 156/226/47
f 158/227/50 159/228/50 152/206/50 153/205/50
f 160/229/51 159/228/51 158/227/51
f 66/209/47 65/221/47 155/210/47 154/216/47 150/202/47 148/204/47
f 161/230/52 138/189/52 82/188/52 81/231/52
f 164/232/53 163/233/53 162/234/53
f 163/233/54 83/235/54 78/236/54 168/237/54 167/238/54 166/239/54 165/240/54 162/234/54
f 171/241/55 56/242/55 55/243/55 172/244/55 170/245/55 169/246/55
f 167/238/56 173/247/56 166/239/56
f 175/248/57 164/249/57 162/250/57 165/251/57 174/252/57
f 178/253/57 180/254/57 181/255/57 179/256/57 177/257/57 176/258/57
f 175/248/57 174/252/57 183/259/57 182/260/57
f 184/261/57 178/253/57 176/258/57
f 179/256/57 186/262/57 185/263/57 177/257/57
f 189/264/58 190/265/58 188/266/58 187/267/58
f 116/268/59 134/269/59 191/270/59 114/271/59
f 194/272/60 196/273/60 195/274/60 193/275/60 192/276/60
f 199/277/61 182/278/61 183/279/61 194/272/61 192/276/61 200/280/61 198/281/61 197/282/61
f 202/283/61 203/284/61 205/285/61 207/286/61 206/287/61 204/288/61 131/289/61 133/290/61 201/291/61
f 210/292/58 211/293/58 209/294/58 208/295/58
f 212/296/61 213/297/61 205/285/61 203/284/61
f 211/293/61 189/264/61 187/267/61 214/298/61 209/294/61
f 215/299/62 216/300/62 181/301/62 180/302/62
f 217/303/63 206/287/63 207/286/63
f 219/304/61 86/305/61 114/271/61 191/270/61 210/292/61 208/295/61 218/306/61
f 85/307/64 86/305/64 219/304/64
f 220/308/61 212/296/61 203/284/61 202/283/61
f 195/274/65 221/275/65 193/275/65
f 213/297/66 217/303/66 207/286/66 205/285/66
f 204/288/67 129/309/67 131/289/67
f 200/280/61 224/310/61 214/298/61 187/267/61 188/266/61 225/311/61 223/312/61 222/313/61 198/281/61
f 222/313/61 223/312/61 220/308/61 202/283/61 201/291/61
f 222/313/61 201/291/61 133/290/61 132/314/61 197/282/61 198/281/61
f 190/265/68 225/311/68 188/266/68
f 200/280/61 192/276/61 193/275/61 221/275/61 216/300/61 215/299/61 224/310/61
f 185/315/69 227/316/69 226/317/69 177/318/69
f 230/319/70 232/320/70 231/321/70 229/322/70 228/323/70
f 235/324/70 236/325/70 234/326/70 233/327/70
f 239/328/71 240/329/71 238/330/71 237/331/71
f 241/332/72 242/333/72 240/329/72 239/328/72
f 243/334/73 242/333/73 241/332/73
f 246/335/70 247/336/70 245/337/70 244/338/70
f 230/319/70 76/339/70 74/340/70 171/341/70 169/342/70 232/320/70
f 77/343/70 76/339/70 230/319/70 228/323/70 252/344/70 251/345/70 250/346/70 246/335/70 244/338/70 249/347/70 248/348/70
f 251/345/74 254/349/74 253/350/74 250/346/74
f 74/340/70 56/351/70 171/341/70
f 257/352/72 258/353/72 259/354/72 235/324/72 233/327/72 256/355/72 255/356/72
f 248/348/70 249/347/70 262/357/70 261/358/70 260/359/70
f 263/360/75 229/322/75 231/321/75
f 250/346/72 253/350/72 247/336/72 246/335/72
f 252/344/70 254/349/70 251/345/70
f 177/318/76 226/317/76 264/361/76 176/362/76
f 237/331/70 238/330/70 258/353/70 257/352/70
f 262/357/70 184/363/70 176/362/70 264/361/70 261/358/70
f 168/364/70 78/365/70 77/343/70 248/348/70 260/359/70
f 259/354/70 236/325/70 235/324/70
f 260/359/70 261/358/70 264/361/70 226/317/70 227/316/70 173/366/70 167/367/70 168/364/70
f 267/368/77 266/369/77 265/370/77
f 270/371/78 272/372/78 271/373/78 269/374/78 268/375/78
f 275/376/79 276/377/79 274/378/79 273/379/79
f 279/380/80 280/381/80 278/382/80 277/383/80
f 46/384/81 45/385/81 281/386/81 47/387/81
f 274/388/82 283/389/82 13/390/82 8/391/82 282/392/82 273/393/82
f 285/394/83 271/395/83 272/396/83 284/397/83
f 288/398/84 287/399/84 286/400/84
f 291/401/85 290/402/85 289/403/85
f 293/404/86 294/405/86 33/406/86 30/407/86 286/400/86 287/399/86 285/394/86 284/397/86 292/408/86
f 30/407/87 31/409/87 288/398/87 286/400/87
f 295/410/88 281/411/88 45/412/88 34/413/88
f 294/405/86 296/414/86 297/415/86 295/410/86 34/413/86 33/406/86
f 276/416/89 298/417/89 283/418/89 274/419/89
f 299/420/86 289/403/86 290/402/86 293/404/86 292/408/86
f 298/417/90 14/421/90 13/422/90 283/418/90
f 282/423/91 301/424/91 302/425/91 300/426/91 275/427/91 273/428/91
f 304/429/92 305/430/92 306/431/92 280/432/92 279/433/92 303/434/92
f 266/435/93 307/436/93 265/437/93
f 8/438/94 9/439/94 301/424/94 282/423/94
f 310/440/92 312/441/92 314/442/92 305/430/92 304/429/92 316/443/92 315/444/92 313/445/92 311/446/92 309/447/92 308/448/92
f 309/447/95 23/449/95 21/450/95 308/448/95
f 314/442/96 318/451/96 319/452/96 317/453/96 306/431/96 305/430/96
f 44/454/97 320/455/97 25/456/97
f 19/457/92 25/456/92 320/455/92 322/458/92 321/459/92 310/440/92 308/448/92 21/450/92
f 321/459/98 312/441/98 310/440/98
f 303/434/99 268/460/99 269/461/99 316/443/99 304/429/99
f 325/462/100 327/463/100 326/464/100 324/465/100 323/466/100
f 330/467/101 331/468/101 329/469/101 328/470/101
f 334/471/102 335/472/102 333/473/102 332/474/102
f 338/475/101 337/476/101 336/477/101
f 340/478/103 338/475/103 336/477/103 339/479/103
f 342/480/101 340/478/101 339/479/101 341/481/101
f 344/482/101 345/483/101 334/471/101 332/474/101 343/484/101
f 347/485/101 348/486/101 342/480/101 341/481/101 346/487/101
f 331/468/101 350/488/101 349/489/101 329/469/101
f 351/490/101 353/491/101 352/492/101 347/485/101 346/487/101
f 356/493/101 355/494/101 354/495/101
f 332/474/101 333/473/101 360/496/101 361/497/101 351/490/101 346/487/101 341/481/101 339/479/101 336/477/101 337/476/101 359/498/101 358/499/101 357/500/101 343/484/101
f 363/501/104 360/496/104 333/473/104 335/472/104 362/502/104
f 364/503/105 345/483/105 344/482/105 327/504/105 325/505/105
f 367/506/101 368/507/101 369/508/101 370/509/101 371/510/101 354/495/101 355/494/101 330/467/101 328/470/101 366/511/101 365/512/101
f 372/513/106 356/493/106 354/495/106 371/510/106
f 359/498/101 374/514/101 373/515/101 358/499/101
f 374/514/101 376/516/101 375/517/101 373/515/101
f 377/518/101 372/513/101 371/510/101 370/509/101
f 375/517/101 376/516/101 378/519/101 368/507/101 367/506/101
f 350/488/107 380/520/107 379/521/107 349/489/107
f 381/522/103 377/518/103 370/509/103 369/508/103
f 380/520/101 348/486/101 347/485/101 352/492/101 379/521/101
f 326/523/101 327/504/101 344/482/101 343/484/101 357/500/101 382/524/101
f 378/519/101 381/522/101 369/508/101 368/507/101
f 385/525/108 387/526/108 389/527/108 391/528/108 393/529/108 395/530/108 396/531/108 394/532/108 392/533/108 390/534/108 388/535/108 386/536/108 384/537/108 383/538/108
f 391/528/109 397/539/109 393/529/109
f 278/540/110 280/541/110 398/542/110
f 399/543/110 401/544/110 402/545/110 400/546/110 392/533/110 394/532/110
f 383/538/108 403/547/108 277/548/108 278/540/108 398/542/108 385/525/108
f 393/529/111 397/539/111 404/549/111 395/530/111
f 407/550/108 408/551/108 406/552/108 405/553/108
f 411/554/112 412/555/112 410/556/112 409/557/112
f 415/558/113 414/559/113 413/560/113
f 413/560/108 414/559/108 417/561/108 416/562/108
f 416/562/109 417/561/109 419/563/109 418/564/109
f 395/530/108 404/549/108 420/565/108 396/531/108
f 396/531/108 420/565/108 421/566/108 399/543/108 394/532/108
f 424/567/108 426/568/108 428/569/108 415/558/108 413/560/108 416/562/108 418/564/108 427/570/108 425/571/108 423/572/108 422/573/108
f 429/574/114 431/575/114 430/576/114 388/535/114 390/534/114
f 400/546/108 429/574/108 390/534/108 392/533/108
f 425/571/108 432/577/108 408/551/108 407/550/108 423/572/108
f 433/578/108 434/579/108 412/555/108 411/554/108
f 405/553/108 406/552/108 389/527/108 387/526/108
f 401/544/108 399/543/108 421/566/108 434/579/108 433/578/108
f 409/557/108 410/556/108 428/569/108 426/568/108
f 418/564/110 419/563/110 435/580/110 427/570/110
f 398/542/108 280/541/108 306/581/108 436/582/108 437/583/108 422/573/108 423/572/108 407/550/108 405/553/108 387/526/108 385/525/108
f 427/570/108 435/580/108 432/577/108 425/571/108
f 440/584/115 442/585/115 441/586/115 439/587/115 438/588/115
f 221/589/116 195/590/116 442/585/116 440/584/116
f 443/591/115 445/592/115 444/593/115 186/594/115 179/595/115
f 195/590/117 196/596/117 441/586/117 442/585/117
f 446/597/118 448/598/118 447/599/118 445/592/118 443/591/118
f 448/600/119 446/601/119 449/602/119
f 216/603/120 221/604/120 440/605/120 451/606/120 450/607/120
f 454/608/121 456/609/121 458/610/121 451/611/121 440/612/121 457/613/121 455/614/121 453/615/121 452/616/121
f 461/617/122 462/618/122 460/619/122 459/620/122
f 453/615/121 461/617/121 459/620/121 452/616/121
f 440/612/123 438/621/123 457/613/123
f 464/622/124 465/623/124 466/624/124 467/625/124 468/626/124 449/627/124 446/628/124 443/629/124 179/630/124 181/631/124 463/632/124
f 469/633/125 471/634/125 470/635/125 467/625/125 466/624/125
f 181/631/126 216/636/126 450/637/126 463/632/126
f 474/638/127 476/639/127 478/640/127 479/641/127 477/642/127 475/643/127 473/644/127 472/645/127
f 481/646/128 482/647/128 478/648/128 476/649/128 480/650/128
f 485/651/129 487/652/129 486/653/129 484/654/129 483/655/129
f 489/656/130 490/657/130 487/652/130 485/651/130 488/658/130
f 492/659/128 481/646/128 480/650/128 493/660/128 488/658/128 485/651/128 483/655/128 491/661/128
f 492/659/128 495/662/128 494/663/128 482/647/128 481/646/128
f 493/660/131 445/664/131 447/665/131 489/656/131 488/658/131
f 166/666/132 173/667/132 473/668/132 475/669/132
f 173/667/133 227/670/133 496/671/133 472/672/133 473/668/133
f 196/673/134 194/674/134 441/675/134
f 165/676/135 166/677/135 475/678/135 477/679/135
f 497/680/136 438/681/136 439/682/136 183/683/136 174/684/136
f 500/685/136 502/686/136 501/687/136 499/688/136 498/689/136
f 501/687/136 503/690/136 499/688/136
f 484/691/137 486/692/137 505/693/137 504/694/137
f 507/695/136 502/686/136 500/685/136 506/696/136
f 506/696/136 500/685/136 498/689/136 509/697/136 508/698/136
f 497/680/136 174/684/136 165/676/136 477/679/136 479/699/136 510/700/136
f 508/698/136 509/697/136 457/701/136 438/681/136 497/680/136 510/700/136 511/702/136
f 511/702/136 512/703/136 507/695/136 506/696/136 508/698/136
f 194/704/138 183/683/138 439/682/138 441/705/138
f 514/706/124 185/707/124 186/708/124 444/709/124 513/710/124
f 514/706/124 513/710/124 474/711/124 472/712/124 496/713/124
f 496/713/139 227/714/139 185/707/139 514/706/139
f 493/715/124 480/716/124 476/717/124 474/711/124 513/710/124 444/709/124 445/718/124
f 457/719/140 509/720/140 498/721/140 515/722/140 455/723/140
f 518/724/65 517/725/65 516/726/65
f 498/721/65 499/727/65 503/728/65 515/722/65
f 521/729/141 523/730/141 364/731/141 524/732/141 522/733/141 520/734/141 519/735/141
f 525/736/116 345/737/116 364/731/116 523/730/116
f 520/738/142 522/739/142 527/740/142 526/741/142
f 530/742/143 531/743/143 529/744/143 528/745/143
f 519/746/144 520/738/144 526/741/144 533/747/144 532/748/144
f 535/749/145 518/750/145 516/751/145 534/752/145
f 530/742/146 528/745/146 537/753/146 538/754/146 535/749/146 534/752/146 532/748/146 533/747/146 536/755/146
f 430/756/147 540/757/147 539/758/147 388/759/147
f 541/760/148 335/761/148 334/762/148 345/763/148 525/764/148
f 517/765/149 542/766/149 534/767/149 516/768/149
f 362/769/150 335/770/150 541/771/150 543/772/150
f 532/773/149 534/767/149 542/766/149 545/774/149 544/775/149 521/776/149 519/777/149
f 545/774/149 546/778/149 362/769/149 543/772/149 544/775/149
f 543/772/149 541/771/149 525/779/149 523/780/149 521/776/149 544/775/149
f 549/781/65 548/782/65 547/783/65
f 471/784/65 550/785/65 470/786/65
f 360/787/116 363/788/116 551/789/116
f 540/790/151 430/791/151 431/792/151
f 552/793/152 553/794/152 551/789/152 363/788/152 546/795/152 545/796/152 542/797/152
f 555/798/152 535/799/152 538/800/152 554/801/152
f 539/802/152 557/803/152 540/790/152 431/792/152 429/804/152 556/805/152
f 558/806/153 560/807/153 559/808/153 555/809/153 554/810/153
f 563/811/154 560/807/154 558/806/154 562/812/154 561/813/154
f 361/814/155 551/815/155 566/816/155 565/817/155 564/818/155
f 568/819/156 556/820/156 429/821/156 400/822/156 402/823/156 567/824/156
f 361/814/157 360/825/157 551/815/157
f 571/826/158 573/827/158 572/828/158 570/829/158 569/830/158
f 576/831/159 577/832/159 575/833/159 574/834/159
f 580/835/159 581/836/159 579/837/159 578/838/159
f 584/839/158 517/840/158 518/841/158 559/842/158 560/843/158 563/844/158 585/845/158 583/846/158 582/847/158
f 581/836/159 587/848/159 586/849/159 579/837/159
f 590/850/160 589/851/160 588/852/160
f 518/841/161 535/853/161 555/854/161 559/842/161
f 592/855/162 569/830/162 570/829/162 565/856/162 566/857/162 591/858/162
f 593/859/158 594/860/158 595/861/158 553/862/158 552/863/158 584/839/158 582/847/158
f 595/861/158 590/850/158 588/852/158 597/864/158 599/865/158 600/866/158 598/867/158 596/868/158 591/858/158 566/857/158 551/869/158 553/862/158
f 603/870/160 605/871/160 607/872/160 608/873/160 578/838/160 579/837/160 586/849/160 606/874/160 604/875/160 602/876/160 601/877/160
f 552/863/163 542/878/163 517/840/163 584/839/163
f 596/868/158 609/879/158 592/855/158 591/858/158
f 609/879/160 571/826/160 569/830/160 592/855/160
f 587/848/164 606/874/164 586/849/164
f 610/880/165 611/881/165 600/866/165 599/865/165
f 572/828/160 573/827/160 612/882/160 608/873/160 607/872/160
f 612/882/158 580/835/158 578/838/158 608/873/158
f 577/832/162 614/883/162 613/884/162 575/833/162
f 548/885/158 549/886/158 615/887/158 593/859/158 582/847/158 583/846/158
f 611/881/166 598/867/166 600/866/166
f 604/875/160 576/831/160 574/834/160 602/876/160
f 616/888/158 610/880/158 599/865/158 597/864/158
f 614/883/167 618/889/167 617/890/167 613/884/167
f 589/851/160 617/890/160 618/889/160 616/888/160 597/864/160 588/852/160
f 621/891/168 622/892/168 620/893/168 619/894/168
f 625/895/169 627/896/169 626/897/169 624/898/169 623/899/169
f 628/900/170 629/901/170 630/902/170 632/903/170 634/904/170 636/905/170 637/906/170 635/907/170 633/908/170 631/909/170 557/910/170 539/911/170 556/912/170 568/913/170
f 632/903/171 639/914/171 638/915/171 634/904/171
f 642/916/169 643/917/169 641/918/169 640/919/169
f 646/920/172 647/921/172 645/922/172 644/923/172
f 648/924/170 650/925/170 649/926/170 642/916/170 640/919/170
f 644/923/170 645/922/170 653/927/170 655/928/170 654/929/170 649/930/170 650/931/170 652/932/170 651/933/170
f 657/934/170 658/935/170 386/936/170 631/937/170 633/938/170 652/939/170 650/925/170 648/924/170 656/940/170
f 568/913/169 567/941/169 660/942/169 659/943/169 628/900/169
f 630/902/173 639/914/173 632/903/173
f 388/944/169 539/945/169 557/946/169 631/937/169 386/936/169
f 662/947/174 529/948/174 531/949/174 661/950/174
f 654/951/175 655/952/175 663/953/175
f 666/954/168 668/955/168 667/956/168 665/957/168 664/958/168
f 664/958/176 665/957/176 622/892/176 621/891/176
f 649/926/170 654/951/170 663/953/170 643/917/170 642/916/170
f 624/898/168 626/897/168 670/959/168 669/960/168
f 673/961/177 672/962/177 671/963/177
f 671/963/178 672/962/178 675/964/178 674/965/178
f 674/965/170 675/964/170 677/966/170 676/967/170
f 676/967/168 677/966/168 627/896/168 625/895/168
f 640/919/170 641/918/170 678/968/170 656/940/170 648/924/170
f 668/955/170 666/954/170 679/969/170 635/907/170 637/906/170
f 619/894/170 620/893/170 681/970/170 680/971/170
f 660/942/170 669/960/170 670/959/170 682/972/170 659/943/170
f 659/943/170 682/972/170 629/901/170 628/900/170
f 680/971/170 681/970/170 673/961/170 671/963/170 674/965/170 676/967/170 625/895/170 623/899/170 686/973/170 685/974/170 684/975/170 683/976/170
f 634/904/170 638/915/170 687/977/170 636/905/170
f 652/932/170 633/908/170 635/907/170 679/969/170 689/978/170 688/979/170 651/933/170
f 636/905/170 687/977/170 667/956/170 668/955/170 637/906/170
f 692/980/116 694/981/116 695/982/116 693/983/116 691/984/116 690/985/116
f 698/986/65 699/987/65 697/988/65 696/989/65
f 702/990/65 703/991/65 701/992/65 700/993/65
f 706/994/65 708/995/65 707/996/65 705/997/65 704/998/65
f 711/999/65 712/1000/65 710/1001/65 709/1002/65
f 710/1001/65 712/1000/65 713/1003/65 708/995/65 706/994/65
f 716/1004/65 717/1005/65 715/1006/65 714/1007/65
f 717/1005/65 698/986/65 696/989/65 715/1006/65
f 720/1008/65 722/1009/65 723/1010/65 721/1011/65 719/1012/65 718/1013/65
f 699/987/65 726/1014/65 725/1015/65 724/1016/65 697/988/65
f 725/1015/65 728/1017/65 727/1018/65 724/1016/65
f 728/1017/65 730/1019/65 729/1020/65 727/1018/65
f 730/1019/65 732/1021/65 731/1022/65 729/1020/65
f 732/1021/65 733/1023/65 731/1022/65
f 735/1024/65 736/1025/65 716/1004/65 714/1007/65 734/1026/65
f 718/1013/65 738/1027/65 737/1028/65 720/1008/65
f 741/1029/65 742/1030/65 740/1031/65 739/1032/65
f 745/1033/65 738/1034/65 718/1035/65 719/1036/65 747/1037/65 746/1038/65 744/1039/65 743/1040/65
f 723/1010/65 748/1041/65 741/1029/65 739/1032/65 721/1011/65
f 751/1042/65 752/1043/65 750/1044/65 749/1045/65
f 755/1046/65 756/1047/65 754/1048/65 753/1049/65
f 752/1043/65 758/1050/65 757/1051/65 750/1044/65
f 758/1050/65 702/990/65 700/993/65 757/1051/65
f 740/1031/65 742/1030/65 760/1052/65 755/1046/65 753/1049/65 759/1053/65
f 722/1009/65 761/1054/65 762/1055/65 734/1026/65 714/1007/65 715/1006/65 696/989/65 697/988/65 724/1016/65 727/1018/65 729/1020/65 731/1022/65 733/1023/65 748/1041/65 723/1010/65
f 701/992/65 703/991/65 735/1024/65 734/1026/65 762/1055/65 763/1056/65
f 707/996/65 751/1042/65 749/1045/65 705/997/65
f 745/1057/65 763/1056/65 762/1055/65 761/1054/65 737/1028/65 738/1027/65
f 754/1048/65 756/1047/65 711/999/65 709/1002/65
f 766/1058/65 768/998/65 767/1059/65 765/1060/65 764/1061/65
f 771/1062/65 773/1063/65 772/1053/65 770/1064/65 769/1065/65
f 772/1053/65 768/998/65 766/1058/65 770/1064/65
f 776/1066/179 777/1067/179 775/1068/179 774/1069/179
f 780/1070/179 781/1071/179 779/1072/179 778/1073/179
f 782/1074/179 778/1073/179 779/1072/179 783/1075/179 124/1076/179 91/1077/179
f 784/1078/179 785/1079/179 311/1080/179 313/1081/179
f 786/1082/179 787/1083/179 782/1074/179 91/1077/179 93/1084/179
f 315/1085/179 788/1086/179 781/1071/179 780/1070/179 775/1068/179 777/1067/179 784/1078/179 313/1081/179
f 782/1074/179 787/1083/179 775/1068/179 780/1070/179 778/1073/179
f 785/1079/179 776/1066/179 774/1069/179 786/1082/179 93/1084/179 32/1087/179 24/1088/179 309/1089/179 311/1080/179
f 287/1090/180 288/1091/180 789/1092/180
f 316/1093/179 790/1094/179 788/1086/179 315/1085/179
f 301/1095/181 126/1096/181 73/1097/181 792/1098/181 791/1099/181 302/1100/181
f 791/1099/181 794/1101/181 796/1102/181 795/1103/181 793/1104/181 300/1105/181 302/1100/181
f 798/1106/181 799/1107/181 794/1101/181 791/1099/181 792/1098/181 63/1108/181 64/1109/181 797/1110/181
f 802/1111/181 804/1112/181 803/1113/181 801/1114/181 800/1115/181
f 805/1116/181 806/1117/181 804/1112/181 802/1111/181
f 809/1118/182 810/1119/182 808/1120/182 807/1121/182
f 812/1122/181 795/1103/181 796/1102/181 811/1123/181
f 275/1124/181 300/1105/181 793/1104/181 814/1125/181 813/1126/181
f 816/1127/181 811/1123/181 799/1107/181 798/1106/181 815/1128/181
f 819/1129/181 801/1114/181 803/1113/181 809/1118/181 807/1121/181 821/1130/181 820/1131/181 818/1132/181 817/1133/181
f 822/1134/183 823/1135/183 298/1136/183 276/1137/183 819/1129/183 817/1133/183
f 819/1129/181 276/1137/181 275/1124/181 813/1126/181 800/1115/181 801/1114/181
f 73/1097/184 63/1108/184 792/1098/184
f 824/1138/181 806/1117/181 805/1116/181 816/1127/181 815/1128/181
f 826/1139/181 808/1120/181 810/1119/181 824/1138/181 815/1128/181 798/1106/181 797/1110/181 825/1140/181
f 816/1127/181 805/1116/181 802/1111/181 800/1115/181 813/1126/181 814/1125/181 812/1122/181 811/1123/181
f 59/1141/185 124/1142/185 783/1143/185 827/1144/185 808/1145/185 826/1146/185
f 807/1147/185 828/1148/185 790/1149/185 316/1150/185 269/1151/185 821/1152/185
f 820/1153/186 271/1154/186 285/1155/186 818/1156/186
f 825/1157/187 61/1158/187 59/1141/187 826/1146/187
f 808/1145/188 827/1144/188 828/1148/188 807/1147/188
f 269/1151/185 271/1154/185 820/1153/185 821/1152/185
f 9/1159/189 10/1160/189 126/1161/189 301/1162/189
f 12/1163/190 14/1164/190 298/1165/190 823/1166/190
f 31/1167/191 29/1168/191 789/1169/191 288/1170/191
f 24/1171/192 23/1172/192 309/1173/192
f 817/1174/193 818/1175/193 285/1176/193 287/1177/193 789/1178/193 29/1179/193 18/1180/193 822/1181/193
f 822/1181/194 18/1180/194 12/1182/194 823/1183/194
f 797/1184/195 64/1185/195 61/1186/195 825/1187/195
f 299/1188/196 292/1189/196 829/1190/196
f 831/1191/197 272/1192/197 270/1193/197 830/1194/197
f 834/1195/198 130/1196/198 57/1197/198 833/1198/198 832/1199/198
f 836/1200/196 837/1201/196 172/1202/196 835/1203/196
f 172/1204/199 837/1205/199 58/1206/199 60/1207/199 67/1208/199 170/1209/199
f 161/1210/196 81/1211/196 838/1212/196
f 833/1198/196 57/1197/196 58/1213/196 837/1201/196 836/1200/196
f 840/1214/196 841/1215/196 268/1216/196 303/1217/196 839/1218/196
f 231/1219/199 232/1220/199 169/1221/199 170/1209/199 67/1208/199 151/1222/199 263/1223/199
f 842/1224/196 256/1225/196 233/1226/196 234/1227/196 838/1212/196 81/1211/196 79/1228/196
f 844/1229/196 845/1230/196 840/1214/196 839/1218/196 843/1231/196
f 270/1232/197 268/1216/197 841/1215/197 830/1233/197
f 846/1234/199 324/1235/199 831/1236/199 830/1233/199 841/1215/199 840/1214/199 845/1230/199
f 829/1190/196 292/1189/196 284/1237/196 272/1192/196 831/1191/196 324/1238/196 326/1239/196 382/1240/196
f 306/1241/196 317/1242/196 436/1243/196
f 847/1244/200 848/1245/200 323/1246/200 324/1247/200 846/1248/200
f 172/1249/201 55/1250/201 53/1251/201 849/1252/201 835/1248/201
f 851/1244/201 849/1252/201 53/1251/201 83/1253/201 163/1254/201 850/1245/201
f 853/1255/65 839/1256/65 303/1257/65 279/1258/65 403/1259/65 383/1260/65 852/1261/65
f 853/1255/65 854/1262/65 843/1263/65 839/1256/65
f 384/1264/65 658/1265/65 657/1266/65 182/1267/65 199/1268/65
f 197/1269/65 132/1270/65 130/1271/65 834/1272/65 856/1273/65 855/1274/65
f 182/1267/65 657/1266/65 656/1275/65 678/1276/65 512/1277/65 511/1278/65 510/1279/65 175/1280/65
f 482/1281/65 494/1282/65 858/1283/65 857/1284/65
f 199/1285/65 197/1269/65 855/1274/65 852/1261/65 383/1260/65 384/1286/65
f 855/1274/65 856/1273/65 854/1262/65 853/1255/65 852/1261/65
f 279/1258/65 277/1287/65 403/1259/65
f 861/1255/116 863/1288/116 862/1289/116 860/1290/116 859/1261/116
f 847/1291/116 846/1292/116 845/1256/116 861/1255/116 859/1261/116
f 859/1261/116 860/1290/116 851/1293/116 850/1294/116 848/1295/116 847/1291/116
f 833/1296/116 836/1297/116 835/1298/116 849/1299/116 851/1293/116 860/1290/116 862/1289/116 832/1300/116
f 866/1301/116 848/1302/116 850/1303/116 869/1280/116 868/1304/116 867/1305/116 865/1284/116 864/1295/116
f 844/1306/116 863/1288/116 861/1255/116 845/1256/116
f 871/1307/57 872/1308/57 864/1234/57 865/1309/57 870/1310/57
f 857/1311/57 858/1312/57 871/1307/57 870/1310/57
f 323/1313/57 524/1314/57 364/1315/57 325/1316/57
f 351/1317/57 361/1318/57 564/1319/57 873/1320/57 353/1321/57
f 362/1322/57 546/1323/57 363/1324/57
f 384/1325/57 386/1326/57 658/1327/57
f 864/1328/202 872/1329/202 875/1330/202 874/1331/202 866/1332/202
f 527/1333/203 522/1334/203 874/1331/203 875/1330/203
f 866/1332/204 874/1331/204 522/1334/204 524/1335/204 323/1336/204 848/1337/204
f 876/1338/205 870/1339/205 865/1340/205 867/1341/205
f 510/1342/206 479/1343/206 868/1344/206 869/1345/206 164/1346/206 175/1347/206
f 876/1338/206 478/1348/206 482/1349/206 857/1350/206 870/1339/206
f 163/1351/207 164/1346/207 869/1345/207 850/1352/207
f 868/1344/208 479/1343/208 478/1348/208 876/1338/208 867/1341/208
f 879/1353/209 881/1354/209 882/1355/209 880/1356/209 878/1357/209 877/1358/209
f 878/1357/210 490/1359/210 489/1360/210 884/1361/210 883/1362/210 877/1358/210
f 887/1363/211 879/1364/211 877/1365/211 883/1366/211 886/1367/211 885/1368/211
f 460/1369/212 462/1370/212 647/1371/212 646/1372/212
f 890/1373/213 561/1374/213 562/1375/213 889/1376/213 888/1377/213
f 887/1378/214 888/1377/214 889/1376/214 881/1379/214 879/1380/214
f 489/1381/215 447/1382/215 448/1383/215 884/1384/215
f 883/1385/216 884/1384/216 448/1383/216 449/1386/216 886/1387/216
f 886/1387/217 449/1386/217 468/1388/217 885/1389/217
f 533/1390/218 526/1391/218 894/1392/218 893/1393/218 892/1394/218 891/1395/218
f 494/1396/219 495/1397/219 858/1398/219
f 896/1399/220 871/1400/220 858/1398/220 495/1397/220 492/1401/220 895/1402/220
f 896/1403/57 895/1404/57 898/1405/57 897/1406/57 891/1407/57 892/1408/57
f 875/1409/221 872/1410/221 893/1411/221 894/1412/221
f 872/1410/222 871/1413/222 896/1414/222 892/1415/222 893/1411/222
f 507/1416/196 512/1417/196 678/1418/196 641/1419/196
f 526/1420/196 527/1421/196 875/1422/196 894/1423/196
f 897/1424/223 531/1425/223 530/1426/223 891/1427/223
f 483/1428/224 484/1429/224 898/1430/224 895/1431/224
f 898/1430/225 484/1429/225 504/1432/225 661/1433/225 531/1425/225 897/1424/225
f 492/1434/226 491/1435/226 895/1436/226
f 536/1437/227 533/1438/227 891/1439/227
f 502/1440/228 507/1441/228 641/1442/228 643/1443/228
f 504/1444/229 505/1445/229 662/1446/229 661/1447/229
f 501/1448/230 502/1449/230 643/1450/230 663/1451/230
f 558/1452/200 554/1453/200 537/1454/200 528/1455/200 899/1456/200
f 538/1457/200 537/1454/200 554/1453/200
f 530/1458/200 536/1459/200 891/1460/200
f 453/1461/201 455/1462/201 515/1463/201
f 491/1464/201 483/1465/201 895/1466/201
f 878/1467/201 487/1468/201 490/1469/201
f 505/1470/231 486/1471/231 880/1472/231 882/1473/231 900/1474/231 529/1475/231 662/1476/231
f 486/1471/232 487/1477/232 878/1478/232 880/1472/232
f 528/1479/232 529/1475/232 900/1474/232 881/1480/232 889/1481/232 899/1482/232
f 882/1473/233 881/1480/233 900/1474/233
f 647/1483/234 462/1484/234 461/1485/234 645/1486/234
f 889/1487/235 562/1488/235 558/1489/235 899/1490/235
f 645/1491/236 461/1492/236 453/1493/236 515/1494/236 503/1495/236 653/1496/236
f 503/1495/236 501/1497/236 663/1498/236 655/1499/236 653/1496/236
f 903/1500/65 904/1501/65 902/1502/65 901/1503/65
f 907/1504/65 908/1505/65 906/1506/65 905/1507/65
f 910/1508/65 911/1509/65 903/1500/65 901/1503/65 909/1510/65
f 914/1511/65 915/1512/65 913/1513/65 912/1514/65
f 912/1514/65 906/1506/65 908/1505/65 917/1515/65 916/1516/65 914/1511/65
f 902/1502/65 904/1501/65 920/1517/65 919/1518/65 918/1519/65
f 923/1520/65 924/1521/65 922/1522/65 921/1523/65
f 925/1524/65 926/1525/65 907/1504/65 905/1507/65 922/1522/65 924/1521/65
f 925/1526/196 924/1527/196 923/1528/196 927/1529/196 745/1530/196 743/1531/196 918/1532/196
f 691/1533/196 925/1534/196 918/1535/196 919/1536/196 690/1537/196
f 909/1538/196 916/1539/196 693/1540/196 695/1541/196 910/1542/196
f 719/1543/196 928/1544/196 915/1545/196 914/1546/196 916/1547/196 909/1548/196 747/1549/196
f 931/1515/116 933/1550/116 934/1551/116 932/1552/116 930/1553/116 929/1516/116
f 937/1554/116 939/1555/116 940/1556/116 938/1557/116 936/1525/116 935/1524/116
f 932/1552/116 939/1555/116 937/1554/116 930/1553/116
f 938/1557/116 940/1556/116 934/1551/116 933/1550/116
f 943/1558/237 944/1559/237 942/1560/237 941/1561/237
f 947/1562/237 948/1563/237 946/1564/237 945/1565/237
f 951/1566/237 952/1567/237 950/1568/237 949/1569/237
f 953/1570/238 954/1571/238 944/1559/238 943/1558/238 946/1564/238 948/1563/238 950/1568/238 952/1567/238
f 944/1572/239 954/1573/239 957/1574/239 956/1575/239 955/1576/239 942/1577/239
f 952/1578/240 951/1579/240 961/1580/240 962/1581/240 960/1582/240 959/1583/240 958/1584/240 953/1585/240
f 956/1586/196 964/1587/196 963/1588/196 955/1589/196
f 966/1590/196 967/1591/196 959/1592/196 960/1593/196 965/1594/196
f 964/1595/200 969/1596/200 968/1597/200 963/1598/200
f 965/1598/201 971/1597/201 970/1596/201 966/1595/201
f 973/1599/196 974/1600/196 970/1601/196 971/1602/196 972/1603/196
f 976/1604/196 968/1605/196 969/1606/196 975/1607/196
f 978/1608/200 976/1609/200 975/1610/200 977/1611/200
f 980/1611/201 973/1610/201 972/1609/201 979/1608/201
f 977/1612/196 982/1587/196 981/1588/196 978/1613/196
f 979/1614/196 985/1615/196 986/1616/196 984/1617/196 983/1618/196 980/1619/196
f 989/1597/200 991/1620/200 993/1621/200 995/1622/200 981/1623/200 982/1624/200 994/1625/200 992/1626/200 990/1627/200 988/1628/200 987/1596/200
f 998/1629/201 1000/1630/201 1002/1631/201 983/1624/201 984/1623/201 1001/1632/201 999/1597/201 997/1633/201 996/1596/201
f 1003/1634/57 1005/1635/57 1004/1636/57 996/1618/57 997/1637/57
f 1003/1634/57 997/1637/57 999/1617/57 1006/1638/57
f 1007/1639/57 1008/1640/57 989/1588/57 987/1587/57
f 1009/1641/241 1011/1642/241 1013/1643/241 1014/1644/241 1012/1645/241 1010/1646/241 1008/1647/241 1007/1648/241
f 1015/1649/242 1017/1650/242 1016/1651/242 1004/1652/242 1005/1653/242
f 1015/1649/243 1020/1654/243 1019/1655/243 1018/1656/243 1017/1650/243
f 1021/1657/244 593/1658/244 615/1659/244 1022/1660/244 1013/1661/244 1011/1662/244
f 1025/1663/245 549/1664/245 547/1665/245 1024/1666/245 1023/1667/245
f 615/1659/246 549/1664/246 1025/1663/246 1022/1660/246
f 1026/1668/246 1014/1669/246 1013/1661/246 1022/1660/246 1025/1663/246 1023/1667/246
f 1029/1670/247 1031/1671/247 1032/1672/247 1030/1673/247 1028/1674/247 1027/1675/247
f 550/1676/247 471/1677/247 1032/1672/247 1031/1671/247 1033/1678/247
f 1034/1679/247 1036/1680/247 1035/1681/247 1017/1682/247 1018/1683/247
f 1032/1672/248 471/1677/248 469/1684/248 1030/1673/248
f 1035/1681/249 1028/1674/249 1030/1673/249 469/1684/249 466/1685/249 1016/1686/249 1017/1682/249
f 1039/1687/65 1040/1688/65 1038/1689/65 1037/1690/65
f 1043/1691/65 1044/1692/65 993/1693/65 991/1694/65 1042/1695/65 1041/1696/65
f 1046/1697/65 1034/1698/65 1018/1699/65 1045/1700/65
f 1047/1701/65 1048/1702/65 1050/1703/65 1049/1704/65 1045/1705/65 1018/1706/65 1019/1707/65
f 1053/1708/65 1055/1709/65 1056/1710/65 1054/1711/65 1052/1712/65 1051/1713/65
f 1059/1714/65 1061/1715/65 1060/1716/65 1058/1717/65 1057/1718/65
f 1064/1719/65 1065/1720/65 1063/1721/65 1062/1722/65
f 1066/1723/65 1068/1724/65 1070/1725/65 1069/1726/65 1067/1727/65 1055/1709/65 1053/1708/65
f 1073/1728/65 1075/1729/65 1076/1730/65 1074/1731/65 1072/1732/65 1071/1733/65
f 1079/1734/65 1080/1735/65 1078/1736/65 1077/1737/65
f 1083/1738/65 1085/1739/65 1084/1740/65 1082/1741/65 1081/1742/65
f 1086/1743/65 1088/1744/65 1090/1745/65 1089/1746/65 1087/1747/65 1084/1740/65 1085/1739/65
f 1081/1742/65 1082/1741/65 1094/1748/65 1093/1749/65 1092/1750/65 1091/1751/65
f 1097/1752/65 1099/1753/65 1100/1754/65 1098/1755/65 1096/1756/65 1095/1757/65
f 1103/1758/65 1105/1759/65 1107/1760/65 1108/1761/65 1106/1762/65 1104/1763/65 1102/1764/65 1101/1765/65
f 1111/1766/65 1112/1767/65 1110/1768/65 1109/1769/65
f 1114/1770/65 1115/1771/65 1110/1768/65 1112/1767/65 1113/1772/65
f 1116/1773/65 1104/1763/65 1106/1762/65 1099/1753/65 1097/1752/65
f 1100/1754/65 1108/1761/65 1107/1760/65 1117/1774/65 1098/1755/65
f 1096/1756/65 1098/1755/65 1117/1774/65 1119/1775/65 1118/1776/65 1078/1736/65 1080/1735/65
f 1060/1716/65 1120/1777/65 1121/1778/65 1105/1759/65 1103/1758/65 1058/1717/65
f 1119/1775/65 1121/1778/65 1120/1777/65 1122/1779/65 1118/1776/65
f 1078/1736/65 1118/1776/65 1122/1779/65 1125/1780/65 1124/1781/65 1123/1782/65 1077/1737/65
f 1125/1780/65 1061/1715/65 1059/1714/65 1126/1783/65 1124/1781/65
f 1127/1784/65 1072/1732/65 1074/1731/65 1093/1749/65 1094/1748/65
f 1130/1785/65 1132/1786/65 1131/1787/65 1129/1788/65 1128/1789/65
f 1134/1790/65 1132/1786/65 1130/1785/65 1133/1791/65
f 1129/1788/65 1131/1787/65 1136/1792/65 1135/1793/65
f 1138/1794/65 1067/1727/65 1069/1726/65 1137/1795/65
f 986/1796/65 1140/1797/65 1141/1798/65 1139/1799/65 1001/1800/65 984/1801/65
f 1142/1802/65 1140/1797/65 986/1796/65 985/1803/65
f 1072/1732/65 1127/1784/65 1087/1747/65 1089/1746/65 1071/1733/65
f 1077/1737/65 1123/1782/65 1143/1804/65 1086/1743/65 1085/1739/65 1083/1738/65 1079/1734/65
f 1146/1805/65 1147/1806/65 1145/1807/65 1144/1808/65
f 1147/1806/65 1150/1809/65 1152/1810/65 1151/1811/65 1149/1812/65 1148/1813/65 1145/1807/65
f 1153/1814/65 1154/1815/65 1155/1816/65 1144/1808/65 1145/1807/65 1148/1813/65
f 1156/1817/65 1157/1818/65 955/1819/65 963/1820/65 968/1821/65
f 1160/1822/65 1146/1805/65 1144/1808/65 1155/1816/65 1159/1823/65 1158/1824/65
f 965/1825/65 960/1826/65 1163/1827/65 1162/1828/65 1161/1829/65 971/1830/65
f 995/1831/65 1165/1832/65 1164/1833/65 978/1834/65 981/1835/65
f 1109/1769/65 1110/1768/65 1115/1771/65 1168/1836/65 1167/1837/65 1166/1838/65
f 1170/1839/65 1171/1840/65 1012/1841/65 1014/1842/65 1169/1843/65
f 1173/1844/65 1170/1839/65 1169/1843/65 1172/1845/65
f 1019/1707/65 1020/1846/65 1174/1847/65 1047/1701/65
f 1050/1703/65 1076/1848/65 1075/1849/65 1049/1704/65
f 1092/1850/65 1048/1702/65 1047/1701/65 1174/1847/65 1091/1851/65
f 1175/1852/65 1177/1853/65 1176/1854/65 1173/1844/65 1172/1845/65
f 1012/1841/65 1171/1840/65 1178/1855/65 1010/1856/65
f 1008/1857/65 1010/1856/65 1178/1855/65 1179/1858/65
f 1059/1714/65 1057/1718/65 1073/1728/65 1071/1733/65 1089/1746/65 1090/1745/65 1181/1859/65 1180/1860/65 1126/1783/65
f 1182/1861/65 1183/1862/65 1044/1692/65 1043/1691/65
f 993/1693/65 1044/1692/65 1183/1862/65 1167/1837/65 1168/1836/65 1184/1863/65 1165/1832/65 995/1831/65
f 1031/1864/65 1029/1865/65 1186/1866/65 1185/1867/65
f 1187/1868/65 1188/1869/65 1026/1870/65 1023/1871/65
f 1191/1872/65 1192/1873/65 1190/1874/65 1189/1875/65
f 1056/1710/65 1114/1770/65 1113/1772/65 1193/1876/65 1054/1711/65
f 1141/1798/65 1194/1877/65 1139/1799/65
f 1197/1878/65 1199/1879/65 1198/1880/65 1196/1881/65 1195/1882/65
f 1200/1883/65 1176/1884/65 1177/1885/65 1068/1724/65 1066/1723/65
f 1203/1886/65 1205/1887/65 1204/1888/65 1202/1889/65 1201/1890/65
f 1155/1891/65 1154/1892/65 1206/1893/65 1207/1894/65 1116/1895/65 1097/1896/65 1095/1897/65 1159/1898/65
f 979/1899/65 1135/1793/65 1136/1792/65 1142/1802/65 985/1803/65
f 1148/1900/65 1149/1901/65 1101/1902/65 1102/1903/65 1209/1904/65 1208/1905/65 1153/1906/65
f 972/1907/65 971/1908/65 1161/1909/65 1128/1910/65 1129/1911/65 1135/1912/65 979/1913/65
f 1137/1914/65 1069/1915/65 1070/1916/65 1156/1917/65 968/1918/65 976/1919/65 978/1920/65
f 1008/1921/65 1179/1922/65 1210/1923/65 1042/1695/65 991/1694/65 989/1821/65
f 1088/1744/65 1181/1859/65 1090/1745/65
f 1193/1876/65 1111/1766/65 1109/1769/65 1166/1838/65 1052/1712/65 1054/1711/65
f 52/1924/65 89/1925/65 1198/1880/65 1199/1879/65 1162/1926/65 1163/1927/65
f 1180/1860/65 1143/1804/65 1123/1782/65 1124/1781/65 1126/1783/65
f 1198/1880/65 89/1925/65 51/1928/65 1196/1881/65
f 1208/1905/65 1206/1893/65 1154/1892/65 1153/1906/65
f 978/1834/65 1164/1833/65 1211/1929/65 1138/1794/65 1137/1795/65
f 1104/1930/65 1116/1895/65 1207/1894/65 1209/1904/65 1102/1903/65
f 1041/1696/65 1042/1695/65 1210/1923/65 1213/1931/65 1212/1932/65
f 1214/1933/65 1033/1934/65 1215/1935/65 1040/1688/65 1039/1687/65
f 1046/1697/65 1036/1936/65 1034/1698/65
f 1033/1937/65 1031/1864/65 1185/1867/65 1190/1874/65 1192/1873/65 1215/1938/65
f 1063/1721/65 1065/1720/65 1218/1939/65 1219/1940/65 1217/1941/65 1216/1942/65 1191/1872/65 1189/1875/65
f 1188/1869/65 1064/1719/65 1062/1722/65 1186/1866/65 1029/1865/65 1027/1943/65 1175/1944/65 1172/1945/65 1169/1946/65 1014/1947/65 1026/1870/65
f 1184/1863/65 1211/1929/65 1164/1833/65 1165/1832/65
f 1053/1708/65 1051/1713/65 1205/1887/65 1203/1886/65 1200/1883/65 1066/1723/65
f 1217/1948/65 1220/1949/65 1221/1950/65 1037/1690/65 1038/1689/65 1216/1951/65
f 1222/1952/65 1212/1932/65 1213/1931/65 1201/1890/65 1202/1889/65
f 1204/1888/65 1223/1953/65 1222/1952/65 1202/1889/65
f 1223/1953/65 1182/1861/65 1043/1691/65 1041/1696/65 1212/1932/65 1222/1952/65
f 1006/1954/65 999/1955/65 1001/1800/65 1139/1799/65 1194/1877/65 1134/1790/65 1133/1791/65
f 951/1956/65 949/1957/65 1224/1958/65 961/1959/65
f 1224/1958/65 1197/1878/65 1195/1882/65 962/1960/65 961/1959/65
f 947/1961/65 945/1962/65 1226/1963/65 1225/1964/65
f 1157/1965/65 941/1966/65 942/1967/65 955/1968/65
f 1226/1963/65 1229/1969/65 1230/1970/65 1228/1971/65 1227/1972/65 1225/1964/65
f 1231/1973/65 307/1974/65 266/1975/65 1152/1976/65 1150/1977/65
f 1220/1949/65 1233/1978/65 1232/1979/65 1221/1950/65
f 1228/1971/65 1160/1980/65 1158/1981/65 1227/1972/65
f 1232/1979/65 1233/1978/65 1235/1982/65 1024/1983/65 1234/1984/65
f 1187/1868/65 1023/1871/65 1024/1985/65 1235/1986/65 1237/1987/65 1236/1988/65
f 1237/1987/65 1219/1940/65 1218/1939/65 1236/1988/65
f 1195/1882/65 1196/1881/65 51/1928/65 52/1924/65 1163/1927/65 960/1989/65 962/1960/65
f 1229/1969/65 1151/1990/65 1152/1976/65 266/1975/65 267/1991/65 1230/1970/65
f 1240/1992/116 422/1993/116 437/1994/116 1239/1557/116 1238/1995/116
f 1243/1996/57 1214/1997/57 1039/1998/57 1037/1999/57 1221/2000/57 1232/2001/57 1234/2002/57 1245/2003/57 1244/2004/57 1242/2005/57 1241/2006/57
f 1024/2007/250 547/2008/250 548/2009/250 1245/2010/250 1234/2011/250
f 1245/2010/251 548/2009/251 583/2012/251 1244/2013/251
f 1243/2010/252 470/2014/252 550/2008/252 1033/2007/252 1214/2011/252
f 1246/2015/253 467/2016/253 470/2014/253 1243/2010/253 1241/2013/253
usemtl concrete
f 827/2017/254 1249/2018/254 1250/2019/254 1248/2020/254 1247/2021/254 828/2022/254
f 1251/2023/254 1252/2024/254 810/2025/254 809/2026/254
f 1253/2027/65 1255/2028/65 1256/2029/65 1254/2030/65 781/2031/65 788/2032/65
f 804/2033/255 806/2034/255 1252/2035/255 1251/2036/255
f 1255/2037/57 854/2038/57 856/2039/57 1256/2040/57
f 862/2041/57 863/2042/57 1248/2043/57 1250/2044/57
f 834/2045/256 832/2046/256 1249/2047/256 827/2048/256 783/2049/256 1257/2050/256
f 1256/2051/257 856/2052/257 834/2045/257 1257/2050/257 1254/2053/257
f 832/2046/258 862/2054/258 1250/2055/258 1249/2047/258
f 1254/2053/259 1257/2050/259 783/2049/259 779/2056/259 781/2057/259
f 824/2058/260 810/2059/260 1252/2060/260 806/2061/260
f 809/2062/261 803/2063/261 804/2064/261 1251/2065/261
f 863/2066/262 844/2067/262 1247/2068/262 1248/2069/262
f 790/2070/263 828/2071/263 1247/2068/263 844/2067/263 843/2072/263 1258/2073/263
f 1258/2073/264 843/2072/264 854/2074/264 1255/2075/264 1253/2076/264
f 788/2077/261 790/2070/261 1258/2073/261 1253/2076/261
f 1260/2078/265 795/2079/265 812/2080/265 1259/2081/265
f 777/2082/265 776/2083/265 1261/2084/265
f 785/2085/266 784/2086/266 1262/2087/266
f 793/2088/266 1264/2089/266 1263/2090/266 814/2091/266
f 1265/2092/65 1266/2093/65 786/2094/65 774/2095/65
f 1261/2096/65 776/2097/65 785/2098/65 1262/2099/65
f 795/2100/267 1260/2101/267 1264/2102/267 793/2103/267
f 794/2100/267 1268/2101/267 1267/2102/267 796/2103/267
f 1270/2104/268 799/2105/268 811/2106/268 1269/2107/268
f 777/2108/269 1261/2109/269 1262/2110/269 784/2111/269
f 775/2112/269 787/2113/269 1266/2114/269 1265/2115/269
f 1259/2116/268 812/2117/268 814/2118/268 1263/2119/268
f 1268/2078/265 794/2079/265 799/2080/265 1270/2081/265
f 1266/2084/265 787/2082/265 786/2083/265
f 775/2086/266 1265/2087/266 774/2085/266
f 796/2088/266 1267/2089/266 1269/2090/266 811/2091/266
f 679/2120/270 666/2121/270 1271/2122/270
f 1273/2123/270 589/2124/270 590/2125/270 595/2126/270 1272/2127/270
f 1271/2128/196 666/2129/196 664/2130/196 621/2131/196 619/2132/196 680/2133/196 683/2134/196 1274/2135/196
f 601/2136/196 602/2137/196 574/2138/196 575/2139/196 613/2140/196 617/2141/196 589/2142/196 1273/2143/196 1275/2144/196
f 1276/2145/271 1277/2146/271 1275/2147/271 1273/2148/271 1272/2149/271
f 1279/2150/272 142/2151/272 146/2152/272 1278/2153/272
f 109/2154/273 1280/2155/273 117/2156/273
f 1278/2157/274 146/2158/274 147/2159/274 1281/2160/274
f 1282/2161/201 1283/2162/201 1279/2163/201 1278/2164/201 1281/2165/201
f 1285/2166/275 1280/2167/275 109/2168/275 106/2169/275 1284/2170/275
f 140/2171/276 142/2172/276 1279/2173/276 1287/2174/276 1286/2175/276
f 1288/2176/196 1287/2177/196 1279/2178/196 1283/2179/196
f 1286/2180/277 1287/2181/277 1288/2182/277 1289/2183/277
f 106/2184/278 105/2185/278 1290/2186/278 1284/2187/278
f 125/2188/116 120/2189/116 1291/2190/116
f 1293/2191/116 149/2192/116 140/2193/116 1286/2194/116 1292/2195/116
f 1289/2196/201 1294/2162/201 1292/2197/201 1286/2198/201
f 105/2199/200 125/2200/200 1291/2197/200 1295/2162/200 1290/2196/200
f 352/2201/279 353/2202/279 1297/2203/279 1296/2204/279
f 564/2205/280 565/2206/280 873/2207/280
f 402/2208/281 401/2209/281 1298/2210/281 567/2211/281
f 1300/2212/279 660/2213/279 567/2211/279 1298/2210/279 1299/2214/279
f 353/2202/282 873/2207/282 565/2206/282 570/2215/282 1301/2216/282 1297/2203/282
f 1299/2217/196 1298/2218/196 401/2219/196 433/2220/196 411/2221/196 409/2222/196 426/2223/196 424/2224/196 1302/2225/196
f 366/2226/196 328/2227/196 329/2228/196 349/2229/196 379/2230/196 352/2231/196 1296/2232/196 1303/2233/196
f 686/2234/57 623/2235/57 624/2236/57 669/2237/57 660/2238/57 1300/2217/57 1304/2225/57
f 1301/2232/57 570/2239/57 572/2240/57 607/2241/57 605/2242/57 1305/2233/57
f 1304/2243/201 1300/2244/201 1299/2245/201 1302/2246/201
f 1296/2247/283 1297/2248/283 1301/2249/283 1305/2250/283 1303/2251/283
f 1308/2252/284 1310/2253/284 1309/2254/284 1307/2255/284 1306/2256/284
f 1312/2257/285 1310/2258/285 1308/2259/285 1311/2260/285
f 1313/2261/286 1315/2262/286 1314/2263/286 1312/2264/286 1311/2265/286
f 1316/2266/287 1317/2267/287 1315/2268/287 1313/2269/287
f 1318/2270/288 1319/2271/288 1317/2272/288 1316/2273/288
f 1319/2274/289 1318/2275/289 312/2276/289 321/2277/289 1320/2278/289
f 1321/2279/290 1322/2280/290 296/2281/290 294/2282/290
f 1320/2283/290 321/2284/290 322/2285/290
f 1322/2286/291 1321/2287/291 1324/2288/291 1323/2289/291
f 1326/2290/292 1323/2291/292 1324/2292/292 1325/2293/292
f 1328/2294/293 1326/2295/293 1325/2296/293 1327/2297/293
f 1329/2298/294 1331/2299/294 1330/2300/294 1328/2301/294 1327/2302/294
f 1331/2303/295 1329/2304/295 1333/2305/295 1332/2306/295
f 1334/2307/296 1336/2308/296 1335/2309/296 1332/2310/296 1333/2311/296
f 1336/2312/297 1334/2313/297 1338/2314/297 1337/2315/297
f 1337/2316/298 1338/2317/298 1340/2318/298 1339/2319/298
f 1341/2320/299 1343/2321/299 1342/2322/299 1339/2323/299 1340/2324/299
f 1345/2325/300 290/2326/300 291/2327/300 1344/2328/300
f 1346/2329/301 1348/2330/301 1347/2331/301 1343/2332/301 1341/2333/301
f 1349/2334/302 1350/2335/302 318/2336/302 314/2337/302
f 290/2338/303 1345/2339/303 293/2340/303
f 1352/2341/304 1350/2342/304 1349/2343/304 1351/2344/304
f 1354/2345/305 1352/2346/305 1351/2347/305 1353/2348/305
f 1356/2349/306 1354/2350/306 1353/2351/306 1355/2352/306
f 1357/2353/307 1359/2354/307 1360/2355/307 1358/2356/307 1356/2357/307 1355/2358/307
f 1362/2359/308 1359/2360/308 1357/2361/308 1361/2362/308
f 1306/2363/309 1307/2364/309 1362/2365/309 1361/2366/309
f 1365/2367/196 1366/2368/196 1364/2369/196 1363/2370/196
f 1369/2371/65 1370/2372/65 1368/2373/65 1367/2374/65
f 1364/2375/65 1366/2376/65 1372/2377/65 1371/2378/65
f 1375/2371/65 1376/2372/65 1374/2373/65 1373/2374/65
f 1370/2379/57 1378/2380/57 1377/2381/57 1368/2382/57
f 1374/2383/57 1376/2384/57 1380/2380/57 1379/2381/57
f 1383/2376/65 1384/2377/65 1382/2378/65 1381/2375/65
f 1366/2385/200 1365/2386/200 1385/2387/200 1372/2388/200
f 1376/2389/200 1375/2390/200 1386/2391/200 1380/2392/200
f 1387/2391/200 1378/2392/200 1370/2393/200 1369/2394/200
f 1389/2395/200 1384/2396/200 1383/2397/200 1388/2398/200
f 1381/2397/201 1382/2396/201 1391/2395/201 1390/2398/201
f 1392/2391/201 1373/2390/201 1374/2389/201 1379/2392/201
f 1363/2386/201 1364/2385/201 1371/2388/201 1393/2387/201
f 1368/2393/201 1377/2392/201 1394/2391/201 1367/2394/201
f 1397/2399/310 1399/2400/310 1401/2401/310 1402/2402/310 1400/2403/310 1398/2404/310 1396/2405/310 1395/2406/310
f 1405/2407/311 1406/2408/311 1404/2409/311 1403/2410/311
f 1409/2411/311 1410/2412/311 1408/2413/311 1407/2414/311
f 1411/2415/312 1397/2416/312 1395/2417/312 1407/2418/312 1408/2419/312
f 1401/2420/312 1399/2421/312 1412/2422/312 1403/2423/312 1404/2424/312
f 1411/2415/313 1412/2422/313 1399/2421/313 1397/2416/313
f 1402/2425/314 1401/2426/314 1404/2427/314 1406/2428/314
f 1395/2426/315 1396/2425/315 1409/2428/315 1407/2427/315
f 1415/2429/65 1414/2430/65 1413/2431/65
f 1417/2432/65 1415/2429/65 1413/2431/65 1416/2433/65
f 1420/2434/65 1421/2435/65 1419/2436/65 1418/2437/65
f 1421/2435/65 1423/2438/65 1422/2439/65 1419/2436/65
f 1426/2440/65 1427/2441/65 1425/2442/65 1424/2443/65
f 1430/2444/65 1431/2445/65 1429/2446/65 1428/2447/65
f 1427/2441/65 1420/2434/65 1418/2437/65 1425/2442/65
f 1434/2448/140 1436/2449/140 1437/2450/140 1435/2451/140 1433/2452/140 1432/2453/140
f 1438/2454/65 1439/2455/65 1378/2456/65 1387/2457/65
f 1442/2458/65 1443/2459/65 1441/2460/65 1440/2461/65
f 1433/2452/65 1442/2458/65 1440/2461/65 1432/2453/65
f 1437/2450/65 1436/2449/65 1394/2462/65 1377/2463/65
f 1431/2445/65 1445/2464/65 1444/2465/65 1429/2446/65
f 1445/2464/65 1417/2432/65 1416/2433/65 1444/2465/65
f 1423/2438/65 1447/2466/65 1446/2467/65 1422/2439/65
f 1447/2466/65 1448/2468/65 1446/2467/65
f 1449/2469/65 1435/2451/65 1437/2450/65 1377/2463/65 1378/2456/65 1439/2455/65
f 1452/2470/65 1451/2471/65 1450/2472/65
f 1424/2443/65 1425/2442/65 1418/2437/65 1419/2436/65 1422/2439/65 1446/2467/65 1448/2468/65 1456/2473/65 1455/2474/65 1454/2376/65 1453/2475/65
f 1443/2459/65 1430/2444/65 1428/2447/65 1441/2460/65
f 1458/2476/65 1452/2470/65 1450/2472/65 1457/2477/65
f 1456/2473/65 1458/2476/65 1457/2477/65 1455/2474/65
f 1461/2478/116 1462/2479/116 1460/2480/116 1459/2481/116
f 1465/2482/116 1466/2483/116 1467/2484/116 1469/2485/116 1471/2486/116 1470/2487/116 1468/2488/116 1461/2478/116 1459/2481/116 1464/2475/116 1463/2376/116
f 1474/2489/116 1476/2490/116 1475/2491/116 1473/2492/116 1472/2448/116
f 1479/2493/116 1480/2494/116 1478/2495/116 1477/2496/116
f 1483/2497/116 1484/2498/116 1482/2499/116 1481/2500/116
f 1477/2496/116 1478/2495/116 1484/2498/116 1483/2497/116
f 1487/2501/116 1486/2502/116 1485/2503/116
f 1488/2504/116 1489/2505/116 1480/2494/116 1479/2493/116
f 1470/2487/116 1491/2506/116 1490/2507/116 1468/2488/116
f 1494/2508/116 1493/2509/116 1492/2510/116
f 1492/2510/116 1493/2509/116 1489/2505/116 1488/2504/116
f 1468/2488/116 1490/2507/116 1462/2479/116 1461/2478/116
f 1471/2486/116 1495/2511/116 1491/2506/116 1470/2487/116
f 1469/2485/116 1496/2512/116 1495/2511/116 1471/2486/116
f 1467/2484/116 1496/2512/116 1469/2485/116
f 1481/2500/116 1482/2499/116 1498/2513/116 1497/2514/116
f 1485/2503/116 1486/2502/116 1500/2515/116 1499/2516/116
f 1499/2516/116 1500/2515/116 1466/2483/116 1465/2482/116
f 1473/2492/116 1475/2491/116 1502/2517/116 1501/2454/116
f 1497/2514/116 1498/2513/116 1476/2490/116 1474/2489/116
f 1463/2518/57 1464/2519/57 1453/2520/57 1454/2521/57
f 1503/2522/316 1505/2523/316 1507/2524/316 1509/2525/316 1511/2526/316 1510/2527/316 1508/2528/316 1506/2529/316 1504/2530/316 1412/2531/316 1411/2532/316
f 1514/2533/317 1516/2534/317 1515/2535/317 1513/2536/317 1512/2537/317
f 1506/2529/318 1519/2538/318 1518/2539/318 1517/2540/318 1504/2530/318
f 1520/2541/319 1521/2542/319 1505/2523/319 1503/2522/319
f 1522/2543/320 1524/2544/320 1523/2545/320 1514/2533/320 1512/2537/320
f 1527/2546/316 1528/2547/316 1526/2548/316 1525/2549/316
f 1529/2550/321 1510/2527/321 1511/2526/321
f 1530/2551/322 1529/2550/322 1511/2526/322 1509/2525/322
f 1521/2542/323 1531/2552/323 1507/2524/323 1505/2523/323
f 1532/2553/316 1533/2554/316 1528/2547/316 1527/2546/316
f 1536/2555/324 1537/2556/324 1535/2557/324 1534/2558/324
f 1532/2553/324 1538/2559/324 1533/2554/324
f 1515/2535/325 1539/2560/325 1513/2536/325
f 1508/2528/326 1519/2538/326 1506/2529/326
f 1531/2552/327 1530/2551/327 1509/2525/327 1507/2524/327
f 1518/2539/328 1540/2561/328 1517/2540/328
f 1523/2545/329 1516/2534/329 1514/2533/329
f 1543/2562/330 1544/2563/330 1542/2564/330 1541/2565/330
f 1547/2566/331 1549/2567/331 1548/2568/331 1546/2569/331 1545/2570/331
f 1551/2571/332 1543/2562/332 1541/2565/332 1550/2572/332
f 1554/2573/333 1556/2574/333 1557/2575/333 1555/2576/333 1553/2577/333 1552/2578/333
f 1560/2579/334 1561/2580/334 1559/2581/334 1558/2582/334
f 1563/2583/335 1564/2584/335 1566/2585/335 1568/2586/335 1570/2587/335 1572/2588/335 1545/2570/335 1546/2569/335 1571/2589/335 1569/2590/335 1567/2591/335 1565/2592/335 1560/2579/335 1558/2582/335 1562/2593/335
f 1573/2594/336 1542/2564/336 1544/2563/336
f 1565/2592/331 1574/2595/331 1561/2580/331 1560/2579/331
f 1557/2575/336 1575/2596/336 1555/2576/336
f 1576/2597/337 1556/2574/337 1554/2573/337
f 1577/2598/338 1549/2567/338 1547/2566/338
f 1558/2582/339 1559/2581/339 1578/2599/339 1562/2593/339
f 1567/2591/335 1579/2600/335 1574/2595/335 1565/2592/335
f 1569/2590/331 1579/2600/331 1567/2591/331
f 1548/2568/335 1571/2589/335 1546/2569/335
f 1534/2601/340 1535/2602/340 1568/2603/340 1566/2604/340
f 1580/2605/341 1524/2606/341 1522/2607/341 1552/2608/341 1553/2609/341
f 1553/2609/342 1555/2610/342 1575/2611/342 1580/2605/342
f 1526/2612/343 1528/2613/343 1533/2614/343 1538/2615/343 1573/2616/343 1544/2617/343 1543/2618/343 1551/2619/343
f 1583/2620/65 1584/2621/65 1582/2622/65 1581/2623/65
f 1587/2624/65 1588/2625/65 1586/2626/65 1585/2627/65
f 1590/2377/65 1591/2628/65 1385/2629/65 1365/2630/65 1589/2631/65
f 1594/2632/65 1595/2633/65 1593/2634/65 1592/2635/65
f 1598/2636/65 1599/2637/65 1597/2638/65 1596/2639/65
f 1595/2633/65 1601/2640/65 1600/2641/65 1593/2634/65
f 1603/2642/65 1587/2624/65 1585/2627/65 1602/2643/65
f 1606/2644/65 1607/2645/65 1608/2646/65 1596/2639/65 1597/2638/65 1609/2647/65 1603/2642/65 1602/2643/65 1590/2377/65 1589/2631/65 1605/2648/65 1604/2649/65
f 1612/2650/65 1613/2651/65 1611/2652/65 1610/2653/65
f 1616/2454/65 1618/2654/65 1617/2655/65 1615/2656/65 1614/2448/65
f 1584/2621/65 1619/2657/65 1582/2622/65
f 1620/2658/65 1604/2649/65 1605/2648/65 1363/2659/65 1393/2660/65
f 1589/2631/65 1365/2630/65 1363/2659/65 1605/2648/65
f 1588/2625/65 1621/2661/65 1586/2626/65
f 1599/2637/65 1609/2647/65 1597/2638/65
f 1601/2640/65 1612/2650/65 1610/2653/65 1600/2641/65
f 1613/2651/65 1583/2620/65 1581/2623/65 1611/2652/65
f 1622/2662/65 1623/2663/65 1607/2645/65 1606/2644/65
f 1623/2663/65 1624/2664/65 1608/2646/65 1607/2645/65
f 1624/2664/65 1598/2636/65 1596/2639/65 1608/2646/65
f 1617/2655/65 1594/2632/65 1592/2635/65 1615/2656/65
f 1627/2665/116 1628/2666/116 1626/2667/116 1625/2668/116
f 1631/2628/116 1633/2669/116 1635/2670/116 1637/2671/116 1638/2672/116 1636/2673/116 1634/2674/116 1632/2675/116 1630/2676/116 1629/2658/116
f 1641/2677/116 1640/2678/116 1639/2679/116
f 1639/2679/116 1640/2678/116 1643/2680/116 1642/2681/116
f 1644/2682/116 1645/2683/116 1628/2666/116 1627/2665/116
f 1648/2684/116 1649/2685/116 1647/2686/116 1646/2687/116
f 1642/2681/116 1643/2680/116 1635/2670/116 1633/2669/116
f 1652/2688/116 1653/2689/116 1651/2690/116 1650/2691/116
f 1646/2687/116 1647/2686/116 1645/2683/116 1644/2682/116
f 1654/2692/116 1649/2685/116 1648/2684/116
f 1632/2675/116 1656/2693/116 1655/2694/116 1630/2676/116
f 1634/2674/116 1657/2695/116 1656/2693/116 1632/2675/116
f 1636/2673/116 1658/2696/116 1657/2695/116 1634/2674/116
f 1637/2671/116 1659/2697/116 1638/2672/116
f 1625/2668/116 1626/2667/116 1661/2698/116 1660/2699/116
f 1660/2699/116 1661/2698/116 1653/2689/116 1652/2688/116
f 1638/2672/116 1659/2697/116 1658/2696/116 1636/2673/116
f 1650/2691/116 1651/2690/116 1664/2700/116 1663/2454/116 1662/2448/116
f 1390/2381/196 1388/2380/196 1383/2701/196 1381/2702/196
f 1393/2703/57 1385/2704/57 1591/2521/57 1631/2518/57 1629/2519/57 1620/2520/57
f 1372/2368/57 1385/2367/57 1393/2370/57 1371/2369/57
f 1662/2519/196 1663/2518/196 1616/2521/196 1614/2520/196
f 1667/2705/65 1666/2706/65 1665/2707/65
f 1670/2708/65 1672/2709/65 1671/2710/65 1669/2711/65 1668/2712/65
f 1675/2713/65 1674/2714/65 1673/2715/65
f 1379/2463/65 1380/2456/65 1679/2455/65 1678/2716/65 1677/2717/65 1676/2718/65
f 1682/2719/65 1675/2713/65 1673/2715/65 1681/2720/65 1680/2721/65
f 1681/2720/65 1673/2715/65 1674/2714/65 1684/2722/65 1683/2723/65
f 1687/2448/65 1688/2724/65 1676/2718/65 1677/2717/65 1686/2725/65 1685/2726/65
f 1691/2727/65 1692/2728/65 1690/2729/65 1689/2730/65
f 1693/2454/65 1679/2455/65 1380/2456/65 1386/2457/65
f 1676/2718/65 1688/2724/65 1392/2462/65 1379/2463/65
f 1695/2731/65 1691/2727/65 1689/2730/65 1694/2732/65
f 1698/2733/65 1697/2734/65 1696/2735/65
f 1700/2736/65 1667/2705/65 1665/2707/65 1699/2737/65
f 1684/2722/65 1700/2736/65 1699/2737/65 1683/2723/65
f 1669/2711/65 1701/2738/65 1668/2712/65
f 1704/2739/65 1703/2740/65 1702/2741/65
f 1391/2660/65 1706/2658/65 1705/2742/65 1390/2659/65
f 1708/2743/65 1709/2744/65 1672/2709/65 1670/2708/65 1707/2745/65
f 1692/2728/65 1708/2743/65 1707/2745/65 1690/2729/65
f 1709/2744/65 1671/2710/65 1672/2709/65
f 1697/2734/65 1704/2739/65 1702/2741/65 1710/2746/65 1696/2735/65
f 1686/2725/65 1695/2731/65 1694/2732/65 1685/2726/65
f 1681/2720/65 1683/2723/65 1699/2737/65 1665/2707/65 1666/2706/65 1698/2733/65 1696/2735/65 1710/2746/65 1711/2747/65 1388/2630/65 1390/2659/65 1705/2742/65 1680/2721/65
f 1711/2747/65 1712/2628/65 1389/2629/65 1388/2630/65
f 1715/2748/116 1717/2749/116 1716/2750/116 1714/2751/116 1713/2752/116
f 1720/2628/116 1722/2753/116 1724/2754/116 1726/2755/116 1728/2756/116 1727/2757/116 1725/2758/116 1723/2759/116 1721/2760/116 1719/2761/116 1718/2658/116
f 1728/2756/116 1729/2762/116 1727/2757/116
f 1732/2763/116 1733/2764/116 1731/2765/116 1730/2766/116
f 1736/2767/116 1737/2768/116 1735/2769/116 1734/2770/116
f 1723/2759/116 1740/2771/116 1739/2772/116 1738/2773/116 1721/2760/116
f 1727/2757/116 1729/2762/116 1741/2774/116 1725/2758/116
f 1742/2775/116 1726/2755/116 1724/2754/116
f 1745/2776/116 1744/2777/116 1743/2778/116
f 1739/2772/116 1746/2779/116 1738/2773/116
f 1716/2750/116 1747/2780/116 1714/2751/116
f 1721/2760/116 1738/2773/116 1746/2779/116 1748/2781/116 1719/2761/116
f 1749/2782/116 1717/2749/116 1715/2748/116
f 1725/2758/116 1741/2774/116 1740/2771/116 1723/2759/116
f 1730/2766/116 1731/2765/116 1752/2783/116 1751/2784/116 1750/2448/116
f 1734/2770/116 1735/2769/116 1733/2764/116 1732/2763/116
f 1713/2752/116 1714/2751/116 1747/2780/116 1754/2785/116 1753/2786/116
f 1753/2786/116 1754/2785/116 1737/2768/116 1736/2767/116
f 1752/2783/344 1756/2787/344 1755/2454/344 1751/2784/344
f 1722/2753/116 1743/2778/116 1744/2777/116 1742/2775/116 1724/2754/116
f 1391/2703/57 1389/2704/57 1712/2521/57 1720/2518/57 1718/2519/57 1706/2520/57
f 1382/2702/57 1384/2701/57 1389/2380/57 1391/2381/57
f 1387/2380/196 1369/2379/196 1367/2382/196 1394/2381/196
f 1387/2704/196 1394/2703/196 1436/2788/196 1434/2520/196 1472/2519/196 1473/2789/196 1501/2518/196 1438/2521/196
f 1386/2380/196 1375/2384/196 1373/2383/196 1392/2381/196
f 1751/2790/196 1755/2518/196 1693/2521/196 1386/2704/196 1392/2703/196 1688/2791/196 1687/2520/196 1750/2519/196
f 1570/2792/200 1405/2793/200 1403/2794/200 1572/2795/200
f 1501/2796/200 1502/2797/200 1449/2798/200 1439/2799/200 1438/2800/200
f 1711/2801/200 1710/2802/200 1702/2803/200 1703/2804/200 1745/2805/200 1743/2806/200 1722/2807/200 1720/2808/200 1712/2809/200
f 1525/2810/345 1526/2811/345 1551/2812/345 1550/2813/345
f 1755/2796/200 1756/2814/200 1678/2815/200 1679/2799/200 1693/2800/200
f 1547/2816/200 1545/2817/200 1572/2795/200 1403/2794/200 1412/2818/200 1504/2819/200 1517/2820/200 1540/2821/200 1577/2822/200
f 1590/2823/200 1602/2824/200 1585/2825/200 1586/2826/200 1621/2827/200 1641/2828/200 1639/2829/200 1642/2830/200 1633/2831/200 1631/2808/200 1591/2809/200
f 1535/2832/346 1537/2833/346 1405/2793/346 1570/2792/346 1568/2834/346
f 1663/2796/200 1664/2835/200 1618/2836/200 1616/2800/200
f 1455/2837/200 1457/2838/200 1450/2839/200 1451/2840/200 1487/2841/200 1485/2842/200 1499/2843/200 1465/2844/200 1463/2845/200 1454/2846/200
f 1685/2847/201 1694/2848/201 1689/2849/201 1690/2850/201 1707/2851/201 1670/2852/201 1668/2853/201 1701/2854/201 1749/2855/201 1715/2856/201 1713/2857/201 1753/2858/201 1736/2859/201 1734/2860/201 1732/2861/201 1730/2862/201 1750/2796/201 1687/2800/201
f 1562/2863/201 1578/2822/201 1520/2821/201 1503/2864/201 1411/2818/201 1408/2794/201 1563/2795/201
f 1564/2792/201 1410/2793/201 1536/2833/201 1534/2832/201 1566/2834/201
f 1629/2808/201 1630/2865/201 1655/2828/201 1622/2827/201 1606/2866/201 1604/2823/201 1620/2809/201
f 1464/2845/201 1459/2867/201 1460/2868/201 1426/2869/201 1424/2870/201 1453/2846/201
f 1432/2871/201 1440/2872/201 1441/2873/201 1428/2874/201 1429/2875/201 1444/2876/201 1416/2877/201 1413/2878/201 1414/2879/201 1494/2880/201 1492/2881/201 1488/2882/201 1479/2883/201 1477/2884/201 1483/2885/201 1481/2886/201 1497/2887/201 1474/2888/201 1472/2796/201 1434/2800/201
f 1719/2889/201 1748/2890/201 1682/2891/201 1680/2892/201 1705/2801/201 1706/2809/201 1718/2808/201
f 1522/2811/347 1512/2893/347 1513/2894/347 1539/2810/347 1576/2813/347 1554/2895/347 1552/2812/347
f 1408/2794/201 1410/2793/201 1564/2792/201 1563/2795/201
f 1615/2896/201 1592/2897/201 1593/2898/201 1600/2899/201 1610/2900/201 1611/2901/201 1581/2902/201 1582/2903/201 1619/2836/201 1654/2835/201 1648/2904/201 1646/2905/201 1644/2906/201 1627/2907/201 1625/2908/201 1660/2909/201 1652/2910/201 1650/2911/201 1662/2796/201 1614/2800/201
f 1599/2912/348 1496/2913/348 1467/2914/348 1609/2915/348
f 1448/2916/348 1447/2917/348 1729/2918/348 1728/2919/348
f 1667/2920/349 1758/2921/349 1757/2922/349 1666/2923/349
f 732/2924/350 1579/2925/350 1569/2926/350 733/2927/350
f 1510/2928/350 1529/2929/350 1659/2930/350 1637/2931/350
f 1758/2932/351 1667/2933/351 1700/2934/351
f 1729/2935/352 1447/2936/352 1423/2937/352 1741/2938/352
f 1496/2939/352 1599/2940/352 1598/2941/352 1495/2942/352
f 1579/2943/353 732/2944/353 730/2945/353 1574/2946/353
f 1659/2947/354 1529/2948/354 1530/2949/354 1658/2950/354
f 1758/2951/355 1700/2952/355 1684/2953/355 1759/2954/355
f 1574/2955/356 730/2956/356 728/2957/356 1561/2958/356
f 1495/2959/357 1598/2960/357 1624/2961/357 1491/2962/357
f 1741/2963/356 1423/2964/356 1421/2965/356 1740/2966/356
f 1658/2967/358 1530/2968/358 1531/2969/358 1657/2970/358
f 1559/2971/359 1561/2972/359 728/2973/359 725/2974/359
f 1759/2975/360 1684/2976/360 1674/2977/360 1760/2978/360
f 1657/2979/361 1531/2980/361 1521/2981/361 1656/2982/361
f 1740/2983/362 1421/2984/362 1420/2985/362 1739/2986/362
f 1491/2987/363 1624/2988/363 1623/2989/363 1490/2990/363
f 1578/2991/364 1559/2992/364 725/2993/364 726/2994/364
f 1760/2995/365 1674/2996/365 1675/2997/365 1761/2998/365
f 1656/2999/366 1521/3000/366 1520/3001/366 1655/3002/366
f 1739/3003/367 1420/3004/367 1427/3005/367 1746/3006/367
f 1490/3007/367 1623/3008/367 1622/3009/367 1462/3010/367
f 699/3011/368 1622/3009/368 1655/3002/368 1520/3001/368 1578/2991/368 726/2994/368
f 1462/3012/369 1622/3013/369 1460/3014/369
f 699/3015/370 698/3016/370 1762/3017/370 1682/3018/370 1748/3019/370 1426/3020/370 1460/3014/370 1622/3013/370
f 1761/3021/371 1675/3022/371 1682/3018/371 1762/3017/371 1763/3023/371
f 1748/3019/372 1746/3024/372 1427/3025/372 1426/3020/372
f 1763/3026/373 1762/3027/373 698/3028/373 717/3029/373 1764/3030/373
f 1765/3031/374 1764/3032/374 717/3033/374 716/3034/374
f 735/3035/375 1556/3036/375 1576/3037/375 736/3038/375
f 1539/3039/376 1515/3040/376 1649/3041/376 1654/3042/376
f 1584/3043/377 1493/3044/377 1494/3045/377 1619/3046/377
f 1764/3047/378 1765/3048/378 1701/3049/378 1669/3050/378 1766/3051/378
f 1414/3052/379 1415/3053/379 1717/3054/379 1749/3055/379
f 1765/3048/377 716/3056/377 736/3038/377 1576/3037/377 1539/3039/377 1654/3042/377 1619/3046/377 1494/3045/377 1414/3052/377 1749/3055/377 1701/3049/377
f 1717/3057/380 1415/3058/380 1417/3059/380 1716/3060/380
f 1493/3061/381 1584/3062/381 1583/3063/381 1489/3064/381
f 1649/3065/382 1515/3066/382 1516/3067/382 1647/3068/382
f 1766/3069/383 1669/3070/383 1671/3071/383 1767/3072/383
f 703/3073/384 1768/3074/384 1557/3075/384 1556/3076/384 735/3077/384
f 1647/3078/385 1516/3079/385 1523/3080/385 1645/3081/385
f 1716/3082/386 1417/3083/386 1445/3084/386 1747/3085/386
f 1575/3086/387 1557/3087/387 1768/3088/387
f 1489/3089/386 1583/3090/386 1613/3091/386 1480/3092/386
f 1580/3093/388 1575/3086/388 1768/3088/388 703/3094/388 702/3095/388
f 1767/3096/386 1671/3097/386 1709/3098/386 1769/3099/386
f 1480/3100/389 1613/3101/389 1612/3102/389 1478/3103/389
f 1524/3104/390 1580/3105/390 702/3106/390 758/3107/390 1770/3108/390
f 1645/3109/391 1523/3110/391 1524/3104/391 1770/3108/391 1628/3111/391
f 1747/3112/389 1445/3113/389 1431/3114/389 1754/3115/389
f 1769/3116/389 1709/3117/389 1708/3118/389 1771/3119/389
f 752/3120/392 1626/3121/392 1628/3122/392 1770/3123/392 758/3124/392
f 1754/3125/393 1431/3126/393 1430/3127/393 1737/3128/393
f 1478/3129/394 1612/3130/394 1601/3131/394 1484/3132/394
f 1771/3133/395 1708/3134/395 1692/3135/395 1772/3136/395
f 1484/3137/396 1601/3138/396 1595/3139/396 1482/3140/396
f 1737/3141/396 1430/3142/396 1443/3143/396 1735/3144/396
f 751/3145/397 1773/3146/397 1661/3147/397 1626/3148/397 752/3149/397
f 1772/3150/398 1692/3151/398 1691/3152/398
f 1772/3153/399 1691/3154/399 1695/3155/399 1774/3156/399
f 1482/3157/400 1595/3158/400 1594/3159/400 1498/3160/400
f 1735/3161/401 1443/3162/401 1442/3163/401 1733/3164/401
f 1542/3165/402 1573/3166/402 1775/3167/402
f 1661/3168/401 1773/3169/401 1538/3170/401 1532/3171/401 1653/3172/401
f 1573/3166/399 1538/3170/399 1773/3169/399 751/3173/399 707/3174/399 1775/3167/399
f 1774/3175/403 1695/3176/403 1686/3177/403 1776/3178/403
f 1498/3179/404 1594/3180/404 1617/3181/404 1476/3182/404
f 708/3183/405 1541/3184/405 1542/3185/405 1775/3186/405 707/3187/405
f 1733/3188/406 1442/3189/406 1433/3190/406 1731/3191/406
f 1653/3192/407 1532/3193/407 1527/3194/407 1651/3195/407
f 1476/3196/408 1617/3197/408 1618/3198/408 1475/3199/408
f 1731/3200/408 1433/3201/408 1435/3202/408 1752/3203/408
f 1651/3204/409 1527/3205/409 1525/3206/409 1664/3207/409
f 1550/3208/410 1541/3209/410 708/3210/410 713/3211/410
f 1776/3212/411 1686/3213/411 1677/3214/411 1777/3215/411
f 712/3216/412 1618/3198/412 1664/3207/412 1525/3206/412 1550/3208/412 713/3211/412
f 712/3217/413 711/3218/413 1778/3219/413 1449/3220/413 1502/3221/413 1618/3222/413
f 1475/3223/414 1618/3222/414 1502/3221/414
f 1777/3224/415 1677/3225/415 1678/3226/415 1780/3227/415 1779/3228/415
f 1756/3229/416 1752/3230/416 1435/3231/416 1449/3220/416 1778/3219/416 1781/3232/416
f 1678/3226/417 1756/3229/417 1781/3232/417 1780/3227/417
f 1779/3233/418 1780/3234/418 1781/3235/418 1778/3236/418 711/3237/418 756/3238/418 1782/3239/418
f 1783/3240/419 1784/3241/419 1785/3242/419 1782/3243/419 756/3244/419 755/3245/419
f 1783/3246/420 755/3247/420 760/3248/420 1577/3249/420 1540/3250/420 1641/3251/420 1621/3252/420 1487/3253/420 1451/3254/420
f 1540/3250/421 1518/3255/421 1640/3256/421 1641/3251/421
f 1785/3257/422 1784/3258/422 1745/3259/422 1703/3260/422
f 1588/3261/421 1486/3262/421 1487/3253/421 1621/3252/421
f 1782/3263/423 1785/3257/423 1703/3260/423 1704/3264/423 1786/3265/423
f 1745/3259/424 1784/3258/424 1783/3246/424 1451/3254/424 1452/3266/424 1744/3267/424
f 742/3268/425 1549/3269/425 1577/3249/425 760/3248/425
f 1786/3270/426 1704/3271/426 1697/3272/426 1787/3273/426
f 1744/3274/427 1452/3275/427 1458/3276/427 1742/3277/427
f 1549/3278/428 742/3279/428 741/3280/428 1548/3281/428
f 1486/3282/429 1588/3283/429 1587/3284/429 1500/3285/429
f 1640/3286/430 1518/3287/430 1519/3288/430 1643/3289/430
f 1571/3290/431 1548/3291/431 741/3292/431 748/3293/431
f 1742/3294/432 1458/3295/432 1456/3296/432 1726/3297/432
f 1643/3298/433 1519/3299/433 1508/3300/433 1635/3301/433
f 1787/3302/432 1697/3303/432 1698/3304/432 1788/3305/432
f 1500/3306/432 1587/3307/432 1603/3308/432 1466/3309/432
f 1510/3310/434 1637/3311/434 1635/3312/434 1508/3313/434
f 1456/3314/435 1448/3315/435 1728/3316/435 1726/3317/435
f 1666/3318/435 1757/3319/435 1788/3320/435 1698/3321/435
f 733/3322/436 1569/3323/436 1571/3324/436 748/3325/436
f 1609/3326/435 1467/3327/435 1466/3328/435 1603/3329/435
f 1757/3330/65 1758/3331/65 1759/3332/65 1760/3333/65 1761/3334/65 1763/3335/65 1764/3336/65 1766/3337/65 1767/3338/65 1769/3339/65 1771/3340/65 1772/3341/65 1774/3342/65 1776/3343/65 1777/3344/65 1779/3345/65 1782/3346/65 1786/3347/65 1787/3348/65 1788/3349/65
f 1790/3350/437 1791/3351/437 178/3352/437 184/3353/437 1789/3354/437
f 1789/3354/437 184/3353/437 262/3355/437 249/3356/437 1793/3357/437 1792/3358/437
f 1793/3359/196 1796/3360/196 1795/3361/196 1794/3362/196 1792/3363/196
f 1795/3361/196 243/3364/196 241/3365/196 239/3366/196 237/3367/196 257/3368/196 255/3369/196 1794/3362/196
f 218/3370/196 208/3371/196 209/3372/196 214/3373/196 1797/3374/196
f 249/3375/196 244/3376/196 245/3377/196 1796/3360/196 1793/3359/196
f 1791/3378/438 1790/3379/438 1799/3380/438 1798/3381/438
f 1801/3382/200 1802/3383/200 1803/3384/200 1797/3385/200 214/3386/200 224/3387/200 215/3388/200 180/3389/200 1800/3390/200
f 180/3389/200 178/3391/200 1791/3392/200 1798/3393/200 1804/3394/200 1800/3390/200
f 1807/3395/116 1809/3396/116 1808/3397/116 1806/3398/116 1805/3399/116
f 312/3400/116 1318/3401/116 1316/3402/116 1313/3403/116 1311/3404/116 1308/3405/116 1306/3406/116 1361/3407/116 1357/3408/116 1355/3409/116 1353/3410/116 1351/3411/116 1349/3412/116 314/3413/116
f 1807/3395/116 382/3414/116 357/3415/116 1809/3396/116
f 1324/3416/116 1321/3417/116 294/3418/116 293/3419/116 1345/3420/116 1344/3421/116 1346/3422/116 1341/3423/116 1340/3424/116 1338/3425/116 1334/3426/116 1333/3427/116 1329/3428/116 1327/3429/116 1325/3430/116
f 1805/3399/116 1346/3431/116 1344/3432/116 829/3433/116 382/3414/116 1807/3395/116
f 1805/3434/196 1806/3435/196 1810/3436/196 1348/3437/196 1346/3438/196
f 1344/3439/201 291/3440/201 289/3441/201 299/3442/201 829/3443/201
f 1811/3444/439 1810/3445/439 1806/3446/439 1808/3447/439
f 1272/3448/201 595/3449/201 594/3450/201 1276/3451/201
f 689/3452/201 679/3453/201 1271/3454/201 1274/3455/201
f 1267/3456/116 1268/3457/116 1270/3458/116 1269/3459/116
f 1260/3460/116 1259/3461/116 1263/3462/116 1264/3463/116
f 1809/3434/57 357/3464/57 358/3465/57 373/3466/57 375/3467/57 367/3468/57 365/3469/57 1811/3436/57 1808/3435/57
f 1294/3470/57 1813/3471/57 1814/3472/57 1812/3473/57 1293/3474/57 1292/3475/57
f 120/3476/57 118/3477/57 1817/3478/57 1816/3479/57 1815/3480/57 1295/3481/57 1291/3482/57
f 1812/3473/57 160/3483/57 158/3484/57 153/3485/57 149/3486/57 1293/3474/57
f 95/3487/57 96/3488/57 127/3489/57 1817/3478/57 118/3477/57
f 1815/3480/57 1816/3479/57 101/3490/57 99/3491/57
f 156/3492/57 157/3493/57 1814/3472/57 1813/3471/57
f 1819/3494/116 1820/3495/116 1343/3496/116 1347/3497/116 1818/3498/116
f 1821/3499/116 1822/3500/116 1315/3501/116 1317/3502/116 1824/3503/116 1823/3504/116 27/3505/116 28/3506/116 110/3507/116
f 956/1819/116 1826/3508/116 1332/3509/116 1335/3510/116 1828/3511/116 1827/3512/116 1825/3513/116 969/1821/116 964/1820/116
f 998/3514/116 1790/3515/116 1789/3516/116 1792/3517/116 1000/1800/116
f 437/3518/116 436/3519/116 1832/3520/116 1833/3521/116 1831/3522/116 1830/3523/116 1829/3524/116 1239/1772/116
f 603/3525/116 601/3526/116 1275/3527/116 1009/3528/116 1007/1857/116
f 1289/3529/116 1288/3530/116 1834/3531/116
f 1792/3517/116 1794/3532/116 255/3533/116 256/3534/116 1002/3535/116 1000/1800/116
f 47/3536/116 281/3537/116 1835/3538/116 38/3539/116
f 1836/3540/116 88/3541/116 49/3542/116 40/3543/116
f 1281/3544/116 147/3545/116 145/3546/116 959/1826/116 967/3547/116
f 110/3548/116 117/3549/116 1280/3550/116 1821/3551/116
f 1294/3552/116 1289/3529/116 1834/3531/116 974/3553/116 973/1907/116 980/1913/116
f 468/3554/116 467/3555/116 1246/3556/116 885/3557/116
f 436/3519/116 317/3558/116 319/3559/116 1350/3560/116 1352/3561/116 1832/3520/116
f 1242/3562/116 1837/3563/116 887/3564/116 885/3557/116 1246/3556/116 1241/1933/116
f 1835/3538/116 281/3537/116 295/3565/116 1840/3566/116 1839/3567/116 1838/3568/116
f 320/3569/116 44/3570/116 26/3571/116
f 296/3572/116 1322/3573/116 297/3574/116
f 295/3565/116 297/3574/116 1322/3573/116 1323/3575/116 1840/3566/116
f 1317/3502/116 1319/3576/116 1824/3503/116
f 1824/3503/116 1319/3576/116 1320/3577/116 1823/3504/116
f 1832/3520/116 1352/3561/116 1354/3578/116 1833/3521/116
f 1843/3579/116 1285/3580/116 1284/3581/116 1842/3582/116 1841/3583/116
f 1314/3584/116 1315/3501/116 1822/3500/116
f 1823/3504/116 1320/3577/116 322/3585/116 320/3569/116 26/3571/116 27/3505/116
f 1844/3586/116 1328/3587/116 1330/3588/116 1845/3589/116 1826/3590/116 956/1968/116 957/3591/116
f 975/1919/116 969/1918/116 1819/3494/116 1818/3498/116 977/1920/116
f 85/3592/116 219/3593/116 84/3594/116
f 1330/3595/116 1331/3596/116 1845/3597/116
f 1845/3597/116 1331/3596/116 1332/3509/116 1826/3508/116
f 1009/3528/116 1275/3527/116 1277/3598/116 1011/1842/116
f 1798/3599/116 1799/3600/116 1004/3601/116 1016/1706/116 1846/3602/116
f 464/3603/116 463/3604/116 450/3605/116 1801/3606/116 1800/3607/116 1804/3608/116
f 465/3609/116 464/3610/116 1804/3611/116 1798/3599/116 1846/3602/116
f 450/3605/116 451/3612/116 1802/3613/116 1801/3606/116
f 1274/3614/116 683/3615/116 684/3616/116 1847/3617/116
f 685/3618/116 686/3619/116 1304/3620/116
f 458/3621/116 456/3622/116 688/3623/116 689/3624/116 1274/3614/116 1847/3617/116
f 1238/1876/116 1803/3625/116 1802/3613/116 451/3612/116 458/3626/116 1847/3627/116 684/3628/116 685/3618/116 1304/3620/116 1302/3629/116 1240/3630/116
f 1277/3631/116 1276/3632/116 1021/3633/116 1011/1947/116
f 1276/3632/440 594/3634/440 593/3635/440 1021/3633/440
f 456/3636/116 454/3637/116 651/3638/116 688/3639/116
f 1846/3640/116 1016/1699/116 466/3641/116 465/3642/116
f 988/1694/116 1305/3643/116 605/3644/116 603/3645/116 1007/1921/116 987/1821/116
f 958/3646/116 1836/3540/116 40/3543/116 38/3539/116 1835/3538/116 1838/3568/116 1844/3586/116 957/3591/116 954/1967/116 953/1956/116
f 1002/3535/116 256/3534/116 842/3647/116 80/3648/116 136/3649/116 156/3650/116 1813/3651/116 1294/3652/116 980/1899/116 983/1801/116
f 1309/1813/116 1310/3653/116 1848/3654/116
f 1284/3581/116 1290/3655/116 1849/3656/116 1362/3657/116 1307/3658/116 1842/3582/116
f 1841/3659/116 1848/3654/116 1310/3653/116 1312/3660/116 1843/3661/116
f 1239/1772/116 1829/3524/116 1797/3662/116 1803/3625/116 1238/1876/116
f 1838/3568/116 1839/3567/116 1326/3663/116 1328/3587/116 1844/3586/116
f 318/3664/116 1350/3560/116 319/3559/116
f 424/3665/116 422/3666/116 1240/3630/116 1302/3629/116
f 1834/3531/116 1288/3530/116 1283/3667/116 1282/3668/116 970/1908/116 974/3553/116
f 563/3669/116 561/3670/116 890/3671/116
f 145/3672/116 88/3541/116 1836/3540/116 958/3646/116 959/1989/116
f 969/1918/116 1825/3673/116 1339/3674/116 1342/3675/116 1820/3495/116 1819/3494/116
f 1840/3566/116 1323/3575/116 1326/3663/116 1839/3567/116
f 585/3676/116 563/3669/116 890/3671/116 888/3677/116 887/3564/116 1837/3563/116
f 1811/3678/116 365/3679/116 366/3680/116 1303/3681/116 990/1693/116 992/3682/116
f 454/3683/116 452/3684/116 459/3685/116 460/3686/116 646/3687/116 644/3688/116 651/3689/116
f 1850/3690/116 1359/3691/116 1362/3657/116 1849/3656/116
f 994/1831/116 1810/3692/116 1811/3678/116 992/3682/116
f 79/3693/116 80/3648/116 842/3647/116
f 1004/3694/116 1799/3695/116 1790/3515/116 998/3514/116 996/1955/116
f 1830/3523/116 1831/3522/116 1356/3696/116 1358/3697/116 1851/3698/116
f 1833/3521/116 1354/3578/116 1356/3696/116 1831/3522/116
f 1360/3699/116 1359/3691/116 1850/3690/116
f 1335/3700/116 1336/3701/116 1828/3702/116
f 1295/3703/116 1815/3704/116 99/3705/116 100/3706/116 111/3707/116 84/3594/116 219/3593/116 218/3708/116 1797/3662/116 1829/3524/116 1830/3523/116 1851/3698/116
f 990/1693/116 1303/3681/116 1305/3643/116 988/1694/116
f 1244/1984/116 583/3709/116 585/3676/116 1837/3563/116 1242/3562/116
f 1827/3710/116 1337/3711/116 1339/3674/116 1825/3673/116
f 1828/3702/116 1336/3701/116 1337/3711/116 1827/3710/116
f 1842/3582/116 1307/3658/116 1309/1900/116 1848/3712/116 1841/3583/116
f 1851/3713/116 1358/3714/116 1360/3699/116 1850/3690/116 1849/3656/116 1290/3655/116 1295/3715/116
f 1342/3675/116 1343/3496/116 1820/3495/116
f 1282/3716/116 1281/3544/116 967/3547/116 966/1825/116 970/1830/116
f 1822/3717/116 1821/3551/116 1280/3550/116 1285/3718/116 1843/3661/116 1312/3660/116 1314/3719/116
f 977/1834/116 1818/3720/116 1347/3721/116 1348/3722/116 1810/3692/116 994/1831/116 982/1835/116
usemtl edge_white
f 1853/3723/116 204/3724/116 206/3725/116 1852/3726/116
f 1855/3727/116 252/3728/116 228/3729/116 1854/3730/116
f 1856/3731/441 254/3732/441 252/3733/441 1855/3734/441
f 206/3735/442 217/3736/442 1857/3737/442 1852/3738/442
f 1857/3739/443 217/3740/443 213/3741/443 1858/3742/443
f 254/3743/444 1856/3744/444 1859/3745/444 253/3746/444
f 253/3747/445 1859/3748/445 1860/3749/445 247/3750/445
f 1858/3751/446 213/3752/446 212/3753/446 1861/3754/446
f 1861/3755/447 212/3756/447 220/3757/447 223/3758/447 1862/3759/447
f 245/3760/448 247/3761/448 1860/3762/448 1796/3763/448
f 1862/3764/449 223/3765/449 225/3766/449 190/3767/449 1863/3768/449
f 1864/3769/450 242/3770/450 243/3771/450 1795/3772/450
f 242/3773/451 1864/3774/451 1865/3775/451 240/3776/451
f 1863/3777/451 190/3778/451 189/3779/451 1866/3780/451
f 240/3781/452 1865/3782/452 1867/3783/452 238/3784/452
f 1866/3785/453 189/3786/453 211/3787/453 1868/3788/453
f 1868/3789/454 211/3790/454 210/3791/454 1869/3792/454
f 258/3793/455 238/3794/455 1867/3795/455 1870/3796/455
f 258/3797/65 1870/3798/65 1871/3799/65 259/3800/65
f 210/3801/65 191/3802/65 1872/3803/65 1869/3804/65
f 191/3805/456 134/3806/456 115/3807/456 1873/3808/456 1872/3809/456
f 1874/3810/457 1875/3811/457 236/3812/457 259/3813/457 1871/3814/457
f 113/3815/458 135/3816/458 1876/3817/458 1873/3818/458 115/3819/458
f 838/3820/459 234/3821/459 1875/3822/459 1874/3823/459 1877/3824/459 138/3825/459 161/3826/459
f 236/3827/460 1875/3822/460 234/3821/460
f 1876/3828/461 135/3829/461 102/3830/461 1878/3831/461
f 138/3832/462 1877/3833/462 1879/3834/462 137/3835/462
f 1816/3836/463 1878/3837/463 102/3838/463 101/3839/463
f 157/3840/463 137/3841/463 1879/3842/463 1814/3843/463
f 1880/3844/464 159/3845/464 160/3846/464 1812/3847/464
f 98/3848/465 1881/3849/465 1817/3850/465 127/3851/465
f 1881/3852/466 98/3853/466 97/3854/466 1882/3855/466
f 159/3856/467 1880/3857/467 1883/3858/467 152/3859/467
f 152/3860/468 1883/3861/468 1885/3862/468 1884/3863/468 263/3864/468 151/3865/468
f 1884/3863/469 229/3866/469 263/3864/469
f 119/3867/470 128/3868/470 1886/3869/470 1882/3870/470 97/3871/470
f 1854/3872/471 228/3873/471 229/3874/471 1884/3875/471 1885/3876/471
f 1886/3877/472 128/3878/472 129/3879/472 204/3880/472 1853/3881/472
f 1877/3882/473 1874/3883/473 1871/3884/473 1870/3885/473 1867/3886/473 1865/3887/473 1864/3888/473 1795/3889/473 1796/3890/473 1860/3891/473 1859/3892/473 1856/3893/473 1855/3894/473 1854/3895/473 1885/3896/473 1883/3897/473 1880/3898/473 1812/3899/473 1814/3900/473 1879/3901/473
f 1886/3902/474 1853/3903/474 1852/3904/474 1857/3905/474 1858/3906/474 1861/3907/474 1862/3908/474 1863/3909/474 1866/3910/474 1868/3911/474 1869/3912/474 1872/3913/474 1873/3914/474 1876/3915/474 1878/3916/474 1816/3917/474 1817/3918/474 1881/3919/474 1882/3920/474
f 598/3921/475 611/3922/475 1888/3923/475 1887/3924/475
f 1890/3925/476 639/3926/476 630/3927/476 1889/3928/476
f 1888/3929/477 611/3930/477 610/3931/477 1891/3932/477
f 638/3933/478 639/3934/478 1890/3935/478 1892/3936/478
f 1891/3937/479 610/3938/479 616/3939/479 1893/3940/479
f 687/3941/480 638/3942/480 1892/3943/480 1894/3944/480
f 667/3945/481 687/3946/481 1894/3947/481 1895/3948/481
f 1893/3949/482 616/3950/482 618/3951/482 1896/3952/482
f 1896/3953/483 618/3954/483 614/3955/483 1897/3956/483
f 665/3957/484 667/3958/484 1895/3959/484 1898/3960/484
f 622/3961/485 665/3962/485 1898/3963/485 1899/3964/485
f 1897/3965/486 614/3966/486 577/3967/486 1900/3968/486
f 1900/3969/487 577/3970/487 576/3971/487 1901/3972/487
f 620/3973/488 622/3974/488 1899/3975/488 1902/3976/488
f 1901/3977/489 576/3978/489 604/3979/489 1903/3980/489
f 681/3981/490 620/3982/490 1902/3983/490 1904/3984/490
f 1906/3985/491 672/3986/491 673/3987/491 1905/3988/491
f 606/3989/492 587/3990/492 1908/3991/492 1907/3992/492
f 672/3993/493 1906/3994/493 1909/3995/493 675/3996/493
f 1908/3997/494 587/3998/494 581/3999/494 1910/4000/494
f 1910/4001/495 581/4002/495 580/4003/495 1911/4004/495
f 675/4005/496 1909/4006/496 1912/4007/496 677/4008/496
f 1911/4009/497 580/4010/497 612/4011/497 1913/4012/497
f 677/4013/498 1912/4014/498 1914/4015/498 627/4016/498
f 1913/4017/499 612/4018/499 573/4019/499 1915/4020/499
f 627/4021/500 1914/4022/500 1916/4023/500 626/4024/500
f 1915/4025/501 573/4026/501 571/4027/501 1917/4028/501
f 626/4029/502 1916/4030/502 1918/4031/502 670/4032/502
f 670/4033/503 1918/4034/503 1919/4035/503 682/4036/503
f 1917/4037/504 571/4038/504 609/4039/504 1920/4040/504
f 629/4041/505 682/4042/505 1919/4043/505 1921/4044/505
f 1920/4045/505 609/4046/505 596/4047/505 1922/4048/505
f 1892/4049/170 1890/4050/170 1889/4051/170 1921/4052/170 1919/4053/170 1918/4054/170 1916/4055/170 1914/4056/170 1912/4057/170 1909/4058/170 1906/4059/170 1905/4060/170 1904/4061/170 1902/4062/170 1899/4063/170 1898/4064/170 1895/4065/170 1894/4066/170
f 1887/4067/506 1888/4068/506 1891/4069/506 1893/4070/506 1896/4071/506 1897/4072/506 1900/4073/506 1901/4074/506 1903/4075/506 1907/4076/506 1908/4077/506 1910/4078/506 1911/4079/506 1913/4080/506 1915/4081/506 1917/4082/506 1920/4083/506 1922/4084/506
f 337/4085/116 1924/4086/116 1923/4087/116 359/4088/116
f 1926/4089/116 391/4090/116 389/4091/116 1925/4092/116
f 1889/4093/116 630/4094/116 629/4095/116 1921/4096/116
f 598/4097/507 1887/4098/507 1922/4099/507 596/4100/507
f 337/4101/508 338/4102/508 1927/4103/508 1924/4104/508
f 1928/4105/508 397/4106/508 391/4107/508 1926/4108/508
f 397/4109/509 1928/4110/509 1929/4111/509 404/4112/509
f 1927/4113/509 338/4114/509 340/4115/509 1930/4116/509
f 1930/4117/510 340/4118/510 342/4119/510 1931/4120/510
f 404/4121/510 1929/4122/510 1932/4123/510 420/4124/510
f 1931/4125/511 342/4126/511 348/4127/511 1933/4128/511
f 420/4129/511 1932/4130/511 1934/4131/511 421/4132/511
f 421/4133/512 1934/4134/512 1935/4135/512 434/4136/512
f 1933/4137/512 348/4138/512 380/4139/512 1936/4140/512
f 434/4141/513 1935/4142/513 1937/4143/513 412/4144/513
f 1936/4145/513 380/4146/513 350/4147/513 1938/4148/513
f 412/4149/514 1937/4150/514 1939/4151/514 410/4152/514
f 1938/4153/515 350/4154/515 331/4155/515 1940/4156/515
f 410/4157/516 1939/4158/516 1941/4159/516 428/4160/516
f 1940/4161/516 331/4162/516 330/4163/516 1942/4164/516
f 1942/4165/65 330/4166/65 355/4167/65 1943/4168/65
f 1905/4169/65 673/4170/65 681/4171/65 1904/4172/65
f 428/4173/65 1941/4174/65 1944/4175/65 415/4176/65
f 1903/4177/517 604/4178/517 606/4179/517 1907/4180/517
f 1945/4181/518 414/4182/518 415/4183/518 1944/4184/518
f 355/4185/519 356/4186/519 1946/4187/519 1943/4188/519
f 1946/4189/520 356/4190/520 372/4191/520 1947/4192/520
f 414/4193/521 1945/4194/521 1948/4195/521 417/4196/521
f 417/4197/522 1948/4198/522 1949/4199/522 419/4200/522
f 1947/4201/522 372/4202/522 377/4203/522 1950/4204/522
f 419/4205/523 1949/4206/523 1951/4207/523 435/4208/523
f 1950/4209/523 377/4210/523 381/4211/523 1952/4212/523
f 1952/4213/524 381/4214/524 378/4215/524 1953/4216/524
f 435/4217/524 1951/4218/524 1954/4219/524 432/4220/524
f 432/4221/525 1954/4222/525 1955/4223/525 408/4224/525
f 1953/4225/525 378/4226/525 376/4227/525 1956/4228/525
f 408/4229/526 1955/4230/526 1957/4231/526 406/4232/526
f 1956/4233/526 376/4234/526 374/4235/526 1958/4236/526
f 389/4237/527 406/4238/527 1957/4239/527 1925/4240/527
f 1958/4241/527 374/4242/527 359/4243/527 1923/4244/527
f 1929/4245/201 1928/4246/201 1926/4247/201 1925/4248/201 1957/4249/201 1955/4250/201 1954/4251/201 1951/4252/201 1949/4253/201 1948/4254/201 1945/4255/201 1944/4256/201 1941/4257/201 1939/4258/201 1937/4259/201 1935/4260/201 1934/4261/201 1932/4262/201
f 1924/4263/200 1927/4264/200 1930/4265/200 1931/4266/200 1933/4267/200 1936/4268/200 1938/4269/200 1940/4270/200 1942/4271/200 1943/4272/200 1946/4273/200 1947/4274/200 1950/4275/200 1952/4276/200 1953/4277/200 1956/4278/200 1958/4279/200 1923/4280/200
f 1537/4281/528 1536/4282/528 1398/4283/528 1400/4284/528
f 1396/4285/528 1398/4283/528 1536/4282/528 1410/4286/528 1409/4287/528
f 1537/4281/528 1400/4284/528 1402/4288/528 1406/4289/528 1405/4290/528
f 1188/4291/200 1187/4292/200 1960/4293/200 1959/4294/200
f 1962/4295/201 1065/4296/201 1064/4297/201 1961/4298/201
f 1960/4299/57 1187/4300/57 1236/4301/57 1218/4302/57 1065/4303/57 1962/4304/57
f 1063/4300/57 1189/4305/57 1190/4306/57 1185/4303/57 1964/4304/57 1963/4299/57
f 1188/4307/196 1959/4308/196 1961/4309/196 1064/4310/196
f 1966/4309/196 1186/4310/196 1062/4307/196 1965/4308/196
f 1062/4291/200 1063/4292/200 1963/4293/200 1965/4294/200
f 1964/4295/201 1185/4296/201 1186/4297/201 1966/4298/201
f 1968/4311/529 1233/4312/529 1220/4313/529 1967/4314/529
f 1237/4315/530 1970/4316/530 1969/4317/530 1219/4318/530
f 1235/4319/531 1233/4320/531 1968/4321/531 1970/4322/531 1237/4323/531
f 1967/4324/532 1220/4325/532 1217/4326/532 1219/4327/532 1969/4328/532
f 1964/4329/65 1966/4330/65 1965/4331/65 1963/4332/65
f 1968/4333/65 1967/4334/65 1969/4335/65 1970/4336/65
f 1973/4337/65 1974/4338/65 1972/4339/65 1971/4340/65
f 1959/4331/65 1960/4332/65 1962/4329/65 1961/4330/65
f 1040/4341/57 1974/4342/57 1973/4343/57 1038/4344/57
f 1972/4342/196 1192/4341/196 1191/4344/196 1971/4343/196
f 1216/4345/200 1038/4346/200 1973/4347/200 1971/4348/200 1191/4349/200
f 1974/4347/201 1040/4346/201 1215/4345/201 1192/4349/201 1972/4348/201
usemtl solid_warm2
f 1976/4350/533 1977/4351/533 1036/4352/533 1046/4353/533 1975/4354/533
f 1035/4355/533 1036/4352/533 1977/4351/533 1978/4356/533
f 1980/4357/534 1226/4358/534 945/4359/534 1979/4360/534
f 945/4359/534 946/4361/534 1982/4362/534 1981/4363/534 1979/4360/534
f 1983/4364/535 941/4365/535 1157/4366/535 1156/4367/535 1070/4368/535 1068/4369/535 1177/4370/535 1175/4371/535 1027/4372/535 1977/4373/535 1976/4374/535
f 1978/4375/536 1977/4373/536 1027/4372/536 1028/4376/536
f 943/4377/537 941/4365/537 1983/4364/537 1981/4378/537 1982/4379/537
f 1975/4380/538 1046/4381/538 1045/4382/538 1049/4383/538 1075/4384/538 1073/4385/538 1057/4386/538 1058/4387/538 1103/4388/538 1101/4389/538 1149/4390/538 1151/4391/538 1229/4392/538 1226/4393/538 1980/4394/538
f 1020/4395/539 1015/4396/539 1003/4397/539 1006/4398/539
f 1985/4399/540 1174/4400/540 1020/4395/540 1006/4398/540 1984/4401/540
f 949/4402/534 950/4403/534 1987/4404/534 1986/4405/534
f 949/4402/534 1986/4405/534 1989/4406/534 1988/4407/534 1224/4408/534
f 948/4409/541 947/4410/541 1986/4411/541 1987/4412/541
f 947/4410/542 1225/4413/542 1227/4414/542 1158/4415/542 1159/4416/542 1095/4417/542 1096/4418/542 1080/4419/542 1079/4420/542 1083/4421/542 1081/4422/542 1091/4423/542 1174/4424/542 1985/4425/542 1989/4426/542 1986/4411/542
f 1984/4427/543 1006/4428/543 1133/4429/543 1130/4430/543 1128/4431/543 1161/4432/543 1162/4433/543 1199/4434/543 1197/4435/543 1224/4436/543 1988/4437/543
f 1988/4438/65 1989/4439/65 1985/4440/65 1984/4441/65
f 1980/4442/65 1979/4443/65 1981/4444/65 1983/4445/65 1976/4446/65 1975/4447/65
f 950/4448/116 948/4449/116 1987/4439/116
f 1035/4450/544 1978/4446/544 1028/4451/544
f 1015/4452/116 1005/4453/116 1003/4441/116
f 943/4445/116 1982/4444/116 946/4443/116
usemtl solid_neutral2
f 1991/4454/545 1147/4455/545 1146/4456/545 1990/4457/545
f 1993/4458/546 1228/4459/546 1230/4460/546 1992/4461/546
f 1230/4462/547 267/4463/547 265/4464/547 1995/4465/547 1994/4466/547 1992/4467/547
f 1994/4466/548 1995/4465/548 1231/4468/548 1150/4469/548 1147/4470/548 1991/4471/548
f 265/4464/537 307/4472/537 1231/4468/537 1995/4465/537
f 1209/4473/549 1207/4474/549 1997/4475/549 1996/4476/549
f 1999/4477/546 1206/4478/546 1208/4479/546 1998/4480/546
f 1208/4481/537 1209/4482/537 1996/4483/537 1998/4484/537
f 1997/4485/550 1207/4486/550 1206/4487/550 1999/4488/550
f 2001/4489/549 1108/4490/549 1100/4491/549 2000/4492/549
f 1099/4493/546 1106/4494/546 2003/4495/546 2002/4496/546
f 1106/4497/537 1108/4498/537 2001/4499/537 2003/4500/537
f 2000/4501/550 1100/4502/550 1099/4503/550 2002/4504/550
f 2005/4505/549 1121/4506/549 1119/4507/549 2004/4508/549
f 1117/4509/546 1107/4510/546 1105/4511/546 2007/4512/546 2006/4513/546
f 1105/4514/537 1121/4515/537 2005/4516/537 2007/4517/537
f 2004/4518/550 1119/4519/550 1117/4520/550 2006/4521/550
f 2009/4522/549 1061/4523/549 1125/4524/549 2008/4525/549
f 1122/4526/551 1120/4527/551 1060/4528/551 2011/4529/551 2010/4530/551
f 1060/4531/537 1061/4532/537 2009/4533/537 2011/4534/537
f 2008/4535/550 1125/4536/550 1122/4537/550 2010/4538/550
f 2013/4539/552 1181/4540/552 1088/4541/552 1086/4542/552 2012/4543/552
f 2015/4544/546 1143/4545/546 1180/4546/546 2014/4547/546
f 1180/4548/537 1181/4549/537 2013/4550/537 2014/4551/537
f 2012/4552/550 1086/4553/550 1143/4554/550 2015/4555/550
f 1990/4556/553 1146/4557/553 1160/4558/553 1228/4559/553 1993/4560/553
f 2017/4561/554 1127/4562/554 1094/4563/554 1082/4564/554 2016/4565/554
f 2019/4566/546 1084/4567/546 1087/4568/546 2018/4569/546
f 2018/4570/537 1087/4571/537 1127/4572/537 2017/4573/537
f 1082/4574/550 1084/4575/550 2019/4576/550 2016/4577/550
f 2021/4578/549 1050/4579/549 1048/4580/549 2020/4581/549
f 1093/4582/546 1074/4583/546 2023/4584/546 2022/4585/546
f 2023/4586/555 1074/4587/555 1076/4588/555 1050/4589/555 2021/4590/555
f 2020/4591/556 1048/4592/556 1092/4593/556 1093/4594/556 2022/4595/556
f 1996/4596/65 1997/4597/65 1999/4598/65 1998/4599/65
f 2013/4600/65 2012/4601/65 2015/4602/65 2014/4603/65
f 2019/4604/65 2018/4605/65 2017/4606/65 2016/4607/65
f 1994/4608/65 1991/4609/65 1990/4610/65 1993/4611/65 1992/4612/65
f 2022/4613/65 2023/4614/65 2021/4615/65 2020/4616/65
f 2007/4617/65 2005/4618/65 2004/4619/65 2006/4620/65
f 2001/4621/65 2000/4622/65 2002/4623/65 2003/4624/65
f 2011/4625/65 2009/4626/65 2008/4627/65 2010/4628/65
usemtl build3
f 759/4629/196 753/4630/196 754/4631/196 709/4632/196 710/4633/196 706/4634/196 704/4635/196 768/4636/196 772/4637/196
f 921/4638/201 767/4639/201 927/4640/201 923/4641/201
f 704/4642/201 705/4643/201 749/4644/201 750/4645/201 757/4646/201 700/4647/201 701/4648/201 763/4649/201 745/4650/201 927/4640/201 767/4639/201 768/4651/201
f 769/4652/196 770/4637/196 766/4636/196 764/4653/196 905/4654/196 906/4655/196
f 913/4656/57 773/4637/57 771/4652/57 912/4655/57
f 767/4636/57 921/4657/57 922/4654/57 765/4653/57
f 764/4658/201 765/4639/201 922/4638/201 905/4659/201
f 912/4638/200 771/4639/200 769/4658/200 906/4659/200
f 908/4660/196 907/4661/196 926/4662/196 936/4663/196 938/4664/196 933/4665/196 931/4666/196 917/4667/196
f 930/4665/57 937/4664/57 935/4663/57 691/4668/57 693/4669/57 929/4666/57
f 936/4670/201 926/4671/201 925/4672/201 691/4673/201 935/4674/201
f 940/4675/196 1113/4676/196 1112/4677/196 934/4678/196
f 1111/4677/57 1193/4676/57 939/4675/57 932/4678/57
f 1193/4679/201 1113/4680/201 940/4681/201 939/4682/201
f 934/4681/200 1112/4680/200 1111/4679/200 932/4682/200
f 773/4639/200 913/4638/200 915/4641/200 928/4640/200
f 719/4650/200 721/4683/200 739/4684/200 740/4685/200 759/4642/200 772/4651/200 773/4639/200 928/4640/200
f 917/4671/200 931/4670/200 929/4674/200 693/4673/200 916/4672/200
usemtl blackplate
f 2026/4686/65 2027/4687/65 2025/4688/65 2024/4689/65
f 2027/4690/557 2026/4691/557 761/4692/557 722/4693/557
f 737/4694/558 2024/4695/558 2025/4696/558 720/4697/558
f 761/4698/201 2026/4699/201 2024/4700/201 737/4701/201
f 2027/4699/200 722/4698/200 720/4701/200 2025/4700/200
usemtl build2
f 746/4702/559 901/4703/559 902/4704/559 744/4705/559
f 901/4706/283 746/4707/283 747/4708/283 909/4709/283
f 744/4710/560 902/4711/560 918/4712/560 743/4713/560
f 904/4714/559 903/4715/559 911/4716/559 694/4717/559 692/4718/559 920/4719/559
f 695/4720/283 694/4721/283 911/4722/283 910/4723/283
f 920/4724/560 692/4725/560 690/4726/560 919/4727/560
usemtl mbp_wall_white
f 2030/4728/65 2031/4729/65 2029/4730/65 2028/4731/65
f 2034/4732/65 2035/4733/65 2033/4734/65 2032/4735/65
f 2038/4736/65 2039/4737/65 2037/4738/65 2036/4739/65
f 2042/4740/65 2043/4741/65 2041/4742/65 2040/4743/65
usemtl edge_white2
f 1115/4744/57 1114/4745/57 1056/4746/57 2045/4747/57 2044/4748/57
f 2047/4747/196 1138/4746/196 1211/4744/196 2046/4748/196
f 1184/4749/561 2048/4750/561 2046/4751/561 1211/4752/561
f 2049/4753/562 1168/4754/562 1115/4755/562 2044/4756/562
f 1056/4757/563 1055/4758/563 2050/4759/563 2045/4760/563
f 2051/4761/564 1067/4762/564 1138/4763/564 2047/4764/564
f 1182/4744/57 1223/4746/57 2053/4747/57 2052/4748/57
f 2055/4747/196 1052/4746/196 1166/4744/196 2054/4748/196
f 1167/4765/561 2056/4766/561 2054/4767/561 1166/4768/561
f 2057/4769/562 1183/4770/562 1182/4771/562 2052/4772/562
f 2048/4773/200 1184/4774/200 1168/4775/200 2049/4776/200
f 2056/4777/200 1167/4778/200 1183/4779/200 2057/4780/200
f 1204/4781/563 1205/4782/563 2058/4783/563 2053/4784/563 1223/4785/563
f 2059/4786/564 1051/4787/564 1052/4788/564 2055/4789/564
f 2050/4790/201 1055/4791/201 1067/4792/201 2051/4793/201
f 2058/4794/201 1205/4795/201 1051/4796/201 2059/4797/201
f 2061/4798/57 1171/4799/57 1170/4800/57 2060/4801/57
f 1201/4800/196 1213/4799/196 2063/4798/196 2062/4801/196
f 1210/4802/561 2064/4803/561 2063/4804/561 1213/4805/561
f 2065/4806/562 1178/4807/562 1171/4808/562 2061/4809/562
f 2064/4810/200 1210/4811/200 1179/4812/200 1178/4813/200 2065/4814/200
f 1170/4815/563 1173/4816/563 2066/4817/563 2060/4818/563
f 1200/4819/564 1203/4820/564 1201/4821/564 2062/4822/564 2067/4823/564
f 2066/4824/201 1173/4825/201 1176/4826/201 1200/4827/201 2067/4828/201
f 1131/4829/561 2069/4830/561 2068/4831/561 1136/4832/561
f 2071/4833/562 1132/4834/562 1134/4835/562 2070/4836/562
f 2069/4837/200 1131/4838/200 1132/4839/200 2071/4840/200
f 1141/4841/563 2073/4842/563 2072/4843/563 1194/4844/563
f 2075/4845/564 1140/4846/564 1142/4847/564 2074/4848/564
f 2073/4849/201 1141/4850/201 1140/4851/201 2075/4852/201
f 1134/4853/57 1194/4854/57 2072/4855/57 2070/4856/57
f 2074/4855/196 1142/4854/196 1136/4853/196 2068/4856/196
f 2055/4857/65 2054/4858/65 2039/4859/65 2038/4860/65
f 2037/4861/65 2039/4862/65 2054/4863/65 2056/4864/65 2057/4865/65 2052/4866/65
f 2070/4867/65 2072/4868/65 2040/4869/65 2041/4870/65
f 2062/4871/65 2063/4872/65 2035/4873/65 2034/4874/65
f 2044/4875/65 2045/4876/65 2031/4877/65 2030/4878/65
f 2067/4879/65 2062/4880/65 2034/4881/65 2032/4882/65 2060/4883/65 2066/4884/65
f 2047/4885/65 2046/4886/65 2028/4887/65 2029/4888/65
f 2041/4889/65 2043/4890/65 2068/4891/65 2069/4892/65 2071/4893/65 2070/4894/65
f 2061/4895/65 2060/4896/65 2032/4897/65 2033/4898/65
f 2052/4899/65 2053/4900/65 2036/4901/65 2037/4902/65
f 2029/4903/65 2031/4904/65 2045/4905/65 2050/4906/65 2051/4907/65 2047/4908/65
f 2055/4909/65 2038/4910/65 2036/4911/65 2053/4912/65 2058/4913/65 2059/4914/65
f 2042/4915/65 2040/4916/65 2072/4917/65 2073/4918/65 2075/4919/65 2074/4920/65
f 2030/4921/65 2028/4922/65 2046/4923/65 2048/4924/65 2049/4925/65 2044/4926/65
f 2061/4927/65 2033/4928/65 2035/4929/65 2063/4930/65 2064/4931/65 2065/4932/65
f 2074/4933/65 2068/4934/65 2043/4935/65 2042/4936/65
o path
v 799.093750 -217.500000 -370.406250
v 799.093750 -217.500000 163.593750
v 799.093750 -217.500000 163.593750
l 2354 2355
l 2355 2356
